{
  "type": "FeatureCollection",
  "metadata": {
    "generated": 1789035169000,
    "url": "https://earthquake.usgs.gov/fdsnws/event/1/query?format=geojson&minmagnitude=5.0&minlatitude=6.0&maxlatitude=38.0&minlongitude=68.0&maxlongitude=98.0&starttime=2010-01-01T00%3A00%3A00Z&endtime=2025-12-31T23%3A59%3A59Z",
    "title": "USGS Earthquakes",
    "status": 200,
    "api": "2.7.0",
    "count": 802
  },
  "features": [
    {
      "type": "Feature",
      "properties": {
        "mag": 5.3,
        "place": "27 km NNE of Nahrīn, Afghanistan",
        "time": 1766122750142,
        "updated": 1773928564040,
        "tz": null,
        "url": "https://earthquake.usgs.gov/earthquakes/eventpage/us6000rvxc",
        "detail": "https://earthquake.usgs.gov/fdsnws/event/1/query?eventid=us6000rvxc&format=geojson",
        "felt": 2,
        "cdi": 2,
        "mmi": null,
        "alert": null,
        "status": "reviewed",
        "tsunami": 0,
        "sig": 433,
        "net": "us",
        "code": "6000rvxc",
        "ids": ",us6000rvxc,",
        "sources": ",us,",
        "types": ",dyfi,origin,phase-data,",
        "nst": 122,
        "dmin": 2.362,
        "rms": 0.85,
        "gap": 43,
        "magType": "mww",
        "type": "earthquake",
        "title": "M 5.3 - 27 km NNE of Nahrīn, Afghanistan"
      },
      "geometry": {
        "type": "Point",
        "coordinates": [
          69.2473,
          36.2913,
          35
        ]
      },
      "id": "us6000rvxc"
    },
    {
      "type": "Feature",
      "properties": {
        "mag": 5.1,
        "place": "western Xizang",
        "time": 1765454361849,
        "updated": 1773181116040,
        "tz": null,
        "url": "https://earthquake.usgs.gov/earthquakes/eventpage/us6000ru41",
        "detail": "https://earthquake.usgs.gov/fdsnws/event/1/query?eventid=us6000ru41&format=geojson",
        "felt": null,
        "cdi": null,
        "mmi": null,
        "alert": null,
        "status": "reviewed",
        "tsunami": 0,
        "sig": 400,
        "net": "us",
        "code": "6000ru41",
        "ids": ",us6000ru41,",
        "sources": ",us,",
        "types": ",origin,phase-data,",
        "nst": 92,
        "dmin": 3.864,
        "rms": 0.94,
        "gap": 79,
        "magType": "mb",
        "type": "earthquake",
        "title": "M 5.1 - western Xizang"
      },
      "geometry": {
        "type": "Point",
        "coordinates": [
          88.6555,
          32.9472,
          10
        ]
      },
      "id": "us6000ru41"
    },
    {
      "type": "Feature",
      "properties": {
        "mag": 5.3,
        "place": "269 km WSW of Dawei, Burma (Myanmar)",
        "time": 1763872762415,
        "updated": 1771603654040,
        "tz": null,
        "url": "https://earthquake.usgs.gov/earthquakes/eventpage/us6000rpwk",
        "detail": "https://earthquake.usgs.gov/fdsnws/event/1/query?eventid=us6000rpwk&format=geojson",
        "felt": 1,
        "cdi": 2,
        "mmi": null,
        "alert": null,
        "status": "reviewed",
        "tsunami": 0,
        "sig": 432,
        "net": "us",
        "code": "6000rpwk",
        "ids": ",us6000rpwk,usauto6000rpwk,",
        "sources": ",us,usauto,",
        "types": ",dyfi,internal-moment-tensor,moment-tensor,origin,phase-data,",
        "nst": 62,
        "dmin": 3.5,
        "rms": 1.07,
        "gap": 93,
        "magType": "mww",
        "type": "earthquake",
        "title": "M 5.3 - 269 km WSW of Dawei, Burma (Myanmar)"
      },
      "geometry": {
        "type": "Point",
        "coordinates": [
          95.8101,
          13.3595,
          10
        ]
      },
      "id": "us6000rpwk"
    },
    {
      "type": "Feature",
      "properties": {
        "mag": 5.4,
        "place": "14 km ESE of Tungi, Bangladesh",
        "time": 1763699908942,
        "updated": 1771603652040,
        "tz": null,
        "url": "https://earthquake.usgs.gov/earthquakes/eventpage/us6000rpht",
        "detail": "https://earthquake.usgs.gov/fdsnws/event/1/query?eventid=us6000rpht&format=geojson",
        "felt": 989,
        "cdi": 5.9,
        "mmi": 5.85,
        "alert": "yellow",
        "status": "reviewed",
        "tsunami": 0,
        "sig": 1234,
        "net": "us",
        "code": "6000rpht",
        "ids": ",us6000rpht,usauto6000rpht,",
        "sources": ",us,usauto,",
        "types": ",dyfi,general-text,ground-failure,impact-text,internal-moment-tensor,losspager,moment-tensor,oaf,origin,phase-data,shakemap,",
        "nst": 115,
        "dmin": 4.83,
        "rms": 0.89,
        "gap": 49,
        "magType": "mww",
        "type": "earthquake",
        "title": "M 5.4 - 14 km ESE of Tungi, Bangladesh"
      },
      "geometry": {
        "type": "Point",
        "coordinates": [
          90.5404,
          23.8578,
          27
        ]
      },
      "id": "us6000rpht"
    },
    {
      "type": "Feature",
      "properties": {
        "mag": 5.4,
        "place": "143 km NE of Port Blair, India",
        "time": 1762670311475,
        "updated": 1769724330040,
        "tz": null,
        "url": "https://earthquake.usgs.gov/earthquakes/eventpage/us6000rmdj",
        "detail": "https://earthquake.usgs.gov/fdsnws/event/1/query?eventid=us6000rmdj&format=geojson",
        "felt": 3,
        "cdi": 2.7,
        "mmi": 3.631,
        "alert": "green",
        "status": "reviewed",
        "tsunami": 0,
        "sig": 449,
        "net": "us",
        "code": "6000rmdj",
        "ids": ",us6000rmdj,usauto6000rmdj,pt25313000,",
        "sources": ",us,usauto,pt,",
        "types": ",dyfi,internal-moment-tensor,internal-origin,losspager,moment-tensor,origin,phase-data,shakemap,",
        "nst": 103,
        "dmin": 4.923,
        "rms": 0.78,
        "gap": 50,
        "magType": "mww",
        "type": "earthquake",
        "title": "M 5.4 - 143 km NE of Port Blair, India"
      },
      "geometry": {
        "type": "Point",
        "coordinates": [
          93.7511,
          12.4989,
          132.652
        ]
      },
      "id": "us6000rmdj"
    },
    {
      "type": "Feature",
      "properties": {
        "mag": 5,
        "place": "27 km NE of Rustāq, Afghanistan",
        "time": 1762023836053,
        "updated": 1769536744040,
        "tz": null,
        "url": "https://earthquake.usgs.gov/earthquakes/eventpage/us6000rkyf",
        "detail": "https://earthquake.usgs.gov/fdsnws/event/1/query?eventid=us6000rkyf&format=geojson",
        "felt": null,
        "cdi": null,
        "mmi": null,
        "alert": null,
        "status": "reviewed",
        "tsunami": 0,
        "sig": 385,
        "net": "us",
        "code": "6000rkyf",
        "ids": ",us6000rkyf,",
        "sources": ",us,",
        "types": ",origin,phase-data,",
        "nst": 80,
        "dmin": 1.487,
        "rms": 0.71,
        "gap": 58,
        "magType": "mb",
        "type": "earthquake",
        "title": "M 5.0 - 27 km NE of Rustāq, Afghanistan"
      },
      "geometry": {
        "type": "Point",
        "coordinates": [
          70.006,
          37.3274,
          10
        ]
      },
      "id": "us6000rkyf"
    },
    {
      "type": "Feature",
      "properties": {
        "mag": 5.1,
        "place": "34 km WSW of Ashkāsham, Afghanistan",
        "time": 1761070488925,
        "updated": 1767973123040,
        "tz": null,
        "url": "https://earthquake.usgs.gov/earthquakes/eventpage/us6000riia",
        "detail": "https://earthquake.usgs.gov/fdsnws/event/1/query?eventid=us6000riia&format=geojson",
        "felt": 4,
        "cdi": 2.5,
        "mmi": null,
        "alert": null,
        "status": "reviewed",
        "tsunami": 0,
        "sig": 401,
        "net": "us",
        "code": "6000riia",
        "ids": ",us6000riia,usauto6000riia,",
        "sources": ",us,usauto,",
        "types": ",dyfi,internal-moment-tensor,moment-tensor,origin,phase-data,",
        "nst": 131,
        "dmin": 2.589,
        "rms": 0.78,
        "gap": 29,
        "magType": "mww",
        "type": "earthquake",
        "title": "M 5.1 - 34 km WSW of Ashkāsham, Afghanistan"
      },
      "geometry": {
        "type": "Point",
        "coordinates": [
          71.1564,
          36.6073,
          237.514
        ]
      },
      "id": "us6000riia"
    },
    {
      "type": "Feature",
      "properties": {
        "mag": 5,
        "place": "50 km ESE of Khandūd, Afghanistan",
        "time": 1760882374282,
        "updated": 1767973121040,
        "tz": null,
        "url": "https://earthquake.usgs.gov/earthquakes/eventpage/us6000ri5v",
        "detail": "https://earthquake.usgs.gov/fdsnws/event/1/query?eventid=us6000ri5v&format=geojson",
        "felt": null,
        "cdi": null,
        "mmi": null,
        "alert": null,
        "status": "reviewed",
        "tsunami": 0,
        "sig": 385,
        "net": "us",
        "code": "6000ri5v",
        "ids": ",us6000ri5v,",
        "sources": ",us,",
        "types": ",origin,phase-data,",
        "nst": 59,
        "dmin": 1.483,
        "rms": 0.72,
        "gap": 98,
        "magType": "mb",
        "type": "earthquake",
        "title": "M 5.0 - 50 km ESE of Khandūd, Afghanistan"
      },
      "geometry": {
        "type": "Point",
        "coordinates": [
          72.8741,
          36.8602,
          10
        ]
      },
      "id": "us6000ri5v"
    },
    {
      "type": "Feature",
      "properties": {
        "mag": 5.5,
        "place": "48 km ESE of Khandūd, Afghanistan",
        "time": 1760703303739,
        "updated": 1767973119040,
        "tz": null,
        "url": "https://earthquake.usgs.gov/earthquakes/eventpage/us6000rhs3",
        "detail": "https://earthquake.usgs.gov/fdsnws/event/1/query?eventid=us6000rhs3&format=geojson",
        "felt": 1,
        "cdi": 2,
        "mmi": 6.406,
        "alert": "green",
        "status": "reviewed",
        "tsunami": 0,
        "sig": 466,
        "net": "us",
        "code": "6000rhs3",
        "ids": ",us6000rhs3,usauto6000rhs3,",
        "sources": ",us,usauto,",
        "types": ",dyfi,ground-failure,internal-moment-tensor,losspager,moment-tensor,origin,phase-data,shakemap,",
        "nst": 110,
        "dmin": 1.574,
        "rms": 0.94,
        "gap": 41,
        "magType": "mww",
        "type": "earthquake",
        "title": "M 5.5 - 48 km ESE of Khandūd, Afghanistan"
      },
      "geometry": {
        "type": "Point",
        "coordinates": [
          72.8064,
          36.7572,
          8
        ]
      },
      "id": "us6000rhs3"
    },
    {
      "type": "Feature",
      "properties": {
        "mag": 5,
        "place": "184 km N of Bamboo Flat, India",
        "time": 1760652623971,
        "updated": 1767973118040,
        "tz": null,
        "url": "https://earthquake.usgs.gov/earthquakes/eventpage/us6000rhnm",
        "detail": "https://earthquake.usgs.gov/fdsnws/event/1/query?eventid=us6000rhnm&format=geojson",
        "felt": 1,
        "cdi": 2.5,
        "mmi": null,
        "alert": null,
        "status": "reviewed",
        "tsunami": 0,
        "sig": 385,
        "net": "us",
        "code": "6000rhnm",
        "ids": ",us6000rhnm,",
        "sources": ",us,",
        "types": ",dyfi,origin,phase-data,",
        "nst": 89,
        "dmin": 4.921,
        "rms": 0.85,
        "gap": 65,
        "magType": "mb",
        "type": "earthquake",
        "title": "M 5.0 - 184 km N of Bamboo Flat, India"
      },
      "geometry": {
        "type": "Point",
        "coordinates": [
          92.5564,
          13.3577,
          15.163
        ]
      },
      "id": "us6000rhnm"
    },
    {
      "type": "Feature",
      "properties": {
        "mag": 5.1,
        "place": "20 km SSE of Yangī Qal‘ah, Afghanistan",
        "time": 1759836928903,
        "updated": 1766184622040,
        "tz": null,
        "url": "https://earthquake.usgs.gov/earthquakes/eventpage/us6000rfbw",
        "detail": "https://earthquake.usgs.gov/fdsnws/event/1/query?eventid=us6000rfbw&format=geojson",
        "felt": null,
        "cdi": null,
        "mmi": 5.99,
        "alert": "yellow",
        "status": "reviewed",
        "tsunami": 0,
        "sig": 650,
        "net": "us",
        "code": "6000rfbw",
        "ids": ",us6000rfbw,",
        "sources": ",us,",
        "types": ",ground-failure,losspager,origin,phase-data,shakemap,",
        "nst": 119,
        "dmin": 1.43,
        "rms": 0.59,
        "gap": 66,
        "magType": "mb",
        "type": "earthquake",
        "title": "M 5.1 - 20 km SSE of Yangī Qal‘ah, Afghanistan"
      },
      "geometry": {
        "type": "Point",
        "coordinates": [
          69.6738,
          37.2837,
          10
        ]
      },
      "id": "us6000rfbw"
    },
    {
      "type": "Feature",
      "properties": {
        "mag": 5.5,
        "place": "11 km ESE of Udalguri, India",
        "time": 1757848311373,
        "updated": 1764734310040,
        "tz": null,
        "url": "https://earthquake.usgs.gov/earthquakes/eventpage/us7000qw56",
        "detail": "https://earthquake.usgs.gov/fdsnws/event/1/query?eventid=us7000qw56&format=geojson",
        "felt": 120,
        "cdi": 6,
        "mmi": 6.215,
        "alert": "orange",
        "status": "reviewed",
        "tsunami": 0,
        "sig": 1072,
        "net": "us",
        "code": "7000qw56",
        "ids": ",us7000qw56,usauto7000qw56,",
        "sources": ",us,usauto,",
        "types": ",dyfi,ground-failure,impact-text,internal-moment-tensor,losspager,moment-tensor,origin,phase-data,shakemap,",
        "nst": 215,
        "dmin": 3.132,
        "rms": 0.81,
        "gap": 20,
        "magType": "mww",
        "type": "earthquake",
        "title": "M 5.5 - 11 km ESE of Udalguri, India"
      },
      "geometry": {
        "type": "Point",
        "coordinates": [
          92.2103,
          26.7097,
          29
        ]
      },
      "id": "us7000qw56"
    },
    {
      "type": "Feature",
      "properties": {
        "mag": 5,
        "place": "137 km N of Lobuche, Nepal",
        "time": 1757713330839,
        "updated": 1764734295040,
        "tz": null,
        "url": "https://earthquake.usgs.gov/earthquakes/eventpage/us7000qvtp",
        "detail": "https://earthquake.usgs.gov/fdsnws/event/1/query?eventid=us7000qvtp&format=geojson",
        "felt": null,
        "cdi": null,
        "mmi": null,
        "alert": null,
        "status": "reviewed",
        "tsunami": 0,
        "sig": 385,
        "net": "us",
        "code": "7000qvtp",
        "ids": ",us7000qvtp,",
        "sources": ",us,",
        "types": ",origin,phase-data,",
        "nst": 73,
        "dmin": 3.624,
        "rms": 0.75,
        "gap": 73,
        "magType": "mb",
        "type": "earthquake",
        "title": "M 5.0 - 137 km N of Lobuche, Nepal"
      },
      "geometry": {
        "type": "Point",
        "coordinates": [
          87.0157,
          29.1796,
          10
        ]
      },
      "id": "us7000qvtp"
    },
    {
      "type": "Feature",
      "properties": {
        "mag": 5.2,
        "place": "25 km ENE of Jalālābād, Afghanistan",
        "time": 1757093150466,
        "updated": 1764546009040,
        "tz": null,
        "url": "https://earthquake.usgs.gov/earthquakes/eventpage/us7000qu8p",
        "detail": "https://earthquake.usgs.gov/fdsnws/event/1/query?eventid=us7000qu8p&format=geojson",
        "felt": 2,
        "cdi": 2,
        "mmi": null,
        "alert": null,
        "status": "reviewed",
        "tsunami": 0,
        "sig": 416,
        "net": "us",
        "code": "7000qu8p",
        "ids": ",us7000qu8p,",
        "sources": ",us,",
        "types": ",dyfi,origin,phase-data,",
        "nst": 165,
        "dmin": 1.279,
        "rms": 0.97,
        "gap": 20,
        "magType": "mb",
        "type": "earthquake",
        "title": "M 5.2 - 25 km ENE of Jalālābād, Afghanistan"
      },
      "geometry": {
        "type": "Point",
        "coordinates": [
          70.6837,
          34.5525,
          10
        ]
      },
      "id": "us7000qu8p"
    },
    {
      "type": "Feature",
      "properties": {
        "mag": 5.3,
        "place": "31 km WSW of Asadābād, Afghanistan",
        "time": 1757035802494,
        "updated": 1764545999040,
        "tz": null,
        "url": "https://earthquake.usgs.gov/earthquakes/eventpage/us7000qtzt",
        "detail": "https://earthquake.usgs.gov/fdsnws/event/1/query?eventid=us7000qtzt&format=geojson",
        "felt": 1,
        "cdi": 2,
        "mmi": null,
        "alert": null,
        "status": "reviewed",
        "tsunami": 0,
        "sig": 432,
        "net": "us",
        "code": "7000qtzt",
        "ids": ",us7000qtzt,",
        "sources": ",us,",
        "types": ",dyfi,origin,phase-data,",
        "nst": 87,
        "dmin": 1.414,
        "rms": 0.64,
        "gap": 47,
        "magType": "mb",
        "type": "earthquake",
        "title": "M 5.3 - 31 km WSW of Asadābād, Afghanistan"
      },
      "geometry": {
        "type": "Point",
        "coordinates": [
          70.8104,
          34.8172,
          8.988
        ]
      },
      "id": "us7000qtzt"
    },
    {
      "type": "Feature",
      "properties": {
        "mag": 5.6,
        "place": "40 km WSW of Asadābād, Afghanistan",
        "time": 1757004986361,
        "updated": 1764545995040,
        "tz": null,
        "url": "https://earthquake.usgs.gov/earthquakes/eventpage/us7000qtst",
        "detail": "https://earthquake.usgs.gov/fdsnws/event/1/query?eventid=us7000qtst&format=geojson",
        "felt": 84,
        "cdi": 7.9,
        "mmi": 7.909,
        "alert": "red",
        "status": "reviewed",
        "tsunami": 0,
        "sig": 2066,
        "net": "us",
        "code": "7000qtst",
        "ids": ",us7000qtst,usauto7000qtst,",
        "sources": ",us,usauto,",
        "types": ",dyfi,ground-failure,impact-text,internal-moment-tensor,losspager,moment-tensor,origin,phase-data,shakemap,",
        "nst": 124,
        "dmin": 1.351,
        "rms": 0.81,
        "gap": 23,
        "magType": "mww",
        "type": "earthquake",
        "title": "M 5.6 - 40 km WSW of Asadābād, Afghanistan"
      },
      "geometry": {
        "type": "Point",
        "coordinates": [
          70.758,
          34.6972,
          16.505
        ]
      },
      "id": "us7000qtst"
    },
    {
      "type": "Feature",
      "properties": {
        "mag": 5.2,
        "place": "34 km NE of Jalālābād, Afghanistan",
        "time": 1756816178946,
        "updated": 1763589590040,
        "tz": null,
        "url": "https://earthquake.usgs.gov/earthquakes/eventpage/us7000qt8u",
        "detail": "https://earthquake.usgs.gov/fdsnws/event/1/query?eventid=us7000qt8u&format=geojson",
        "felt": 4,
        "cdi": 4.6,
        "mmi": null,
        "alert": null,
        "status": "reviewed",
        "tsunami": 0,
        "sig": 418,
        "net": "us",
        "code": "7000qt8u",
        "ids": ",us7000qt8u,",
        "sources": ",us,",
        "types": ",dyfi,impact-text,origin,phase-data,",
        "nst": 168,
        "dmin": 1.347,
        "rms": 0.88,
        "gap": 39,
        "magType": "mb",
        "type": "earthquake",
        "title": "M 5.2 - 34 km NE of Jalālābād, Afghanistan"
      },
      "geometry": {
        "type": "Point",
        "coordinates": [
          70.763,
          34.6057,
          10
        ]
      },
      "id": "us7000qt8u"
    },
    {
      "type": "Feature",
      "properties": {
        "mag": 5.2,
        "place": "41 km NE of Jalālābād, Afghanistan",
        "time": 1756683987869,
        "updated": 1763589587040,
        "tz": null,
        "url": "https://earthquake.usgs.gov/earthquakes/eventpage/us7000qsx4",
        "detail": "https://earthquake.usgs.gov/fdsnws/event/1/query?eventid=us7000qsx4&format=geojson",
        "felt": null,
        "cdi": null,
        "mmi": null,
        "alert": null,
        "status": "reviewed",
        "tsunami": 0,
        "sig": 416,
        "net": "us",
        "code": "7000qsx4",
        "ids": ",us7000qsx4,",
        "sources": ",us,",
        "types": ",origin,phase-data,",
        "nst": 107,
        "dmin": 1.336,
        "rms": 0.48,
        "gap": 39,
        "magType": "mb",
        "type": "earthquake",
        "title": "M 5.2 - 41 km NE of Jalālābād, Afghanistan"
      },
      "geometry": {
        "type": "Point",
        "coordinates": [
          70.7355,
          34.7164,
          8.457
        ]
      },
      "id": "us7000qsx4"
    },
    {
      "type": "Feature",
      "properties": {
        "mag": 5.2,
        "place": "38 km WSW of Asadābād, Afghanistan",
        "time": 1756676000052,
        "updated": 1763589587040,
        "tz": null,
        "url": "https://earthquake.usgs.gov/earthquakes/eventpage/us7000qswe",
        "detail": "https://earthquake.usgs.gov/fdsnws/event/1/query?eventid=us7000qswe&format=geojson",
        "felt": 1,
        "cdi": 3.8,
        "mmi": null,
        "alert": null,
        "status": "reviewed",
        "tsunami": 0,
        "sig": 416,
        "net": "us",
        "code": "7000qswe",
        "ids": ",us7000qswe,",
        "sources": ",us,",
        "types": ",dyfi,origin,phase-data,",
        "nst": 93,
        "dmin": 1.362,
        "rms": 0.57,
        "gap": 46,
        "magType": "mb",
        "type": "earthquake",
        "title": "M 5.2 - 38 km WSW of Asadābād, Afghanistan"
      },
      "geometry": {
        "type": "Point",
        "coordinates": [
          70.7649,
          34.7363,
          10
        ]
      },
      "id": "us7000qswe"
    },
    {
      "type": "Feature",
      "properties": {
        "mag": 6,
        "place": "35 km WSW of Asadābād, Afghanistan",
        "time": 1756667854124,
        "updated": 1788886686001,
        "tz": null,
        "url": "https://earthquake.usgs.gov/earthquakes/eventpage/us7000qsvj",
        "detail": "https://earthquake.usgs.gov/fdsnws/event/1/query?eventid=us7000qsvj&format=geojson",
        "felt": 169,
        "cdi": 8.8,
        "mmi": 9.393,
        "alert": "red",
        "status": "reviewed",
        "tsunami": 0,
        "sig": 2149,
        "net": "us",
        "code": "7000qsvj",
        "ids": ",us7000qsvj,usauto7000qsvj,pt25243000,at00t1vhlc,",
        "sources": ",us,usauto,pt,at,",
        "types": ",dyfi,event-sequence,general-text,ground-failure,impact-text,internal-moment-tensor,internal-origin,losspager,moment-tensor,oaf,origin,phase-data,shakemap,",
        "nst": 152,
        "dmin": 1.394,
        "rms": 0.68,
        "gap": 20,
        "magType": "mww",
        "type": "earthquake",
        "title": "M 6.0 - 35 km WSW of Asadābād, Afghanistan"
      },
      "geometry": {
        "type": "Point",
        "coordinates": [
          70.8087,
          34.7106,
          8
        ]
      },
      "id": "us7000qsvj"
    },
    {
      "type": "Feature",
      "properties": {
        "mag": 5.1,
        "place": "27 km SSW of Ashkāsham, Afghanistan",
        "time": 1756301231624,
        "updated": 1763589581040,
        "tz": null,
        "url": "https://earthquake.usgs.gov/earthquakes/eventpage/us7000qrab",
        "detail": "https://earthquake.usgs.gov/fdsnws/event/1/query?eventid=us7000qrab&format=geojson",
        "felt": 3,
        "cdi": 3.4,
        "mmi": null,
        "alert": null,
        "status": "reviewed",
        "tsunami": 0,
        "sig": 401,
        "net": "us",
        "code": "7000qrab",
        "ids": ",us7000qrab,usauto7000qrab,",
        "sources": ",us,usauto,",
        "types": ",dyfi,internal-moment-tensor,moment-tensor,origin,phase-data,",
        "nst": 147,
        "dmin": 2.041,
        "rms": 0.66,
        "gap": 35,
        "magType": "mww",
        "type": "earthquake",
        "title": "M 5.1 - 27 km SSW of Ashkāsham, Afghanistan"
      },
      "geometry": {
        "type": "Point",
        "coordinates": [
          71.3831,
          36.467,
          138.771
        ]
      },
      "id": "us7000qrab"
    },
    {
      "type": "Feature",
      "properties": {
        "mag": 5,
        "place": "western Xizang",
        "time": 1756239370377,
        "updated": 1762964745040,
        "tz": null,
        "url": "https://earthquake.usgs.gov/earthquakes/eventpage/us7000qr6d",
        "detail": "https://earthquake.usgs.gov/fdsnws/event/1/query?eventid=us7000qr6d&format=geojson",
        "felt": null,
        "cdi": null,
        "mmi": null,
        "alert": null,
        "status": "reviewed",
        "tsunami": 0,
        "sig": 385,
        "net": "us",
        "code": "7000qr6d",
        "ids": ",us7000qr6d,",
        "sources": ",us,",
        "types": ",origin,phase-data,",
        "nst": 81,
        "dmin": 4.068,
        "rms": 0.84,
        "gap": 84,
        "magType": "mb",
        "type": "earthquake",
        "title": "M 5.0 - western Xizang"
      },
      "geometry": {
        "type": "Point",
        "coordinates": [
          88.3561,
          33.0193,
          10
        ]
      },
      "id": "us7000qr6d"
    },
    {
      "type": "Feature",
      "properties": {
        "mag": 5.1,
        "place": "western Xizang",
        "time": 1756166638080,
        "updated": 1762964744040,
        "tz": null,
        "url": "https://earthquake.usgs.gov/earthquakes/eventpage/us7000qqxi",
        "detail": "https://earthquake.usgs.gov/fdsnws/event/1/query?eventid=us7000qqxi&format=geojson",
        "felt": null,
        "cdi": null,
        "mmi": null,
        "alert": null,
        "status": "reviewed",
        "tsunami": 0,
        "sig": 400,
        "net": "us",
        "code": "7000qqxi",
        "ids": ",us7000qqxi,",
        "sources": ",us,",
        "types": ",origin,phase-data,",
        "nst": 74,
        "dmin": 5.096,
        "rms": 0.78,
        "gap": 81,
        "magType": "mb",
        "type": "earthquake",
        "title": "M 5.1 - western Xizang"
      },
      "geometry": {
        "type": "Point",
        "coordinates": [
          87.7533,
          33.9261,
          10
        ]
      },
      "id": "us7000qqxi"
    },
    {
      "type": "Feature",
      "properties": {
        "mag": 5.3,
        "place": "30 km SSW of Mawlaik, Burma (Myanmar)",
        "time": 1755838574177,
        "updated": 1762964736040,
        "tz": null,
        "url": "https://earthquake.usgs.gov/earthquakes/eventpage/us6000r2z6",
        "detail": "https://earthquake.usgs.gov/fdsnws/event/1/query?eventid=us6000r2z6&format=geojson",
        "felt": null,
        "cdi": null,
        "mmi": null,
        "alert": null,
        "status": "reviewed",
        "tsunami": 0,
        "sig": 432,
        "net": "us",
        "code": "6000r2z6",
        "ids": ",us6000r2z6,",
        "sources": ",us,",
        "types": ",origin,phase-data,",
        "nst": 107,
        "dmin": 2.27,
        "rms": 1.1,
        "gap": 54,
        "magType": "mb",
        "type": "earthquake",
        "title": "M 5.3 - 30 km SSW of Mawlaik, Burma (Myanmar)"
      },
      "geometry": {
        "type": "Point",
        "coordinates": [
          94.2596,
          23.403,
          10
        ]
      },
      "id": "us6000r2z6"
    },
    {
      "type": "Feature",
      "properties": {
        "mag": 5.1,
        "place": "43 km S of Jurm, Afghanistan",
        "time": 1755580791712,
        "updated": 1762274639040,
        "tz": null,
        "url": "https://earthquake.usgs.gov/earthquakes/eventpage/us6000r1zv",
        "detail": "https://earthquake.usgs.gov/fdsnws/event/1/query?eventid=us6000r1zv&format=geojson",
        "felt": null,
        "cdi": null,
        "mmi": null,
        "alert": null,
        "status": "reviewed",
        "tsunami": 0,
        "sig": 400,
        "net": "us",
        "code": "6000r1zv",
        "ids": ",usauto6000r1zv,us6000r1zv,",
        "sources": ",usauto,us,",
        "types": ",internal-moment-tensor,moment-tensor,origin,phase-data,",
        "nst": 148,
        "dmin": 2.252,
        "rms": 0.85,
        "gap": 21,
        "magType": "mww",
        "type": "earthquake",
        "title": "M 5.1 - 43 km S of Jurm, Afghanistan"
      },
      "geometry": {
        "type": "Point",
        "coordinates": [
          70.8427,
          36.4758,
          203.997
        ]
      },
      "id": "us6000r1zv"
    },
    {
      "type": "Feature",
      "properties": {
        "mag": 5,
        "place": "60 km SSE of Farkhār, Afghanistan",
        "time": 1754082214937,
        "updated": 1760741502040,
        "tz": null,
        "url": "https://earthquake.usgs.gov/earthquakes/eventpage/us6000qxit",
        "detail": "https://earthquake.usgs.gov/fdsnws/event/1/query?eventid=us6000qxit&format=geojson",
        "felt": 26,
        "cdi": 4.6,
        "mmi": null,
        "alert": null,
        "status": "reviewed",
        "tsunami": 0,
        "sig": 397,
        "net": "us",
        "code": "6000qxit",
        "ids": ",us6000qxit,usauto6000qxit,",
        "sources": ",us,usauto,",
        "types": ",dyfi,internal-moment-tensor,moment-tensor,origin,phase-data,",
        "nst": 108,
        "dmin": 1.701,
        "rms": 0.82,
        "gap": 28,
        "magType": "mww",
        "type": "earthquake",
        "title": "M 5.0 - 60 km SSE of Farkhār, Afghanistan"
      },
      "geometry": {
        "type": "Point",
        "coordinates": [
          70.0486,
          36.0467,
          120.208
        ]
      },
      "id": "us6000qxit"
    },
    {
      "type": "Feature",
      "properties": {
        "mag": 5,
        "place": "287 km SSE of Port Blair, India",
        "time": 1753896063426,
        "updated": 1760741502040,
        "tz": null,
        "url": "https://earthquake.usgs.gov/earthquakes/eventpage/us6000r1fa",
        "detail": "https://earthquake.usgs.gov/fdsnws/event/1/query?eventid=us6000r1fa&format=geojson",
        "felt": null,
        "cdi": null,
        "mmi": null,
        "alert": null,
        "status": "reviewed",
        "tsunami": 0,
        "sig": 385,
        "net": "us",
        "code": "6000r1fa",
        "ids": ",us6000r1fa,",
        "sources": ",us,",
        "types": ",origin,phase-data,",
        "nst": 54,
        "dmin": 5.064,
        "rms": 0.91,
        "gap": 69,
        "magType": "mb",
        "type": "earthquake",
        "title": "M 5.0 - 287 km SSE of Port Blair, India"
      },
      "geometry": {
        "type": "Point",
        "coordinates": [
          93.9614,
          9.3633,
          40.127
        ]
      },
      "id": "us6000r1fa"
    },
    {
      "type": "Feature",
      "properties": {
        "mag": 5,
        "place": "288 km SSE of Port Blair, India",
        "time": 1753805494441,
        "updated": 1760216252040,
        "tz": null,
        "url": "https://earthquake.usgs.gov/earthquakes/eventpage/us6000qw06",
        "detail": "https://earthquake.usgs.gov/fdsnws/event/1/query?eventid=us6000qw06&format=geojson",
        "felt": null,
        "cdi": null,
        "mmi": null,
        "alert": null,
        "status": "reviewed",
        "tsunami": 0,
        "sig": 385,
        "net": "us",
        "code": "6000qw06",
        "ids": ",us6000qw06,",
        "sources": ",us,",
        "types": ",origin,phase-data,",
        "nst": 156,
        "dmin": 2.58,
        "rms": 0.56,
        "gap": 19,
        "magType": "mb",
        "type": "earthquake",
        "title": "M 5.0 - 288 km SSE of Port Blair, India"
      },
      "geometry": {
        "type": "Point",
        "coordinates": [
          93.9629,
          9.357,
          10
        ]
      },
      "id": "us6000qw06"
    },
    {
      "type": "Feature",
      "properties": {
        "mag": 6.4,
        "place": "264 km WNW of Sabang, Indonesia",
        "time": 1753728110299,
        "updated": 1760216248040,
        "tz": null,
        "url": "https://earthquake.usgs.gov/earthquakes/eventpage/us6000qvpp",
        "detail": "https://earthquake.usgs.gov/fdsnws/event/1/query?eventid=us6000qvpp&format=geojson",
        "felt": 24,
        "cdi": 3.4,
        "mmi": 4.757,
        "alert": "green",
        "status": "reviewed",
        "tsunami": 0,
        "sig": 638,
        "net": "us",
        "code": "6000qvpp",
        "ids": ",us6000qvpp,usauto6000qvpp,pt25209000,",
        "sources": ",us,usauto,pt,",
        "types": ",dyfi,ground-failure,internal-moment-tensor,internal-origin,losspager,moment-tensor,origin,phase-data,shakemap,",
        "nst": 124,
        "dmin": 4.126,
        "rms": 0.57,
        "gap": 62,
        "magType": "mww",
        "type": "earthquake",
        "title": "M 6.4 - 264 km WNW of Sabang, Indonesia"
      },
      "geometry": {
        "type": "Point",
        "coordinates": [
          93.0637,
          6.6907,
          21
        ]
      },
      "id": "us6000qvpp"
    },
    {
      "type": "Feature",
      "properties": {
        "mag": 5.1,
        "place": "28 km ENE of Shwebo, Burma (Myanmar)",
        "time": 1752831003349,
        "updated": 1759516953040,
        "tz": null,
        "url": "https://earthquake.usgs.gov/earthquakes/eventpage/us7000qddu",
        "detail": "https://earthquake.usgs.gov/fdsnws/event/1/query?eventid=us7000qddu&format=geojson",
        "felt": 4,
        "cdi": 4.3,
        "mmi": 6.768,
        "alert": "yellow",
        "status": "reviewed",
        "tsunami": 0,
        "sig": 652,
        "net": "us",
        "code": "7000qddu",
        "ids": ",us7000qddu,usauto7000qddu,",
        "sources": ",us,usauto,",
        "types": ",dyfi,ground-failure,internal-moment-tensor,losspager,moment-tensor,origin,phase-data,shakemap,",
        "nst": 111,
        "dmin": 1.749,
        "rms": 0.83,
        "gap": 58,
        "magType": "mww",
        "type": "earthquake",
        "title": "M 5.1 - 28 km ENE of Shwebo, Burma (Myanmar)"
      },
      "geometry": {
        "type": "Point",
        "coordinates": [
          95.9569,
          22.6707,
          10
        ]
      },
      "id": "us7000qddu"
    },
    {
      "type": "Feature",
      "properties": {
        "mag": 5.2,
        "place": "285 km SSE of Port Blair, India",
        "time": 1752412480966,
        "updated": 1764363979552,
        "tz": null,
        "url": "https://earthquake.usgs.gov/earthquakes/eventpage/us7000qcet",
        "detail": "https://earthquake.usgs.gov/fdsnws/event/1/query?eventid=us7000qcet&format=geojson",
        "felt": null,
        "cdi": null,
        "mmi": 3.347,
        "alert": "green",
        "status": "reviewed",
        "tsunami": 0,
        "sig": 416,
        "net": "us",
        "code": "7000qcet",
        "ids": ",us7000qcet,usauto7000qcet,",
        "sources": ",us,usauto,",
        "types": ",earthquake-name,internal-moment-tensor,losspager,moment-tensor,origin,phase-data,shakemap,",
        "nst": 110,
        "dmin": 5.699,
        "rms": 0.73,
        "gap": 29,
        "magType": "mww",
        "type": "earthquake",
        "title": "M 5.2 - 285 km SSE of Port Blair, India"
      },
      "geometry": {
        "type": "Point",
        "coordinates": [
          93.8813,
          9.3388,
          10.771
        ]
      },
      "id": "us7000qcet"
    },
    {
      "type": "Feature",
      "properties": {
        "mag": 5.1,
        "place": "287 km SSE of Port Blair, India",
        "time": 1751883362145,
        "updated": 1757694190040,
        "tz": null,
        "url": "https://earthquake.usgs.gov/earthquakes/eventpage/us7000qb4a",
        "detail": "https://earthquake.usgs.gov/fdsnws/event/1/query?eventid=us7000qb4a&format=geojson",
        "felt": null,
        "cdi": null,
        "mmi": null,
        "alert": null,
        "status": "reviewed",
        "tsunami": 0,
        "sig": 400,
        "net": "us",
        "code": "7000qb4a",
        "ids": ",usauto7000qb4a,us7000qb4a,",
        "sources": ",usauto,us,",
        "types": ",internal-moment-tensor,origin,phase-data,",
        "nst": 93,
        "dmin": 5.612,
        "rms": 0.99,
        "gap": 28,
        "magType": "mb",
        "type": "earthquake",
        "title": "M 5.1 - 287 km SSE of Port Blair, India"
      },
      "geometry": {
        "type": "Point",
        "coordinates": [
          93.9749,
          9.3716,
          10
        ]
      },
      "id": "us7000qb4a"
    },
    {
      "type": "Feature",
      "properties": {
        "mag": 5.5,
        "place": "50 km NNW of Sabang, Indonesia",
        "time": 1751744540755,
        "updated": 1757694189040,
        "tz": null,
        "url": "https://earthquake.usgs.gov/earthquakes/eventpage/us7000qavc",
        "detail": "https://earthquake.usgs.gov/fdsnws/event/1/query?eventid=us7000qavc&format=geojson",
        "felt": null,
        "cdi": null,
        "mmi": 4.146,
        "alert": "green",
        "status": "reviewed",
        "tsunami": 0,
        "sig": 465,
        "net": "us",
        "code": "7000qavc",
        "ids": ",usauto7000qavc,us7000qavc,",
        "sources": ",usauto,us,",
        "types": ",internal-moment-tensor,losspager,moment-tensor,origin,phase-data,shakemap,",
        "nst": 104,
        "dmin": 2.126,
        "rms": 0.93,
        "gap": 40,
        "magType": "mww",
        "type": "earthquake",
        "title": "M 5.5 - 50 km NNW of Sabang, Indonesia"
      },
      "geometry": {
        "type": "Point",
        "coordinates": [
          95.0881,
          6.2844,
          10
        ]
      },
      "id": "us7000qavc"
    },
    {
      "type": "Feature",
      "properties": {
        "mag": 5.2,
        "place": "42 km WNW of Sabang, Indonesia",
        "time": 1751607231401,
        "updated": 1757694187040,
        "tz": null,
        "url": "https://earthquake.usgs.gov/earthquakes/eventpage/us7000qal5",
        "detail": "https://earthquake.usgs.gov/fdsnws/event/1/query?eventid=us7000qal5&format=geojson",
        "felt": null,
        "cdi": null,
        "mmi": null,
        "alert": null,
        "status": "reviewed",
        "tsunami": 0,
        "sig": 416,
        "net": "us",
        "code": "7000qal5",
        "ids": ",usauto7000qal5,us7000qal5,",
        "sources": ",usauto,us,",
        "types": ",internal-moment-tensor,origin,phase-data,",
        "nst": 90,
        "dmin": 2.127,
        "rms": 0.77,
        "gap": 62,
        "magType": "mww",
        "type": "earthquake",
        "title": "M 5.2 - 42 km WNW of Sabang, Indonesia"
      },
      "geometry": {
        "type": "Point",
        "coordinates": [
          94.9874,
          6.0835,
          10
        ]
      },
      "id": "us7000qal5"
    },
    {
      "type": "Feature",
      "properties": {
        "mag": 5,
        "place": "283 km SSE of Port Blair, India",
        "time": 1751262741272,
        "updated": 1757018402040,
        "tz": null,
        "url": "https://earthquake.usgs.gov/earthquakes/eventpage/us7000q9p6",
        "detail": "https://earthquake.usgs.gov/fdsnws/event/1/query?eventid=us7000q9p6&format=geojson",
        "felt": null,
        "cdi": null,
        "mmi": null,
        "alert": null,
        "status": "reviewed",
        "tsunami": 0,
        "sig": 385,
        "net": "us",
        "code": "7000q9p6",
        "ids": ",us7000q9p6,",
        "sources": ",us,",
        "types": ",origin,phase-data,",
        "nst": 101,
        "dmin": 5.097,
        "rms": 0.56,
        "gap": 43,
        "magType": "mb",
        "type": "earthquake",
        "title": "M 5.0 - 283 km SSE of Port Blair, India"
      },
      "geometry": {
        "type": "Point",
        "coordinates": [
          93.9439,
          9.3928,
          10
        ]
      },
      "id": "us7000q9p6"
    },
    {
      "type": "Feature",
      "properties": {
        "mag": 5.2,
        "place": "56 km NNE of Barkhan, Pakistan",
        "time": 1751149440294,
        "updated": 1757018401040,
        "tz": null,
        "url": "https://earthquake.usgs.gov/earthquakes/eventpage/us7000q9f3",
        "detail": "https://earthquake.usgs.gov/fdsnws/event/1/query?eventid=us7000q9f3&format=geojson",
        "felt": 4,
        "cdi": 8.6,
        "mmi": 6.342,
        "alert": "green",
        "status": "reviewed",
        "tsunami": 0,
        "sig": 419,
        "net": "us",
        "code": "7000q9f3",
        "ids": ",us7000q9f3,usauto7000q9f3,",
        "sources": ",us,usauto,",
        "types": ",dyfi,ground-failure,impact-text,internal-moment-tensor,losspager,origin,phase-data,shakemap,",
        "nst": 107,
        "dmin": 4.191,
        "rms": 0.92,
        "gap": 72,
        "magType": "mww",
        "type": "earthquake",
        "title": "M 5.2 - 56 km NNE of Barkhan, Pakistan"
      },
      "geometry": {
        "type": "Point",
        "coordinates": [
          69.7968,
          30.3495,
          10
        ]
      },
      "id": "us7000q9f3"
    },
    {
      "type": "Feature",
      "properties": {
        "mag": 5.1,
        "place": "265 km SSE of Port Blair, India",
        "time": 1751036292410,
        "updated": 1757018400040,
        "tz": null,
        "url": "https://earthquake.usgs.gov/earthquakes/eventpage/us7000q938",
        "detail": "https://earthquake.usgs.gov/fdsnws/event/1/query?eventid=us7000q938&format=geojson",
        "felt": null,
        "cdi": null,
        "mmi": null,
        "alert": null,
        "status": "reviewed",
        "tsunami": 0,
        "sig": 400,
        "net": "us",
        "code": "7000q938",
        "ids": ",usauto7000q938,us7000q938,",
        "sources": ",usauto,us,",
        "types": ",internal-moment-tensor,origin,phase-data,",
        "nst": 103,
        "dmin": 5.264,
        "rms": 1.17,
        "gap": 36,
        "magType": "mww",
        "type": "earthquake",
        "title": "M 5.1 - 265 km SSE of Port Blair, India"
      },
      "geometry": {
        "type": "Point",
        "coordinates": [
          93.8546,
          9.5357,
          10
        ]
      },
      "id": "us7000q938"
    },
    {
      "type": "Feature",
      "properties": {
        "mag": 5.4,
        "place": "276 km SSE of Port Blair, India",
        "time": 1750815208230,
        "updated": 1757018397040,
        "tz": null,
        "url": "https://earthquake.usgs.gov/earthquakes/eventpage/us7000q8l7",
        "detail": "https://earthquake.usgs.gov/fdsnws/event/1/query?eventid=us7000q8l7&format=geojson",
        "felt": 1,
        "cdi": 2,
        "mmi": 3.67,
        "alert": "green",
        "status": "reviewed",
        "tsunami": 0,
        "sig": 449,
        "net": "us",
        "code": "7000q8l7",
        "ids": ",us7000q8l7,usauto7000q8l7,",
        "sources": ",us,usauto,",
        "types": ",dyfi,internal-moment-tensor,losspager,origin,phase-data,shakemap,",
        "nst": 150,
        "dmin": 5.162,
        "rms": 0.94,
        "gap": 45,
        "magType": "mww",
        "type": "earthquake",
        "title": "M 5.4 - 276 km SSE of Port Blair, India"
      },
      "geometry": {
        "type": "Point",
        "coordinates": [
          93.8934,
          9.4363,
          10
        ]
      },
      "id": "us7000q8l7"
    },
    {
      "type": "Feature",
      "properties": {
        "mag": 5.1,
        "place": "8 km SE of Moirāng, India",
        "time": 1748377468119,
        "updated": 1755098065040,
        "tz": null,
        "url": "https://earthquake.usgs.gov/earthquakes/eventpage/us6000qg9r",
        "detail": "https://earthquake.usgs.gov/fdsnws/event/1/query?eventid=us6000qg9r&format=geojson",
        "felt": 47,
        "cdi": 5,
        "mmi": null,
        "alert": null,
        "status": "reviewed",
        "tsunami": 0,
        "sig": 424,
        "net": "us",
        "code": "6000qg9r",
        "ids": ",us6000qg9r,usauto6000qg9r,",
        "sources": ",us,usauto,",
        "types": ",dyfi,internal-moment-tensor,origin,phase-data,",
        "nst": 111,
        "dmin": 5.768,
        "rms": 0.82,
        "gap": 27,
        "magType": "mww",
        "type": "earthquake",
        "title": "M 5.1 - 8 km SE of Moirāng, India"
      },
      "geometry": {
        "type": "Point",
        "coordinates": [
          93.8427,
          24.4467,
          49.996
        ]
      },
      "id": "us6000qg9r"
    },
    {
      "type": "Feature",
      "properties": {
        "mag": 5.1,
        "place": "22 km SSW of Kyaukse, Burma (Myanmar)",
        "time": 1747497287188,
        "updated": 1753463178040,
        "tz": null,
        "url": "https://earthquake.usgs.gov/earthquakes/eventpage/us7000pzv3",
        "detail": "https://earthquake.usgs.gov/fdsnws/event/1/query?eventid=us7000pzv3&format=geojson",
        "felt": 7,
        "cdi": 5.7,
        "mmi": null,
        "alert": null,
        "status": "reviewed",
        "tsunami": 0,
        "sig": 404,
        "net": "us",
        "code": "7000pzv3",
        "ids": ",us7000pzv3,usauto7000pzv3,",
        "sources": ",us,usauto,",
        "types": ",dyfi,impact-text,internal-moment-tensor,moment-tensor,origin,phase-data,",
        "nst": 241,
        "dmin": 1.084,
        "rms": 0.53,
        "gap": 25,
        "magType": "mww",
        "type": "earthquake",
        "title": "M 5.1 - 22 km SSW of Kyaukse, Burma (Myanmar)"
      },
      "geometry": {
        "type": "Point",
        "coordinates": [
          96.0564,
          21.4196,
          10
        ]
      },
      "id": "us7000pzv3"
    },
    {
      "type": "Feature",
      "properties": {
        "mag": 5.5,
        "place": "126 km W of Rikaze, China",
        "time": 1746997882060,
        "updated": 1753392614040,
        "tz": null,
        "url": "https://earthquake.usgs.gov/earthquakes/eventpage/us7000pyq7",
        "detail": "https://earthquake.usgs.gov/fdsnws/event/1/query?eventid=us7000pyq7&format=geojson",
        "felt": 17,
        "cdi": 7.9,
        "mmi": 7.955,
        "alert": "yellow",
        "status": "reviewed",
        "tsunami": 0,
        "sig": 663,
        "net": "us",
        "code": "7000pyq7",
        "ids": ",us7000pyq7,usauto7000pyq7,",
        "sources": ",us,usauto,",
        "types": ",dyfi,ground-failure,impact-text,internal-moment-tensor,losspager,moment-tensor,origin,phase-data,shakemap,",
        "nst": 151,
        "dmin": 2.401,
        "rms": 0.67,
        "gap": 22,
        "magType": "mww",
        "type": "earthquake",
        "title": "M 5.5 - 126 km W of Rikaze, China"
      },
      "geometry": {
        "type": "Point",
        "coordinates": [
          87.6068,
          29.0536,
          9
        ]
      },
      "id": "us7000pyq7"
    },
    {
      "type": "Feature",
      "properties": {
        "mag": 5,
        "place": "western Xizang",
        "time": 1745914643297,
        "updated": 1752248783040,
        "tz": null,
        "url": "https://earthquake.usgs.gov/earthquakes/eventpage/us7000pvry",
        "detail": "https://earthquake.usgs.gov/fdsnws/event/1/query?eventid=us7000pvry&format=geojson",
        "felt": 1,
        "cdi": 2,
        "mmi": null,
        "alert": null,
        "status": "reviewed",
        "tsunami": 0,
        "sig": 385,
        "net": "us",
        "code": "7000pvry",
        "ids": ",us7000pvry,",
        "sources": ",us,",
        "types": ",dyfi,origin,phase-data,",
        "nst": 125,
        "dmin": 7.93,
        "rms": 1.15,
        "gap": 47,
        "magType": "mww",
        "type": "earthquake",
        "title": "M 5.0 - western Xizang"
      },
      "geometry": {
        "type": "Point",
        "coordinates": [
          81.8287,
          33.4369,
          10
        ]
      },
      "id": "us7000pvry"
    },
    {
      "type": "Feature",
      "properties": {
        "mag": 5.7,
        "place": "58 km SSW of Ashkāsham, Afghanistan",
        "time": 1745045275932,
        "updated": 1750984470040,
        "tz": null,
        "url": "https://earthquake.usgs.gov/earthquakes/eventpage/us6000q76g",
        "detail": "https://earthquake.usgs.gov/fdsnws/event/1/query?eventid=us6000q76g&format=geojson",
        "felt": 20,
        "cdi": 4.6,
        "mmi": 3.851,
        "alert": "green",
        "status": "reviewed",
        "tsunami": 0,
        "sig": 509,
        "net": "us",
        "code": "6000q76g",
        "ids": ",us6000q76g,usauto6000q76g,pt25109000,",
        "sources": ",us,usauto,pt,",
        "types": ",dyfi,internal-moment-tensor,internal-origin,losspager,moment-tensor,origin,phase-data,shakemap,",
        "nst": 178,
        "dmin": 2.316,
        "rms": 0.82,
        "gap": 23,
        "magType": "mww",
        "type": "earthquake",
        "title": "M 5.7 - 58 km SSW of Ashkāsham, Afghanistan"
      },
      "geometry": {
        "type": "Point",
        "coordinates": [
          71.2246,
          36.2223,
          98
        ]
      },
      "id": "us6000q76g"
    },
    {
      "type": "Feature",
      "properties": {
        "mag": 5.6,
        "place": "66 km NNW of Pārūn, Afghanistan",
        "time": 1744758839048,
        "updated": 1749925604040,
        "tz": null,
        "url": "https://earthquake.usgs.gov/earthquakes/eventpage/us6000q6c3",
        "detail": "https://earthquake.usgs.gov/fdsnws/event/1/query?eventid=us6000q6c3&format=geojson",
        "felt": 115,
        "cdi": 5,
        "mmi": 3.87,
        "alert": "green",
        "status": "reviewed",
        "tsunami": 0,
        "sig": 540,
        "net": "us",
        "code": "6000q6c3",
        "ids": ",us6000q6c3,usauto6000q6c3,pt25105001,",
        "sources": ",us,usauto,pt,",
        "types": ",dyfi,internal-moment-tensor,internal-origin,losspager,moment-tensor,origin,phase-data,shakemap,",
        "nst": 119,
        "dmin": 1.856,
        "rms": 0.56,
        "gap": 21,
        "magType": "mww",
        "type": "earthquake",
        "title": "M 5.6 - 66 km NNW of Pārūn, Afghanistan"
      },
      "geometry": {
        "type": "Point",
        "coordinates": [
          70.5792,
          35.9493,
          99
        ]
      },
      "id": "us6000q6c3"
    },
    {
      "type": "Feature",
      "properties": {
        "mag": 5.3,
        "place": "41 km S of Kyaukse, Burma (Myanmar)",
        "time": 1744511097717,
        "updated": 1749925597040,
        "tz": null,
        "url": "https://earthquake.usgs.gov/earthquakes/eventpage/us6000q5ps",
        "detail": "https://earthquake.usgs.gov/fdsnws/event/1/query?eventid=us6000q5ps&format=geojson",
        "felt": 28,
        "cdi": 8.3,
        "mmi": 8.086,
        "alert": "orange",
        "status": "reviewed",
        "tsunami": 0,
        "sig": 1023,
        "net": "us",
        "code": "6000q5ps",
        "ids": ",us6000q5ps,usauto6000q5ps,",
        "sources": ",us,usauto,",
        "types": ",dyfi,ground-failure,impact-text,internal-moment-tensor,losspager,moment-tensor,origin,phase-data,shakemap,",
        "nst": 104,
        "dmin": 0.994,
        "rms": 0.74,
        "gap": 32,
        "magType": "mww",
        "type": "earthquake",
        "title": "M 5.3 - 41 km S of Kyaukse, Burma (Myanmar)"
      },
      "geometry": {
        "type": "Point",
        "coordinates": [
          96.0897,
          21.2292,
          10
        ]
      },
      "id": "us6000q5ps"
    },
    {
      "type": "Feature",
      "properties": {
        "mag": 5.1,
        "place": "8 km SW of Nay Pyi Taw, Burma (Myanmar)",
        "time": 1743240048229,
        "updated": 1749244347040,
        "tz": null,
        "url": "https://earthquake.usgs.gov/earthquakes/eventpage/us7000pnkj",
        "detail": "https://earthquake.usgs.gov/fdsnws/event/1/query?eventid=us7000pnkj&format=geojson",
        "felt": 11,
        "cdi": 4.4,
        "mmi": null,
        "alert": null,
        "status": "reviewed",
        "tsunami": 0,
        "sig": 405,
        "net": "us",
        "code": "7000pnkj",
        "ids": ",us7000pnkj,",
        "sources": ",us,",
        "types": ",dyfi,origin,phase-data,",
        "nst": 84,
        "dmin": 2.974,
        "rms": 0.67,
        "gap": 59,
        "magType": "mb",
        "type": "earthquake",
        "title": "M 5.1 - 8 km SW of Nay Pyi Taw, Burma (Myanmar)"
      },
      "geometry": {
        "type": "Point",
        "coordinates": [
          96.0761,
          19.6858,
          10
        ]
      },
      "id": "us7000pnkj"
    },
    {
      "type": "Feature",
      "properties": {
        "mag": 6.7,
        "place": "Burma (Myanmar)",
        "time": 1743143524777,
        "updated": 1752679090885,
        "tz": null,
        "url": "https://earthquake.usgs.gov/earthquakes/eventpage/us7000pn9z",
        "detail": "https://earthquake.usgs.gov/fdsnws/event/1/query?eventid=us7000pn9z&format=geojson",
        "felt": 115,
        "cdi": 9.1,
        "mmi": 8.978,
        "alert": "red",
        "status": "reviewed",
        "tsunami": 0,
        "sig": 2105,
        "net": "us",
        "code": "7000pn9z",
        "ids": ",us7000pn9z,",
        "sources": ",us,",
        "types": ",dyfi,earthquake-name,ground-failure,impact-text,losspager,moment-tensor,origin,phase-data,shakemap,",
        "nst": 106,
        "dmin": 4.266,
        "rms": 0.75,
        "gap": 41,
        "magType": "mww",
        "type": "earthquake",
        "title": "M 6.7 - Burma (Myanmar)"
      },
      "geometry": {
        "type": "Point",
        "coordinates": [
          95.969,
          21.6975,
          10
        ]
      },
      "id": "us7000pn9z"
    },
    {
      "type": "Feature",
      "properties": {
        "mag": 7.7,
        "place": "2025 Mandalay, Burma (Myanmar) Earthquake",
        "time": 1743142852715,
        "updated": 1784316811066,
        "tz": null,
        "url": "https://earthquake.usgs.gov/earthquakes/eventpage/us7000pn9s",
        "detail": "https://earthquake.usgs.gov/fdsnws/event/1/query?eventid=us7000pn9s&format=geojson",
        "felt": 2545,
        "cdi": 9.1,
        "mmi": 9.953,
        "alert": "red",
        "status": "reviewed",
        "tsunami": 0,
        "sig": 2910,
        "net": "us",
        "code": "7000pn9s",
        "ids": ",us7000pn9s,usauto7000pn9s,pt25087002,at00sttln4,",
        "sources": ",us,usauto,pt,at,",
        "types": ",dyfi,earthquake-name,event-sequence,finite-fault,general-text,ground-failure,impact-text,internal-moment-tensor,internal-origin,losspager,moment-tensor,oaf,origin,phase-data,shakemap,",
        "nst": 246,
        "dmin": 3.474,
        "rms": 0.89,
        "gap": 24,
        "magType": "mww",
        "type": "earthquake",
        "title": "M 7.7 - 2025 Mandalay, Burma (Myanmar) Earthquake"
      },
      "geometry": {
        "type": "Point",
        "coordinates": [
          95.9363,
          22.011,
          10
        ]
      },
      "id": "us7000pn9s"
    },
    {
      "type": "Feature",
      "properties": {
        "mag": 5.1,
        "place": "200 km SSE of Port Blair, India",
        "time": 1742790569100,
        "updated": 1748540190040,
        "tz": null,
        "url": "https://earthquake.usgs.gov/earthquakes/eventpage/us7000pm5g",
        "detail": "https://earthquake.usgs.gov/fdsnws/event/1/query?eventid=us7000pm5g&format=geojson",
        "felt": 1,
        "cdi": 2,
        "mmi": null,
        "alert": null,
        "status": "reviewed",
        "tsunami": 0,
        "sig": 400,
        "net": "us",
        "code": "7000pm5g",
        "ids": ",us7000pm5g,usauto7000pm5g,",
        "sources": ",us,usauto,",
        "types": ",dyfi,internal-moment-tensor,origin,phase-data,",
        "nst": 154,
        "dmin": 1.798,
        "rms": 0.62,
        "gap": 35,
        "magType": "mww",
        "type": "earthquake",
        "title": "M 5.1 - 200 km SSE of Port Blair, India"
      },
      "geometry": {
        "type": "Point",
        "coordinates": [
          93.7118,
          10.1202,
          10
        ]
      },
      "id": "us7000pm5g"
    },
    {
      "type": "Feature",
      "properties": {
        "mag": 5.1,
        "place": "83 km ESE of Wāngjing, India",
        "time": 1742284140454,
        "updated": 1747509600040,
        "tz": null,
        "url": "https://earthquake.usgs.gov/earthquakes/eventpage/us6000pzix",
        "detail": "https://earthquake.usgs.gov/fdsnws/event/1/query?eventid=us6000pzix&format=geojson",
        "felt": 3,
        "cdi": 2.2,
        "mmi": null,
        "alert": null,
        "status": "reviewed",
        "tsunami": 0,
        "sig": 401,
        "net": "us",
        "code": "6000pzix",
        "ids": ",us6000pzix,usauto6000pzix,",
        "sources": ",us,usauto,",
        "types": ",dyfi,internal-moment-tensor,origin,phase-data,",
        "nst": 106,
        "dmin": 3.09,
        "rms": 0.64,
        "gap": 24,
        "magType": "mww",
        "type": "earthquake",
        "title": "M 5.1 - 83 km ESE of Wāngjing, India"
      },
      "geometry": {
        "type": "Point",
        "coordinates": [
          94.8302,
          24.3088,
          118.337
        ]
      },
      "id": "us6000pzix"
    },
    {
      "type": "Feature",
      "properties": {
        "mag": 5.1,
        "place": "50 km SSW of Padam, India",
        "time": 1741900805314,
        "updated": 1747509597040,
        "tz": null,
        "url": "https://earthquake.usgs.gov/earthquakes/eventpage/us6000pyp3",
        "detail": "https://earthquake.usgs.gov/fdsnws/event/1/query?eventid=us6000pyp3&format=geojson",
        "felt": 57,
        "cdi": 5.4,
        "mmi": null,
        "alert": null,
        "status": "reviewed",
        "tsunami": 0,
        "sig": 431,
        "net": "us",
        "code": "6000pyp3",
        "ids": ",us6000pyp3,",
        "sources": ",us,",
        "types": ",dyfi,origin,phase-data,",
        "nst": 107,
        "dmin": 5.607,
        "rms": 0.56,
        "gap": 44,
        "magType": "mww",
        "type": "earthquake",
        "title": "M 5.1 - 50 km SSW of Padam, India"
      },
      "geometry": {
        "type": "Point",
        "coordinates": [
          76.6596,
          33.0503,
          10
        ]
      },
      "id": "us6000pyp3"
    },
    {
      "type": "Feature",
      "properties": {
        "mag": 6,
        "place": "Nicobar Islands, India region",
        "time": 1741758131676,
        "updated": 1747509596040,
        "tz": null,
        "url": "https://earthquake.usgs.gov/earthquakes/eventpage/us6000py97",
        "detail": "https://earthquake.usgs.gov/fdsnws/event/1/query?eventid=us6000py97&format=geojson",
        "felt": null,
        "cdi": null,
        "mmi": 3.876,
        "alert": "green",
        "status": "reviewed",
        "tsunami": 0,
        "sig": 554,
        "net": "us",
        "code": "6000py97",
        "ids": ",us6000py97,usauto6000py97,pt25071000,at00sszx6b,",
        "sources": ",us,usauto,pt,at,",
        "types": ",ground-failure,internal-moment-tensor,internal-origin,losspager,moment-tensor,origin,phase-data,shakemap,",
        "nst": 139,
        "dmin": 4.659,
        "rms": 1,
        "gap": 41,
        "magType": "mww",
        "type": "earthquake",
        "title": "M 6.0 - Nicobar Islands, India region"
      },
      "geometry": {
        "type": "Point",
        "coordinates": [
          92.5548,
          6.9701,
          23
        ]
      },
      "id": "us6000py97"
    },
    {
      "type": "Feature",
      "properties": {
        "mag": 5,
        "place": "100 km NE of Lobuche, Nepal",
        "time": 1741423817952,
        "updated": 1747416603040,
        "tz": null,
        "url": "https://earthquake.usgs.gov/earthquakes/eventpage/us6000pxlv",
        "detail": "https://earthquake.usgs.gov/fdsnws/event/1/query?eventid=us6000pxlv&format=geojson",
        "felt": 4,
        "cdi": 3.1,
        "mmi": null,
        "alert": null,
        "status": "reviewed",
        "tsunami": 0,
        "sig": 386,
        "net": "us",
        "code": "6000pxlv",
        "ids": ",us6000pxlv,",
        "sources": ",us,",
        "types": ",dyfi,origin,phase-data,",
        "nst": 94,
        "dmin": 2.148,
        "rms": 0.67,
        "gap": 41,
        "magType": "mww",
        "type": "earthquake",
        "title": "M 5.0 - 100 km NE of Lobuche, Nepal"
      },
      "geometry": {
        "type": "Point",
        "coordinates": [
          87.5508,
          28.5719,
          10
        ]
      },
      "id": "us6000pxlv"
    },
    {
      "type": "Feature",
      "properties": {
        "mag": 5.4,
        "place": "64 km E of Wāngjing, India",
        "time": 1741152995568,
        "updated": 1747416601040,
        "tz": null,
        "url": "https://earthquake.usgs.gov/earthquakes/eventpage/us6000pwz6",
        "detail": "https://earthquake.usgs.gov/fdsnws/event/1/query?eventid=us6000pwz6&format=geojson",
        "felt": 22,
        "cdi": 4.6,
        "mmi": 4.259,
        "alert": "green",
        "status": "reviewed",
        "tsunami": 0,
        "sig": 459,
        "net": "us",
        "code": "6000pwz6",
        "ids": ",us6000pwz6,usauto6000pwz6,",
        "sources": ",us,usauto,",
        "types": ",dyfi,ground-failure,internal-moment-tensor,losspager,moment-tensor,origin,phase-data,shakemap,",
        "nst": 133,
        "dmin": 3.334,
        "rms": 0.7,
        "gap": 43,
        "magType": "mww",
        "type": "earthquake",
        "title": "M 5.4 - 64 km E of Wāngjing, India"
      },
      "geometry": {
        "type": "Point",
        "coordinates": [
          94.6954,
          24.5491,
          88.157
        ]
      },
      "id": "us6000pwz6"
    },
    {
      "type": "Feature",
      "properties": {
        "mag": 5.1,
        "place": "15 km S of Nyaungdon, Burma (Myanmar)",
        "time": 1741126003695,
        "updated": 1746732287040,
        "tz": null,
        "url": "https://earthquake.usgs.gov/earthquakes/eventpage/us6000pwx1",
        "detail": "https://earthquake.usgs.gov/fdsnws/event/1/query?eventid=us6000pwx1&format=geojson",
        "felt": 22,
        "cdi": 6.1,
        "mmi": null,
        "alert": null,
        "status": "reviewed",
        "tsunami": 0,
        "sig": 414,
        "net": "us",
        "code": "6000pwx1",
        "ids": ",us6000pwx1,usauto6000pwx1,",
        "sources": ",us,usauto,",
        "types": ",dyfi,impact-text,internal-moment-tensor,moment-tensor,origin,phase-data,",
        "nst": 87,
        "dmin": 3.522,
        "rms": 0.59,
        "gap": 80,
        "magType": "mww",
        "type": "earthquake",
        "title": "M 5.1 - 15 km S of Nyaungdon, Burma (Myanmar)"
      },
      "geometry": {
        "type": "Point",
        "coordinates": [
          95.623,
          16.9032,
          10
        ]
      },
      "id": "us6000pwx1"
    },
    {
      "type": "Feature",
      "properties": {
        "mag": 5,
        "place": "11 km SSW of Kodāri̇̄, Nepal",
        "time": 1740690370378,
        "updated": 1746732282040,
        "tz": null,
        "url": "https://earthquake.usgs.gov/earthquakes/eventpage/us6000pvwf",
        "detail": "https://earthquake.usgs.gov/fdsnws/event/1/query?eventid=us6000pvwf&format=geojson",
        "felt": 320,
        "cdi": 6.4,
        "mmi": 5.672,
        "alert": "green",
        "status": "reviewed",
        "tsunami": 0,
        "sig": 589,
        "net": "us",
        "code": "6000pvwf",
        "ids": ",us6000pvwf,",
        "sources": ",us,",
        "types": ",dyfi,ground-failure,impact-text,losspager,origin,phase-data,shakemap,",
        "nst": 98,
        "dmin": 0.574,
        "rms": 0.77,
        "gap": 26,
        "magType": "mww",
        "type": "earthquake",
        "title": "M 5.0 - 11 km SSW of Kodāri̇̄, Nepal"
      },
      "geometry": {
        "type": "Point",
        "coordinates": [
          85.9232,
          27.8626,
          10
        ]
      },
      "id": "us6000pvwf"
    },
    {
      "type": "Feature",
      "properties": {
        "mag": 5.3,
        "place": "5 km N of Morigaon, India",
        "time": 1740603336821,
        "updated": 1746732281040,
        "tz": null,
        "url": "https://earthquake.usgs.gov/earthquakes/eventpage/us6000pvpc",
        "detail": "https://earthquake.usgs.gov/fdsnws/event/1/query?eventid=us6000pvpc&format=geojson",
        "felt": 139,
        "cdi": 5.7,
        "mmi": null,
        "alert": null,
        "status": "reviewed",
        "tsunami": 0,
        "sig": 511,
        "net": "us",
        "code": "6000pvpc",
        "ids": ",us6000pvpc,",
        "sources": ",us,",
        "types": ",dyfi,origin,phase-data,",
        "nst": 117,
        "dmin": 3.556,
        "rms": 0.66,
        "gap": 71,
        "magType": "mb",
        "type": "earthquake",
        "title": "M 5.3 - 5 km N of Morigaon, India"
      },
      "geometry": {
        "type": "Point",
        "coordinates": [
          92.3408,
          26.3002,
          10
        ]
      },
      "id": "us6000pvpc"
    },
    {
      "type": "Feature",
      "properties": {
        "mag": 5.1,
        "place": "224 km ESE of Parādīp Garh, India",
        "time": 1740444020779,
        "updated": 1763701652284,
        "tz": null,
        "url": "https://earthquake.usgs.gov/earthquakes/eventpage/us6000pv8n",
        "detail": "https://earthquake.usgs.gov/fdsnws/event/1/query?eventid=us6000pv8n&format=geojson",
        "felt": 20,
        "cdi": 3.2,
        "mmi": null,
        "alert": null,
        "status": "reviewed",
        "tsunami": 0,
        "sig": 407,
        "net": "us",
        "code": "6000pv8n",
        "ids": ",us6000pv8n,",
        "sources": ",us,",
        "types": ",dyfi,origin,phase-data,",
        "nst": 130,
        "dmin": 6.35,
        "rms": 0.85,
        "gap": 95,
        "magType": "mww",
        "type": "earthquake",
        "title": "M 5.1 - 224 km ESE of Parādīp Garh, India"
      },
      "geometry": {
        "type": "Point",
        "coordinates": [
          88.4613,
          19.2977,
          10
        ]
      },
      "id": "us6000pv8n"
    },
    {
      "type": "Feature",
      "properties": {
        "mag": 5,
        "place": "119 km S of Hakha, Burma (Myanmar)",
        "time": 1740220410853,
        "updated": 1746567558040,
        "tz": null,
        "url": "https://earthquake.usgs.gov/earthquakes/eventpage/us7000pffe",
        "detail": "https://earthquake.usgs.gov/fdsnws/event/1/query?eventid=us7000pffe&format=geojson",
        "felt": null,
        "cdi": null,
        "mmi": null,
        "alert": null,
        "status": "reviewed",
        "tsunami": 0,
        "sig": 385,
        "net": "us",
        "code": "7000pffe",
        "ids": ",usauto7000pffe,us7000pffe,",
        "sources": ",usauto,us,",
        "types": ",internal-moment-tensor,moment-tensor,origin,phase-data,",
        "nst": 89,
        "dmin": 1.103,
        "rms": 1.03,
        "gap": 83,
        "magType": "mww",
        "type": "earthquake",
        "title": "M 5.0 - 119 km S of Hakha, Burma (Myanmar)"
      },
      "geometry": {
        "type": "Point",
        "coordinates": [
          93.8043,
          21.5846,
          59.186
        ]
      },
      "id": "us7000pffe"
    },
    {
      "type": "Feature",
      "properties": {
        "mag": 5.2,
        "place": "262 km NW of Sabang, Indonesia",
        "time": 1738989852553,
        "updated": 1745678824040,
        "tz": null,
        "url": "https://earthquake.usgs.gov/earthquakes/eventpage/us7000pc9c",
        "detail": "https://earthquake.usgs.gov/fdsnws/event/1/query?eventid=us7000pc9c&format=geojson",
        "felt": null,
        "cdi": null,
        "mmi": null,
        "alert": null,
        "status": "reviewed",
        "tsunami": 0,
        "sig": 416,
        "net": "us",
        "code": "7000pc9c",
        "ids": ",us7000pc9c,",
        "sources": ",us,",
        "types": ",origin,phase-data,",
        "nst": 102,
        "dmin": 4.034,
        "rms": 0.77,
        "gap": 35,
        "magType": "mb",
        "type": "earthquake",
        "title": "M 5.2 - 262 km NW of Sabang, Indonesia"
      },
      "geometry": {
        "type": "Point",
        "coordinates": [
          93.6213,
          7.5576,
          57.805
        ]
      },
      "id": "us7000pc9c"
    },
    {
      "type": "Feature",
      "properties": {
        "mag": 5,
        "place": "104 km E of Wāngjing, India",
        "time": 1737660216273,
        "updated": 1744149658040,
        "tz": null,
        "url": "https://earthquake.usgs.gov/earthquakes/eventpage/us6000plwf",
        "detail": "https://earthquake.usgs.gov/fdsnws/event/1/query?eventid=us6000plwf&format=geojson",
        "felt": 131,
        "cdi": 4.8,
        "mmi": null,
        "alert": null,
        "status": "reviewed",
        "tsunami": 0,
        "sig": 447,
        "net": "us",
        "code": "6000plwf",
        "ids": ",us6000plwf,",
        "sources": ",us,",
        "types": ",dyfi,origin,phase-data,",
        "nst": 127,
        "dmin": 3.404,
        "rms": 0.59,
        "gap": 25,
        "magType": "mb",
        "type": "earthquake",
        "title": "M 5.0 - 104 km E of Wāngjing, India"
      },
      "geometry": {
        "type": "Point",
        "coordinates": [
          95.093,
          24.6223,
          117.542
        ]
      },
      "id": "us6000plwf"
    },
    {
      "type": "Feature",
      "properties": {
        "mag": 5,
        "place": "Southern Tibetan Plateau",
        "time": 1737406991864,
        "updated": 1743286365040,
        "tz": null,
        "url": "https://earthquake.usgs.gov/earthquakes/eventpage/us6000plbf",
        "detail": "https://earthquake.usgs.gov/fdsnws/event/1/query?eventid=us6000plbf&format=geojson",
        "felt": 11,
        "cdi": 5.1,
        "mmi": null,
        "alert": null,
        "status": "reviewed",
        "tsunami": 0,
        "sig": 390,
        "net": "us",
        "code": "6000plbf",
        "ids": ",us6000plbf,",
        "sources": ",us,",
        "types": ",dyfi,earthquake-name,origin,phase-data,",
        "nst": 95,
        "dmin": 2.102,
        "rms": 0.7,
        "gap": 39,
        "magType": "mb",
        "type": "earthquake",
        "title": "M 5.0 - Southern Tibetan Plateau"
      },
      "geometry": {
        "type": "Point",
        "coordinates": [
          87.5651,
          28.3855,
          10
        ]
      },
      "id": "us6000plbf"
    },
    {
      "type": "Feature",
      "properties": {
        "mag": 5.3,
        "place": "Nicobar Islands, India region",
        "time": 1737372036839,
        "updated": 1743286364040,
        "tz": null,
        "url": "https://earthquake.usgs.gov/earthquakes/eventpage/us6000pl7f",
        "detail": "https://earthquake.usgs.gov/fdsnws/event/1/query?eventid=us6000pl7f&format=geojson",
        "felt": 1,
        "cdi": 1,
        "mmi": null,
        "alert": null,
        "status": "reviewed",
        "tsunami": 0,
        "sig": 432,
        "net": "us",
        "code": "6000pl7f",
        "ids": ",us6000pl7f,usauto6000pl7f,",
        "sources": ",us,usauto,",
        "types": ",dyfi,internal-moment-tensor,origin,phase-data,",
        "nst": 109,
        "dmin": 5.777,
        "rms": 0.63,
        "gap": 33,
        "magType": "mww",
        "type": "earthquake",
        "title": "M 5.3 - Nicobar Islands, India region"
      },
      "geometry": {
        "type": "Point",
        "coordinates": [
          91.5683,
          7.4323,
          10
        ]
      },
      "id": "us6000pl7f"
    },
    {
      "type": "Feature",
      "properties": {
        "mag": 5,
        "place": "217 km SW of Port Blair, India",
        "time": 1737352630327,
        "updated": 1743286364040,
        "tz": null,
        "url": "https://earthquake.usgs.gov/earthquakes/eventpage/us6000pl6c",
        "detail": "https://earthquake.usgs.gov/fdsnws/event/1/query?eventid=us6000pl6c&format=geojson",
        "felt": null,
        "cdi": null,
        "mmi": null,
        "alert": null,
        "status": "reviewed",
        "tsunami": 0,
        "sig": 385,
        "net": "us",
        "code": "6000pl6c",
        "ids": ",us6000pl6c,",
        "sources": ",us,",
        "types": ",origin,phase-data,",
        "nst": 114,
        "dmin": 7.114,
        "rms": 0.46,
        "gap": 85,
        "magType": "mb",
        "type": "earthquake",
        "title": "M 5.0 - 217 km SW of Port Blair, India"
      },
      "geometry": {
        "type": "Point",
        "coordinates": [
          91.6307,
          10.0412,
          10
        ]
      },
      "id": "us6000pl6c"
    },
    {
      "type": "Feature",
      "properties": {
        "mag": 5.1,
        "place": "Southern Tibetan Plateau",
        "time": 1736773102257,
        "updated": 1742504121040,
        "tz": null,
        "url": "https://earthquake.usgs.gov/earthquakes/eventpage/us6000pjpb",
        "detail": "https://earthquake.usgs.gov/fdsnws/event/1/query?eventid=us6000pjpb&format=geojson",
        "felt": 2,
        "cdi": 5.4,
        "mmi": null,
        "alert": null,
        "status": "reviewed",
        "tsunami": 0,
        "sig": 401,
        "net": "us",
        "code": "6000pjpb",
        "ids": ",us6000pjpb,",
        "sources": ",us,",
        "types": ",dyfi,earthquake-name,impact-text,origin,phase-data,",
        "nst": 90,
        "dmin": 3.477,
        "rms": 1.01,
        "gap": 39,
        "magType": "mb",
        "type": "earthquake",
        "title": "M 5.1 - Southern Tibetan Plateau"
      },
      "geometry": {
        "type": "Point",
        "coordinates": [
          87.4058,
          28.4815,
          10
        ]
      },
      "id": "us6000pjpb"
    },
    {
      "type": "Feature",
      "properties": {
        "mag": 5,
        "place": "Southern Tibetan Plateau",
        "time": 1736773057995,
        "updated": 1742504121040,
        "tz": null,
        "url": "https://earthquake.usgs.gov/earthquakes/eventpage/us6000pjp9",
        "detail": "https://earthquake.usgs.gov/fdsnws/event/1/query?eventid=us6000pjp9&format=geojson",
        "felt": 9,
        "cdi": 6.1,
        "mmi": null,
        "alert": null,
        "status": "reviewed",
        "tsunami": 0,
        "sig": 390,
        "net": "us",
        "code": "6000pjp9",
        "ids": ",us6000pjp9,",
        "sources": ",us,",
        "types": ",dyfi,earthquake-name,impact-text,origin,phase-data,",
        "nst": 115,
        "dmin": 3.585,
        "rms": 1.11,
        "gap": 35,
        "magType": "mb",
        "type": "earthquake",
        "title": "M 5.0 - Southern Tibetan Plateau"
      },
      "geometry": {
        "type": "Point",
        "coordinates": [
          87.3079,
          28.405,
          10
        ]
      },
      "id": "us6000pjp9"
    },
    {
      "type": "Feature",
      "properties": {
        "mag": 5.5,
        "place": "Southern Qinghai, China",
        "time": 1736322262866,
        "updated": 1742504087040,
        "tz": null,
        "url": "https://earthquake.usgs.gov/earthquakes/eventpage/us6000pijd",
        "detail": "https://earthquake.usgs.gov/fdsnws/event/1/query?eventid=us6000pijd&format=geojson",
        "felt": 4,
        "cdi": 8.5,
        "mmi": 6.746,
        "alert": "yellow",
        "status": "reviewed",
        "tsunami": 0,
        "sig": 653,
        "net": "us",
        "code": "6000pijd",
        "ids": ",us6000pijd,usauto6000pijd,",
        "sources": ",us,usauto,",
        "types": ",dyfi,ground-failure,internal-moment-tensor,losspager,moment-tensor,origin,phase-data,shakemap,",
        "nst": 106,
        "dmin": 5.216,
        "rms": 0.62,
        "gap": 57,
        "magType": "mww",
        "type": "earthquake",
        "title": "M 5.5 - Southern Qinghai, China"
      },
      "geometry": {
        "type": "Point",
        "coordinates": [
          97.4685,
          34.8006,
          10
        ]
      },
      "id": "us6000pijd"
    },
    {
      "type": "Feature",
      "properties": {
        "mag": 5,
        "place": "Southern Tibetan Plateau",
        "time": 1736308281676,
        "updated": 1742504086040,
        "tz": null,
        "url": "https://earthquake.usgs.gov/earthquakes/eventpage/us6000piij",
        "detail": "https://earthquake.usgs.gov/fdsnws/event/1/query?eventid=us6000piij&format=geojson",
        "felt": 4,
        "cdi": 4.6,
        "mmi": null,
        "alert": null,
        "status": "reviewed",
        "tsunami": 0,
        "sig": 386,
        "net": "us",
        "code": "6000piij",
        "ids": ",us6000piij,",
        "sources": ",us,",
        "types": ",dyfi,earthquake-name,origin,phase-data,",
        "nst": 133,
        "dmin": 3.527,
        "rms": 0.81,
        "gap": 39,
        "magType": "mb",
        "type": "earthquake",
        "title": "M 5.0 - Southern Tibetan Plateau"
      },
      "geometry": {
        "type": "Point",
        "coordinates": [
          87.3648,
          28.4359,
          10
        ]
      },
      "id": "us6000piij"
    },
    {
      "type": "Feature",
      "properties": {
        "mag": 5,
        "place": "Southern Tibetan Plateau",
        "time": 1736213833647,
        "updated": 1742247302040,
        "tz": null,
        "url": "https://earthquake.usgs.gov/earthquakes/eventpage/us6000piar",
        "detail": "https://earthquake.usgs.gov/fdsnws/event/1/query?eventid=us6000piar&format=geojson",
        "felt": null,
        "cdi": null,
        "mmi": null,
        "alert": null,
        "status": "reviewed",
        "tsunami": 0,
        "sig": 385,
        "net": "us",
        "code": "6000piar",
        "ids": ",us6000piar,",
        "sources": ",us,",
        "types": ",earthquake-name,origin,phase-data,",
        "nst": 88,
        "dmin": 3.522,
        "rms": 0.68,
        "gap": 44,
        "magType": "mb",
        "type": "earthquake",
        "title": "M 5.0 - Southern Tibetan Plateau"
      },
      "geometry": {
        "type": "Point",
        "coordinates": [
          87.2321,
          28.7969,
          10
        ]
      },
      "id": "us6000piar"
    },
    {
      "type": "Feature",
      "properties": {
        "mag": 5,
        "place": "Southern Tibetan Plateau",
        "time": 1736213065911,
        "updated": 1742247301040,
        "tz": null,
        "url": "https://earthquake.usgs.gov/earthquakes/eventpage/us6000piak",
        "detail": "https://earthquake.usgs.gov/fdsnws/event/1/query?eventid=us6000piak&format=geojson",
        "felt": 1,
        "cdi": 5,
        "mmi": null,
        "alert": null,
        "status": "reviewed",
        "tsunami": 0,
        "sig": 385,
        "net": "us",
        "code": "6000piak",
        "ids": ",us6000piak,",
        "sources": ",us,",
        "types": ",dyfi,earthquake-name,origin,phase-data,",
        "nst": 110,
        "dmin": 3.434,
        "rms": 0.51,
        "gap": 88,
        "magType": "mb",
        "type": "earthquake",
        "title": "M 5.0 - Southern Tibetan Plateau"
      },
      "geometry": {
        "type": "Point",
        "coordinates": [
          87.4575,
          28.4845,
          10
        ]
      },
      "id": "us6000piak"
    },
    {
      "type": "Feature",
      "properties": {
        "mag": 5.2,
        "place": "83 km NE of Lobuche, Nepal",
        "time": 1736212482239,
        "updated": 1742247301040,
        "tz": null,
        "url": "https://earthquake.usgs.gov/earthquakes/eventpage/us6000pkpp",
        "detail": "https://earthquake.usgs.gov/fdsnws/event/1/query?eventid=us6000pkpp&format=geojson",
        "felt": null,
        "cdi": null,
        "mmi": null,
        "alert": null,
        "status": "reviewed",
        "tsunami": 0,
        "sig": 416,
        "net": "us",
        "code": "6000pkpp",
        "ids": ",us6000pkpp,",
        "sources": ",us,",
        "types": ",origin,phase-data,",
        "nst": 97,
        "dmin": 3.501,
        "rms": 0.44,
        "gap": 60,
        "magType": "mb",
        "type": "earthquake",
        "title": "M 5.2 - 83 km NE of Lobuche, Nepal"
      },
      "geometry": {
        "type": "Point",
        "coordinates": [
          87.356,
          28.5282,
          10
        ]
      },
      "id": "us6000pkpp"
    },
    {
      "type": "Feature",
      "properties": {
        "mag": 5.2,
        "place": "Southern Tibetan Plateau",
        "time": 1736212407197,
        "updated": 1742247300040,
        "tz": null,
        "url": "https://earthquake.usgs.gov/earthquakes/eventpage/us6000pia7",
        "detail": "https://earthquake.usgs.gov/fdsnws/event/1/query?eventid=us6000pia7&format=geojson",
        "felt": 12,
        "cdi": 4.8,
        "mmi": null,
        "alert": null,
        "status": "reviewed",
        "tsunami": 0,
        "sig": 422,
        "net": "us",
        "code": "6000pia7",
        "ids": ",us6000pia7,",
        "sources": ",us,",
        "types": ",dyfi,earthquake-name,origin,phase-data,",
        "nst": 72,
        "dmin": 3.443,
        "rms": 0.6,
        "gap": 82,
        "magType": "mb",
        "type": "earthquake",
        "title": "M 5.2 - Southern Tibetan Plateau"
      },
      "geometry": {
        "type": "Point",
        "coordinates": [
          87.4659,
          28.4421,
          10
        ]
      },
      "id": "us6000pia7"
    },
    {
      "type": "Feature",
      "properties": {
        "mag": 5.2,
        "place": "100 km NNE of Lobuche, Nepal",
        "time": 1736212254880,
        "updated": 1742247300040,
        "tz": null,
        "url": "https://earthquake.usgs.gov/earthquakes/eventpage/us6000pks6",
        "detail": "https://earthquake.usgs.gov/fdsnws/event/1/query?eventid=us6000pks6&format=geojson",
        "felt": null,
        "cdi": null,
        "mmi": null,
        "alert": null,
        "status": "reviewed",
        "tsunami": 0,
        "sig": 416,
        "net": "us",
        "code": "6000pks6",
        "ids": ",us6000pks6,",
        "sources": ",us,",
        "types": ",origin,phase-data,",
        "nst": 15,
        "dmin": 3.602,
        "rms": 0.66,
        "gap": 177,
        "magType": "mb",
        "type": "earthquake",
        "title": "M 5.2 - 100 km NNE of Lobuche, Nepal"
      },
      "geometry": {
        "type": "Point",
        "coordinates": [
          87.1343,
          28.8057,
          10
        ]
      },
      "id": "us6000pks6"
    },
    {
      "type": "Feature",
      "properties": {
        "mag": 5.4,
        "place": "96 km NNE of Lobuche, Nepal",
        "time": 1736212153529,
        "updated": 1742247300040,
        "tz": null,
        "url": "https://earthquake.usgs.gov/earthquakes/eventpage/us6000pks1",
        "detail": "https://earthquake.usgs.gov/fdsnws/event/1/query?eventid=us6000pks1&format=geojson",
        "felt": null,
        "cdi": null,
        "mmi": 6.031,
        "alert": "green",
        "status": "reviewed",
        "tsunami": 0,
        "sig": 449,
        "net": "us",
        "code": "6000pks1",
        "ids": ",us6000pks1,",
        "sources": ",us,",
        "types": ",ground-failure,losspager,origin,phase-data,shakemap,",
        "nst": 30,
        "dmin": 3.563,
        "rms": 0.35,
        "gap": 64,
        "magType": "mb",
        "type": "earthquake",
        "title": "M 5.4 - 96 km NNE of Lobuche, Nepal"
      },
      "geometry": {
        "type": "Point",
        "coordinates": [
          87.1968,
          28.7537,
          10
        ]
      },
      "id": "us6000pks1"
    },
    {
      "type": "Feature",
      "properties": {
        "mag": 7.1,
        "place": "2025 Southern Tibetan Plateau Earthquake",
        "time": 1736211916734,
        "updated": 1754895022632,
        "tz": null,
        "url": "https://earthquake.usgs.gov/earthquakes/eventpage/us6000pi9w",
        "detail": "https://earthquake.usgs.gov/fdsnws/event/1/query?eventid=us6000pi9w&format=geojson",
        "felt": 865,
        "cdi": 9.1,
        "mmi": 9.212,
        "alert": "red",
        "status": "reviewed",
        "tsunami": 0,
        "sig": 2787,
        "net": "us",
        "code": "6000pi9w",
        "ids": ",us6000pi9w,usauto6000pi9w,pt25007000,",
        "sources": ",us,usauto,pt,",
        "types": ",dyfi,earthquake-name,finite-fault,general-text,ground-failure,impact-text,internal-moment-tensor,internal-origin,losspager,moment-tensor,origin,phase-data,shakemap,",
        "nst": 315,
        "dmin": 3.458,
        "rms": 0.56,
        "gap": 17,
        "magType": "mww",
        "type": "earthquake",
        "title": "M 7.1 - 2025 Southern Tibetan Plateau Earthquake"
      },
      "geometry": {
        "type": "Point",
        "coordinates": [
          87.3781,
          28.6036,
          10
        ]
      },
      "id": "us6000pi9w"
    },
    {
      "type": "Feature",
      "properties": {
        "mag": 5.2,
        "place": "Tibetan Plateau",
        "time": 1736177206849,
        "updated": 1742247296040,
        "tz": null,
        "url": "https://earthquake.usgs.gov/earthquakes/eventpage/us6000pi67",
        "detail": "https://earthquake.usgs.gov/fdsnws/event/1/query?eventid=us6000pi67&format=geojson",
        "felt": 2,
        "cdi": 3.4,
        "mmi": null,
        "alert": null,
        "status": "reviewed",
        "tsunami": 0,
        "sig": 417,
        "net": "us",
        "code": "6000pi67",
        "ids": ",us6000pi67,",
        "sources": ",us,",
        "types": ",dyfi,earthquake-name,origin,phase-data,",
        "nst": 124,
        "dmin": 5.101,
        "rms": 0.75,
        "gap": 36,
        "magType": "mb",
        "type": "earthquake",
        "title": "M 5.2 - Tibetan Plateau"
      },
      "geometry": {
        "type": "Point",
        "coordinates": [
          87.0306,
          33.4298,
          10
        ]
      },
      "id": "us6000pi67"
    },
    {
      "type": "Feature",
      "properties": {
        "mag": 5,
        "place": "128 km SE of Phek, India",
        "time": 1735878758138,
        "updated": 1742247263040,
        "tz": null,
        "url": "https://earthquake.usgs.gov/earthquakes/eventpage/us6000phdf",
        "detail": "https://earthquake.usgs.gov/fdsnws/event/1/query?eventid=us6000phdf&format=geojson",
        "felt": 14,
        "cdi": 3.3,
        "mmi": null,
        "alert": null,
        "status": "reviewed",
        "tsunami": 0,
        "sig": 389,
        "net": "us",
        "code": "6000phdf",
        "ids": ",us6000phdf,",
        "sources": ",us,",
        "types": ",dyfi,origin,phase-data,",
        "nst": 84,
        "dmin": 3.775,
        "rms": 0.69,
        "gap": 63,
        "magType": "mb",
        "type": "earthquake",
        "title": "M 5.0 - 128 km SE of Phek, India"
      },
      "geometry": {
        "type": "Point",
        "coordinates": [
          95.5118,
          24.9577,
          154.635
        ]
      },
      "id": "us6000phdf"
    },
    {
      "type": "Feature",
      "properties": {
        "mag": 5,
        "place": "60 km WNW of Jumla, Nepal",
        "time": 1734733742221,
        "updated": 1740677454040,
        "tz": null,
        "url": "https://earthquake.usgs.gov/earthquakes/eventpage/us7000p0hw",
        "detail": "https://earthquake.usgs.gov/fdsnws/event/1/query?eventid=us7000p0hw&format=geojson",
        "felt": 6,
        "cdi": 4.5,
        "mmi": null,
        "alert": null,
        "status": "reviewed",
        "tsunami": 0,
        "sig": 387,
        "net": "us",
        "code": "7000p0hw",
        "ids": ",us7000p0hw,",
        "sources": ",us,",
        "types": ",dyfi,impact-text,origin,phase-data,",
        "nst": 84,
        "dmin": 3.639,
        "rms": 0.73,
        "gap": 99,
        "magType": "mb",
        "type": "earthquake",
        "title": "M 5.0 - 60 km WNW of Jumla, Nepal"
      },
      "geometry": {
        "type": "Point",
        "coordinates": [
          81.6099,
          29.4923,
          10
        ]
      },
      "id": "us7000p0hw"
    },
    {
      "type": "Feature",
      "properties": {
        "mag": 5.2,
        "place": "8 km SSW of Sarai Alamgir, Pakistan",
        "time": 1733379682894,
        "updated": 1739644179040,
        "tz": null,
        "url": "https://earthquake.usgs.gov/earthquakes/eventpage/us7000nw1v",
        "detail": "https://earthquake.usgs.gov/fdsnws/event/1/query?eventid=us7000nw1v&format=geojson",
        "felt": 15,
        "cdi": 7.4,
        "mmi": null,
        "alert": null,
        "status": "reviewed",
        "tsunami": 0,
        "sig": 427,
        "net": "us",
        "code": "7000nw1v",
        "ids": ",us7000nw1v,",
        "sources": ",us,",
        "types": ",dyfi,origin,phase-data,",
        "nst": 154,
        "dmin": 0.896,
        "rms": 0.53,
        "gap": 28,
        "magType": "mb",
        "type": "earthquake",
        "title": "M 5.2 - 8 km SSW of Sarai Alamgir, Pakistan"
      },
      "geometry": {
        "type": "Point",
        "coordinates": [
          73.7141,
          32.8339,
          10
        ]
      },
      "id": "us7000nw1v"
    },
    {
      "type": "Feature",
      "properties": {
        "mag": 5,
        "place": "49 km NE of Mulugu, India",
        "time": 1733277418775,
        "updated": 1739644161040,
        "tz": null,
        "url": "https://earthquake.usgs.gov/earthquakes/eventpage/us7000nvs3",
        "detail": "https://earthquake.usgs.gov/fdsnws/event/1/query?eventid=us7000nvs3&format=geojson",
        "felt": 180,
        "cdi": 5.4,
        "mmi": null,
        "alert": null,
        "status": "reviewed",
        "tsunami": 0,
        "sig": 482,
        "net": "us",
        "code": "7000nvs3",
        "ids": ",us7000nvs3,",
        "sources": ",us,",
        "types": ",dyfi,impact-text,origin,phase-data,",
        "nst": 108,
        "dmin": 9.992,
        "rms": 0.65,
        "gap": 51,
        "magType": "mb",
        "type": "earthquake",
        "title": "M 5.0 - 49 km NE of Mulugu, India"
      },
      "geometry": {
        "type": "Point",
        "coordinates": [
          80.3296,
          18.4471,
          10
        ]
      },
      "id": "us7000nvs3"
    },
    {
      "type": "Feature",
      "properties": {
        "mag": 5,
        "place": "37 km WSW of Ashkāsham, Afghanistan",
        "time": 1731474800904,
        "updated": 1737908971040,
        "tz": null,
        "url": "https://earthquake.usgs.gov/earthquakes/eventpage/us7000nrhn",
        "detail": "https://earthquake.usgs.gov/fdsnws/event/1/query?eventid=us7000nrhn&format=geojson",
        "felt": 4,
        "cdi": 4.1,
        "mmi": null,
        "alert": null,
        "status": "reviewed",
        "tsunami": 0,
        "sig": 386,
        "net": "us",
        "code": "7000nrhn",
        "ids": ",us7000nrhn,",
        "sources": ",us,",
        "types": ",dyfi,origin,phase-data,",
        "nst": 119,
        "dmin": 2.246,
        "rms": 0.84,
        "gap": 32,
        "magType": "mb",
        "type": "earthquake",
        "title": "M 5.0 - 37 km WSW of Ashkāsham, Afghanistan"
      },
      "geometry": {
        "type": "Point",
        "coordinates": [
          71.1648,
          36.5137,
          231.72
        ]
      },
      "id": "us7000nrhn"
    },
    {
      "type": "Feature",
      "properties": {
        "mag": 5.9,
        "place": "44 km SSW of Jurm, Afghanistan",
        "time": 1729105011147,
        "updated": 1735254212040,
        "tz": null,
        "url": "https://earthquake.usgs.gov/earthquakes/eventpage/us6000nz5n",
        "detail": "https://earthquake.usgs.gov/fdsnws/event/1/query?eventid=us6000nz5n&format=geojson",
        "felt": 8,
        "cdi": 4.3,
        "mmi": 3.489,
        "alert": "green",
        "status": "reviewed",
        "tsunami": 0,
        "sig": 539,
        "net": "us",
        "code": "6000nz5n",
        "ids": ",us6000nz5n,usauto6000nz5n,pt24290001,",
        "sources": ",us,usauto,pt,",
        "types": ",dyfi,internal-moment-tensor,internal-origin,losspager,moment-tensor,origin,phase-data,shakemap,",
        "nst": 134,
        "dmin": 1.962,
        "rms": 1.01,
        "gap": 29,
        "magType": "mww",
        "type": "earthquake",
        "title": "M 5.9 - 44 km SSW of Jurm, Afghanistan"
      },
      "geometry": {
        "type": "Point",
        "coordinates": [
          70.5681,
          36.5224,
          205
        ]
      },
      "id": "us6000nz5n"
    },
    {
      "type": "Feature",
      "properties": {
        "mag": 5,
        "place": "49 km NNE of Shwebo, Myanmar",
        "time": 1728621654951,
        "updated": 1734968803040,
        "tz": null,
        "url": "https://earthquake.usgs.gov/earthquakes/eventpage/us6000ny0s",
        "detail": "https://earthquake.usgs.gov/fdsnws/event/1/query?eventid=us6000ny0s&format=geojson",
        "felt": 3,
        "cdi": 3.1,
        "mmi": null,
        "alert": null,
        "status": "reviewed",
        "tsunami": 0,
        "sig": 386,
        "net": "us",
        "code": "6000ny0s",
        "ids": ",us6000ny0s,",
        "sources": ",us,",
        "types": ",dyfi,origin,phase-data,",
        "nst": 62,
        "dmin": 1.979,
        "rms": 0.9,
        "gap": 89,
        "magType": "mb",
        "type": "earthquake",
        "title": "M 5.0 - 49 km NNE of Shwebo, Myanmar"
      },
      "geometry": {
        "type": "Point",
        "coordinates": [
          95.9411,
          22.9505,
          10
        ]
      },
      "id": "us6000ny0s"
    },
    {
      "type": "Feature",
      "properties": {
        "mag": 5.2,
        "place": "182 km SW of Port Blair, India",
        "time": 1726723257102,
        "updated": 1732404359040,
        "tz": null,
        "url": "https://earthquake.usgs.gov/earthquakes/eventpage/us6000nszv",
        "detail": "https://earthquake.usgs.gov/fdsnws/event/1/query?eventid=us6000nszv&format=geojson",
        "felt": null,
        "cdi": null,
        "mmi": 3.6,
        "alert": "green",
        "status": "reviewed",
        "tsunami": 0,
        "sig": 416,
        "net": "us",
        "code": "6000nszv",
        "ids": ",usauto6000nszv,us6000nszv,",
        "sources": ",usauto,us,",
        "types": ",internal-moment-tensor,losspager,moment-tensor,origin,phase-data,shakemap,",
        "nst": 170,
        "dmin": 7.415,
        "rms": 0.49,
        "gap": 45,
        "magType": "mww",
        "type": "earthquake",
        "title": "M 5.2 - 182 km SW of Port Blair, India"
      },
      "geometry": {
        "type": "Point",
        "coordinates": [
          91.6084,
          10.461,
          10
        ]
      },
      "id": "us6000nszv"
    },
    {
      "type": "Feature",
      "properties": {
        "mag": 5.1,
        "place": "35 km W of Karor, Pakistan",
        "time": 1726039682928,
        "updated": 1732229935040,
        "tz": null,
        "url": "https://earthquake.usgs.gov/earthquakes/eventpage/us7000nd1m",
        "detail": "https://earthquake.usgs.gov/fdsnws/event/1/query?eventid=us7000nd1m&format=geojson",
        "felt": 102,
        "cdi": 6.9,
        "mmi": 4.937,
        "alert": "green",
        "status": "reviewed",
        "tsunami": 0,
        "sig": 471,
        "net": "us",
        "code": "7000nd1m",
        "ids": ",us7000nd1m,",
        "sources": ",us,",
        "types": ",dyfi,losspager,moment-tensor,origin,phase-data,shakemap,",
        "nst": 101,
        "dmin": 3.288,
        "rms": 0.91,
        "gap": 51,
        "magType": "mwb",
        "type": "earthquake",
        "title": "M 5.1 - 35 km W of Karor, Pakistan"
      },
      "geometry": {
        "type": "Point",
        "coordinates": [
          70.5845,
          31.2637,
          31
        ]
      },
      "id": "us7000nd1m"
    },
    {
      "type": "Feature",
      "properties": {
        "mag": 5.2,
        "place": "Nicobar Islands, India region",
        "time": 1725162169557,
        "updated": 1731187139040,
        "tz": null,
        "url": "https://earthquake.usgs.gov/earthquakes/eventpage/us6000nnzf",
        "detail": "https://earthquake.usgs.gov/fdsnws/event/1/query?eventid=us6000nnzf&format=geojson",
        "felt": null,
        "cdi": null,
        "mmi": null,
        "alert": null,
        "status": "reviewed",
        "tsunami": 0,
        "sig": 416,
        "net": "us",
        "code": "6000nnzf",
        "ids": ",usauto6000nnzf,us6000nnzf,",
        "sources": ",usauto,us,",
        "types": ",internal-moment-tensor,moment-tensor,origin,phase-data,",
        "nst": 113,
        "dmin": 5.967,
        "rms": 0.9,
        "gap": 62,
        "magType": "mww",
        "type": "earthquake",
        "title": "M 5.2 - Nicobar Islands, India region"
      },
      "geometry": {
        "type": "Point",
        "coordinates": [
          91.7229,
          8.1965,
          10
        ]
      },
      "id": "us6000nnzf"
    },
    {
      "type": "Feature",
      "properties": {
        "mag": 5.2,
        "place": "31 km SW of Ashkāsham, Afghanistan",
        "time": 1724911000251,
        "updated": 1731187120040,
        "tz": null,
        "url": "https://earthquake.usgs.gov/earthquakes/eventpage/us6000nnfd",
        "detail": "https://earthquake.usgs.gov/fdsnws/event/1/query?eventid=us6000nnfd&format=geojson",
        "felt": 6,
        "cdi": 3.8,
        "mmi": 2.927,
        "alert": "green",
        "status": "reviewed",
        "tsunami": 0,
        "sig": 418,
        "net": "us",
        "code": "6000nnfd",
        "ids": ",us6000nnfd,usauto6000nnfd,",
        "sources": ",us,usauto,",
        "types": ",dyfi,internal-moment-tensor,losspager,moment-tensor,origin,phase-data,shakemap,",
        "nst": 190,
        "dmin": 2.643,
        "rms": 0.73,
        "gap": 34,
        "magType": "mww",
        "type": "earthquake",
        "title": "M 5.2 - 31 km SW of Ashkāsham, Afghanistan"
      },
      "geometry": {
        "type": "Point",
        "coordinates": [
          71.2507,
          36.5209,
          221.698
        ]
      },
      "id": "us6000nnfd"
    },
    {
      "type": "Feature",
      "properties": {
        "mag": 5.1,
        "place": "8 km SW of Bāramūla, India",
        "time": 1724116555090,
        "updated": 1730582908040,
        "tz": null,
        "url": "https://earthquake.usgs.gov/earthquakes/eventpage/us7000n823",
        "detail": "https://earthquake.usgs.gov/fdsnws/event/1/query?eventid=us7000n823&format=geojson",
        "felt": 10,
        "cdi": 6.7,
        "mmi": null,
        "alert": null,
        "status": "reviewed",
        "tsunami": 0,
        "sig": 407,
        "net": "us",
        "code": "7000n823",
        "ids": ",us7000n823,",
        "sources": ",us,",
        "types": ",dyfi,impact-text,origin,phase-data,",
        "nst": 112,
        "dmin": 0.975,
        "rms": 0.64,
        "gap": 33,
        "magType": "mb",
        "type": "earthquake",
        "title": "M 5.1 - 8 km SW of Bāramūla, India"
      },
      "geometry": {
        "type": "Point",
        "coordinates": [
          74.2677,
          34.1613,
          14.076
        ]
      },
      "id": "us7000n823"
    },
    {
      "type": "Feature",
      "properties": {
        "mag": 5,
        "place": "57 km N of Kohlu, Pakistan",
        "time": 1720992798571,
        "updated": 1726848056040,
        "tz": null,
        "url": "https://earthquake.usgs.gov/earthquakes/eventpage/us7000mz90",
        "detail": "https://earthquake.usgs.gov/fdsnws/event/1/query?eventid=us7000mz90&format=geojson",
        "felt": 2,
        "cdi": 3.4,
        "mmi": null,
        "alert": null,
        "status": "reviewed",
        "tsunami": 0,
        "sig": 385,
        "net": "us",
        "code": "7000mz90",
        "ids": ",us7000mz90,",
        "sources": ",us,",
        "types": ",dyfi,origin,phase-data,",
        "nst": 188,
        "dmin": 4.665,
        "rms": 0.57,
        "gap": 40,
        "magType": "mb",
        "type": "earthquake",
        "title": "M 5.0 - 57 km N of Kohlu, Pakistan"
      },
      "geometry": {
        "type": "Point",
        "coordinates": [
          69.3062,
          30.4091,
          10
        ]
      },
      "id": "us7000mz90"
    },
    {
      "type": "Feature",
      "properties": {
        "mag": 5,
        "place": "198 km SSE of Port Blair, India",
        "time": 1719595005100,
        "updated": 1725487063040,
        "tz": null,
        "url": "https://earthquake.usgs.gov/earthquakes/eventpage/us6000n8zg",
        "detail": "https://earthquake.usgs.gov/fdsnws/event/1/query?eventid=us6000n8zg&format=geojson",
        "felt": null,
        "cdi": null,
        "mmi": null,
        "alert": null,
        "status": "reviewed",
        "tsunami": 0,
        "sig": 385,
        "net": "us",
        "code": "6000n8zg",
        "ids": ",us6000n8zg,",
        "sources": ",us,",
        "types": ",origin,phase-data,",
        "nst": 119,
        "dmin": 5.845,
        "rms": 0.63,
        "gap": 43,
        "magType": "mb",
        "type": "earthquake",
        "title": "M 5.0 - 198 km SSE of Port Blair, India"
      },
      "geometry": {
        "type": "Point",
        "coordinates": [
          93.6765,
          10.1256,
          10
        ]
      },
      "id": "us6000n8zg"
    },
    {
      "type": "Feature",
      "properties": {
        "mag": 5.6,
        "place": "Nicobar Islands, India region",
        "time": 1719365053616,
        "updated": 1725487061040,
        "tz": null,
        "url": "https://earthquake.usgs.gov/earthquakes/eventpage/us6000n877",
        "detail": "https://earthquake.usgs.gov/fdsnws/event/1/query?eventid=us6000n877&format=geojson",
        "felt": null,
        "cdi": null,
        "mmi": 0,
        "alert": "green",
        "status": "reviewed",
        "tsunami": 0,
        "sig": 482,
        "net": "us",
        "code": "6000n877",
        "ids": ",usauto6000n877,at00sfnykg,us6000n877,",
        "sources": ",usauto,at,us,",
        "types": ",internal-moment-tensor,internal-origin,losspager,moment-tensor,origin,phase-data,shakemap,",
        "nst": 124,
        "dmin": 7.077,
        "rms": 0.51,
        "gap": 35,
        "magType": "mww",
        "type": "earthquake",
        "title": "M 5.6 - Nicobar Islands, India region"
      },
      "geometry": {
        "type": "Point",
        "coordinates": [
          90.4103,
          8.0633,
          10
        ]
      },
      "id": "us6000n877"
    },
    {
      "type": "Feature",
      "properties": {
        "mag": 5.9,
        "place": "western Xizang",
        "time": 1717202798484,
        "updated": 1722976369040,
        "tz": null,
        "url": "https://earthquake.usgs.gov/earthquakes/eventpage/us7000mpe2",
        "detail": "https://earthquake.usgs.gov/fdsnws/event/1/query?eventid=us7000mpe2&format=geojson",
        "felt": null,
        "cdi": null,
        "mmi": 7.194,
        "alert": "green",
        "status": "reviewed",
        "tsunami": 0,
        "sig": 536,
        "net": "us",
        "code": "7000mpe2",
        "ids": ",usauto7000mpe2,pt24153000,us7000mpe2,",
        "sources": ",usauto,pt,us,",
        "types": ",internal-moment-tensor,internal-origin,losspager,moment-tensor,origin,phase-data,shakemap,",
        "nst": 318,
        "dmin": 6.024,
        "rms": 0.52,
        "gap": 20,
        "magType": "mww",
        "type": "earthquake",
        "title": "M 5.9 - western Xizang"
      },
      "geometry": {
        "type": "Point",
        "coordinates": [
          86.3128,
          34.1381,
          20.71
        ]
      },
      "id": "us7000mpe2"
    },
    {
      "type": "Feature",
      "properties": {
        "mag": 5.4,
        "place": "29 km ESE of Mawlaik, Myanmar",
        "time": 1716988407000,
        "updated": 1722976367040,
        "tz": null,
        "url": "https://earthquake.usgs.gov/earthquakes/eventpage/us7000mnrr",
        "detail": "https://earthquake.usgs.gov/fdsnws/event/1/query?eventid=us7000mnrr&format=geojson",
        "felt": 24,
        "cdi": 3.8,
        "mmi": 4.387,
        "alert": "green",
        "status": "reviewed",
        "tsunami": 0,
        "sig": 458,
        "net": "us",
        "code": "7000mnrr",
        "ids": ",us7000mnrr,usauto7000mnrr,",
        "sources": ",us,usauto,",
        "types": ",dyfi,internal-moment-tensor,losspager,moment-tensor,origin,phase-data,shakemap,",
        "nst": 180,
        "dmin": 2.322,
        "rms": 0.61,
        "gap": 26,
        "magType": "mww",
        "type": "earthquake",
        "title": "M 5.4 - 29 km ESE of Mawlaik, Myanmar"
      },
      "geometry": {
        "type": "Point",
        "coordinates": [
          94.6623,
          23.527,
          97.552
        ]
      },
      "id": "us7000mnrr"
    },
    {
      "type": "Feature",
      "properties": {
        "mag": 5.1,
        "place": "western Xizang",
        "time": 1713462002062,
        "updated": 1719349382040,
        "tz": null,
        "url": "https://earthquake.usgs.gov/earthquakes/eventpage/us7000mczb",
        "detail": "https://earthquake.usgs.gov/fdsnws/event/1/query?eventid=us7000mczb&format=geojson",
        "felt": null,
        "cdi": null,
        "mmi": null,
        "alert": null,
        "status": "reviewed",
        "tsunami": 0,
        "sig": 400,
        "net": "us",
        "code": "7000mczb",
        "ids": ",us7000mczb,",
        "sources": ",us,",
        "types": ",origin,phase-data,",
        "nst": 102,
        "dmin": 6.439,
        "rms": 0.89,
        "gap": 31,
        "magType": "mb",
        "type": "earthquake",
        "title": "M 5.1 - western Xizang"
      },
      "geometry": {
        "type": "Point",
        "coordinates": [
          81.7676,
          33.5041,
          10
        ]
      },
      "id": "us7000mczb"
    },
    {
      "type": "Feature",
      "properties": {
        "mag": 5,
        "place": "39 km SE of Port Blair, India",
        "time": 1713308484137,
        "updated": 1719349372040,
        "tz": null,
        "url": "https://earthquake.usgs.gov/earthquakes/eventpage/us7000mcjj",
        "detail": "https://earthquake.usgs.gov/fdsnws/event/1/query?eventid=us7000mcjj&format=geojson",
        "felt": 10,
        "cdi": 5.3,
        "mmi": null,
        "alert": null,
        "status": "reviewed",
        "tsunami": 0,
        "sig": 390,
        "net": "us",
        "code": "7000mcjj",
        "ids": ",us7000mcjj,",
        "sources": ",us,",
        "types": ",dyfi,origin,phase-data,",
        "nst": 168,
        "dmin": 6.712,
        "rms": 0.69,
        "gap": 34,
        "magType": "mww",
        "type": "earthquake",
        "title": "M 5.0 - 39 km SE of Port Blair, India"
      },
      "geometry": {
        "type": "Point",
        "coordinates": [
          92.9599,
          11.3815,
          57.532
        ]
      },
      "id": "us7000mcjj"
    },
    {
      "type": "Feature",
      "properties": {
        "mag": 5.5,
        "place": "western Xizang",
        "time": 1712987079593,
        "updated": 1718590521040,
        "tz": null,
        "url": "https://earthquake.usgs.gov/earthquakes/eventpage/us7000mbuv",
        "detail": "https://earthquake.usgs.gov/fdsnws/event/1/query?eventid=us7000mbuv&format=geojson",
        "felt": null,
        "cdi": null,
        "mmi": 6.734,
        "alert": "green",
        "status": "reviewed",
        "tsunami": 0,
        "sig": 465,
        "net": "us",
        "code": "7000mbuv",
        "ids": ",us7000mbuv,",
        "sources": ",us,",
        "types": ",losspager,moment-tensor,origin,phase-data,shakemap,",
        "nst": 209,
        "dmin": 6.438,
        "rms": 0.59,
        "gap": 25,
        "magType": "mww",
        "type": "earthquake",
        "title": "M 5.5 - western Xizang"
      },
      "geometry": {
        "type": "Point",
        "coordinates": [
          81.8672,
          33.5479,
          10
        ]
      },
      "id": "us7000mbuv"
    },
    {
      "type": "Feature",
      "properties": {
        "mag": 5.7,
        "place": "33 km NNE of Sarupathar, India",
        "time": 1712321138655,
        "updated": 1718229114040,
        "tz": null,
        "url": "https://earthquake.usgs.gov/earthquakes/eventpage/us7000ma59",
        "detail": "https://earthquake.usgs.gov/fdsnws/event/1/query?eventid=us7000ma59&format=geojson",
        "felt": 29,
        "cdi": 4.7,
        "mmi": 5.309,
        "alert": "green",
        "status": "reviewed",
        "tsunami": 0,
        "sig": 513,
        "net": "us",
        "code": "7000ma59",
        "ids": ",us7000ma59,at00sbgzfu,",
        "sources": ",us,at,",
        "types": ",dyfi,internal-origin,losspager,origin,phase-data,shakemap,",
        "nst": 157,
        "dmin": 5.571,
        "rms": 0.71,
        "gap": 22,
        "magType": "mb",
        "type": "earthquake",
        "title": "M 5.7 - 33 km NNE of Sarupathar, India"
      },
      "geometry": {
        "type": "Point",
        "coordinates": [
          96.9139,
          26.4924,
          69.136
        ]
      },
      "id": "us7000ma59"
    },
    {
      "type": "Feature",
      "properties": {
        "mag": 5,
        "place": "33 km S of Padam, India",
        "time": 1712246672601,
        "updated": 1718229114040,
        "tz": null,
        "url": "https://earthquake.usgs.gov/earthquakes/eventpage/us7000m9w5",
        "detail": "https://earthquake.usgs.gov/fdsnws/event/1/query?eventid=us7000m9w5&format=geojson",
        "felt": 21,
        "cdi": 4.8,
        "mmi": null,
        "alert": null,
        "status": "reviewed",
        "tsunami": 0,
        "sig": 395,
        "net": "us",
        "code": "7000m9w5",
        "ids": ",us7000m9w5,usauto7000m9w5,",
        "sources": ",us,usauto,",
        "types": ",dyfi,internal-moment-tensor,moment-tensor,origin,phase-data,",
        "nst": 88,
        "dmin": 3.005,
        "rms": 0.78,
        "gap": 53,
        "magType": "mww",
        "type": "earthquake",
        "title": "M 5.0 - 33 km S of Padam, India"
      },
      "geometry": {
        "type": "Point",
        "coordinates": [
          76.816,
          33.1698,
          32.436
        ]
      },
      "id": "us7000m9w5"
    },
    {
      "type": "Feature",
      "properties": {
        "mag": 5,
        "place": "58 km SW of Ashkāsham, Afghanistan",
        "time": 1711623310409,
        "updated": 1717278948040,
        "tz": null,
        "url": "https://earthquake.usgs.gov/earthquakes/eventpage/us7000m8ib",
        "detail": "https://earthquake.usgs.gov/fdsnws/event/1/query?eventid=us7000m8ib&format=geojson",
        "felt": 3,
        "cdi": 3.1,
        "mmi": null,
        "alert": null,
        "status": "reviewed",
        "tsunami": 0,
        "sig": 386,
        "net": "us",
        "code": "7000m8ib",
        "ids": ",us7000m8ib,",
        "sources": ",us,",
        "types": ",dyfi,origin,phase-data,",
        "nst": 123,
        "dmin": 2.393,
        "rms": 0.76,
        "gap": 24,
        "magType": "mb",
        "type": "earthquake",
        "title": "M 5.0 - 58 km SW of Ashkāsham, Afghanistan"
      },
      "geometry": {
        "type": "Point",
        "coordinates": [
          71.1603,
          36.247,
          108.477
        ]
      },
      "id": "us7000m8ib"
    },
    {
      "type": "Feature",
      "properties": {
        "mag": 5,
        "place": "223 km NNE of Nagqu, China",
        "time": 1709806155384,
        "updated": 1715794503040,
        "tz": null,
        "url": "https://earthquake.usgs.gov/earthquakes/eventpage/us7000m3ut",
        "detail": "https://earthquake.usgs.gov/fdsnws/event/1/query?eventid=us7000m3ut&format=geojson",
        "felt": null,
        "cdi": null,
        "mmi": null,
        "alert": null,
        "status": "reviewed",
        "tsunami": 0,
        "sig": 385,
        "net": "us",
        "code": "7000m3ut",
        "ids": ",us7000m3ut,",
        "sources": ",us,",
        "types": ",origin,phase-data,",
        "nst": 77,
        "dmin": 3.95,
        "rms": 0.64,
        "gap": 31,
        "magType": "mb",
        "type": "earthquake",
        "title": "M 5.0 - 223 km NNE of Nagqu, China"
      },
      "geometry": {
        "type": "Point",
        "coordinates": [
          92.8542,
          33.3794,
          10
        ]
      },
      "id": "us7000m3ut"
    },
    {
      "type": "Feature",
      "properties": {
        "mag": 5.6,
        "place": "244 km NNE of Nagqu, China",
        "time": 1709805990797,
        "updated": 1715794503040,
        "tz": null,
        "url": "https://earthquake.usgs.gov/earthquakes/eventpage/us7000m3ur",
        "detail": "https://earthquake.usgs.gov/fdsnws/event/1/query?eventid=us7000m3ur&format=geojson",
        "felt": null,
        "cdi": null,
        "mmi": 7.29,
        "alert": "yellow",
        "status": "reviewed",
        "tsunami": 0,
        "sig": 650,
        "net": "us",
        "code": "7000m3ur",
        "ids": ",us7000m3ur,",
        "sources": ",us,",
        "types": ",ground-failure,losspager,moment-tensor,origin,phase-data,shakemap,",
        "nst": 179,
        "dmin": 4.142,
        "rms": 0.57,
        "gap": 26,
        "magType": "mww",
        "type": "earthquake",
        "title": "M 5.6 - 244 km NNE of Nagqu, China"
      },
      "geometry": {
        "type": "Point",
        "coordinates": [
          92.9927,
          33.5389,
          10
        ]
      },
      "id": "us7000m3ur"
    },
    {
      "type": "Feature",
      "properties": {
        "mag": 5.4,
        "place": "240 km NNE of Nagqu, China",
        "time": 1709604452232,
        "updated": 1715794506040,
        "tz": null,
        "url": "https://earthquake.usgs.gov/earthquakes/eventpage/us6000mgsv",
        "detail": "https://earthquake.usgs.gov/fdsnws/event/1/query?eventid=us6000mgsv&format=geojson",
        "felt": null,
        "cdi": null,
        "mmi": 6.787,
        "alert": "yellow",
        "status": "reviewed",
        "tsunami": 0,
        "sig": 650,
        "net": "us",
        "code": "6000mgsv",
        "ids": ",us6000mgsv,",
        "sources": ",us,",
        "types": ",ground-failure,losspager,origin,phase-data,shakemap,",
        "nst": 114,
        "dmin": 8.749,
        "rms": 0.46,
        "gap": 26,
        "magType": "mww",
        "type": "earthquake",
        "title": "M 5.4 - 240 km NNE of Nagqu, China"
      },
      "geometry": {
        "type": "Point",
        "coordinates": [
          93.0234,
          33.4841,
          10
        ]
      },
      "id": "us6000mgsv"
    },
    {
      "type": "Feature",
      "properties": {
        "mag": 5,
        "place": "235 km SSW of Yanglong, China",
        "time": 1706935258418,
        "updated": 1713036949040,
        "tz": null,
        "url": "https://earthquake.usgs.gov/earthquakes/eventpage/us7000lwm5",
        "detail": "https://earthquake.usgs.gov/fdsnws/event/1/query?eventid=us7000lwm5&format=geojson",
        "felt": null,
        "cdi": null,
        "mmi": null,
        "alert": null,
        "status": "reviewed",
        "tsunami": 0,
        "sig": 385,
        "net": "us",
        "code": "7000lwm5",
        "ids": ",us7000lwm5,",
        "sources": ",us,",
        "types": ",origin,phase-data,",
        "nst": 90,
        "dmin": 5.434,
        "rms": 0.91,
        "gap": 36,
        "magType": "mb",
        "type": "earthquake",
        "title": "M 5.0 - 235 km SSW of Yanglong, China"
      },
      "geometry": {
        "type": "Point",
        "coordinates": [
          97.0732,
          36.9825,
          10
        ]
      },
      "id": "us7000lwm5"
    },
    {
      "type": "Feature",
      "properties": {
        "mag": 5,
        "place": "287 km SSE of Port Blair, India",
        "time": 1705714571203,
        "updated": 1711733874040,
        "tz": null,
        "url": "https://earthquake.usgs.gov/earthquakes/eventpage/us6000m4vw",
        "detail": "https://earthquake.usgs.gov/fdsnws/event/1/query?eventid=us6000m4vw&format=geojson",
        "felt": null,
        "cdi": null,
        "mmi": null,
        "alert": null,
        "status": "reviewed",
        "tsunami": 0,
        "sig": 385,
        "net": "us",
        "code": "6000m4vw",
        "ids": ",us6000m4vw,",
        "sources": ",us,",
        "types": ",origin,phase-data,",
        "nst": 59,
        "dmin": 5.049,
        "rms": 1,
        "gap": 69,
        "magType": "mb",
        "type": "earthquake",
        "title": "M 5.0 - 287 km SSE of Port Blair, India"
      },
      "geometry": {
        "type": "Point",
        "coordinates": [
          94.0987,
          9.4409,
          10
        ]
      },
      "id": "us6000m4vw"
    },
    {
      "type": "Feature",
      "properties": {
        "mag": 6.4,
        "place": "45 km SSW of Jurm, Afghanistan",
        "time": 1704964826337,
        "updated": 1710615618040,
        "tz": null,
        "url": "https://earthquake.usgs.gov/earthquakes/eventpage/us6000m31m",
        "detail": "https://earthquake.usgs.gov/fdsnws/event/1/query?eventid=us6000m31m&format=geojson",
        "felt": 111,
        "cdi": 5.1,
        "mmi": 4.196,
        "alert": "green",
        "status": "reviewed",
        "tsunami": 0,
        "sig": 687,
        "net": "us",
        "code": "6000m31m",
        "ids": ",us6000m31m,usauto6000m31m,pt24011000,at00s73ba0,",
        "sources": ",us,usauto,pt,at,",
        "types": ",dyfi,ground-failure,impact-text,internal-moment-tensor,internal-origin,losspager,moment-tensor,origin,phase-data,shakemap,",
        "nst": 140,
        "dmin": 3.122,
        "rms": 1.02,
        "gap": 17,
        "magType": "mww",
        "type": "earthquake",
        "title": "M 6.4 - 45 km SSW of Jurm, Afghanistan"
      },
      "geometry": {
        "type": "Point",
        "coordinates": [
          70.6013,
          36.4979,
          204
        ]
      },
      "id": "us6000m31m"
    },
    {
      "type": "Feature",
      "properties": {
        "mag": 5,
        "place": "93 km WSW of Myitkyina, Myanmar",
        "time": 1703867476478,
        "updated": 1709415573040,
        "tz": null,
        "url": "https://earthquake.usgs.gov/earthquakes/eventpage/us6000m0f0",
        "detail": "https://earthquake.usgs.gov/fdsnws/event/1/query?eventid=us6000m0f0&format=geojson",
        "felt": null,
        "cdi": null,
        "mmi": null,
        "alert": null,
        "status": "reviewed",
        "tsunami": 0,
        "sig": 385,
        "net": "us",
        "code": "6000m0f0",
        "ids": ",us6000m0f0,",
        "sources": ",us,",
        "types": ",origin,phase-data,",
        "nst": 70,
        "dmin": 4.14,
        "rms": 0.8,
        "gap": 66,
        "magType": "mb",
        "type": "earthquake",
        "title": "M 5.0 - 93 km WSW of Myitkyina, Myanmar"
      },
      "geometry": {
        "type": "Point",
        "coordinates": [
          96.5235,
          25.0911,
          10
        ]
      },
      "id": "us6000m0f0"
    },
    {
      "type": "Feature",
      "properties": {
        "mag": 5.1,
        "place": "31 km S of Padam, India",
        "time": 1702894732984,
        "updated": 1709074620040,
        "tz": null,
        "url": "https://earthquake.usgs.gov/earthquakes/eventpage/us7000ljty",
        "detail": "https://earthquake.usgs.gov/fdsnws/event/1/query?eventid=us7000ljty&format=geojson",
        "felt": 8,
        "cdi": 4.8,
        "mmi": 5.954,
        "alert": "green",
        "status": "reviewed",
        "tsunami": 0,
        "sig": 404,
        "net": "us",
        "code": "7000ljty",
        "ids": ",us7000ljty,usauto7000ljty,",
        "sources": ",us,usauto,",
        "types": ",dyfi,internal-moment-tensor,losspager,moment-tensor,origin,phase-data,shakemap,",
        "nst": 119,
        "dmin": 3.023,
        "rms": 0.97,
        "gap": 32,
        "magType": "mww",
        "type": "earthquake",
        "title": "M 5.1 - 31 km S of Padam, India"
      },
      "geometry": {
        "type": "Point",
        "coordinates": [
          76.8401,
          33.1836,
          10
        ]
      },
      "id": "us7000ljty"
    },
    {
      "type": "Feature",
      "properties": {
        "mag": 5.5,
        "place": "9 km ENE of Rāmganj, Bangladesh",
        "time": 1701488133040,
        "updated": 1764098579891,
        "tz": null,
        "url": "https://earthquake.usgs.gov/earthquakes/eventpage/us7000lfaa",
        "detail": "https://earthquake.usgs.gov/fdsnws/event/1/query?eventid=us7000lfaa&format=geojson",
        "felt": 338,
        "cdi": 5.4,
        "mmi": 5.454,
        "alert": "yellow",
        "status": "reviewed",
        "tsunami": 0,
        "sig": 833,
        "net": "us",
        "code": "7000lfaa",
        "ids": ",us7000lfaa,usauto7000lfaa,",
        "sources": ",us,usauto,",
        "types": ",dyfi,ground-failure,impact-text,internal-moment-tensor,losspager,moment-tensor,origin,phase-data,shakemap,",
        "nst": 118,
        "dmin": 0.806,
        "rms": 0.6,
        "gap": 35,
        "magType": "mww",
        "type": "earthquake",
        "title": "M 5.5 - 9 km ENE of Rāmganj, Bangladesh"
      },
      "geometry": {
        "type": "Point",
        "coordinates": [
          90.9317,
          23.1475,
          45.057
        ]
      },
      "id": "us7000lfaa"
    },
    {
      "type": "Feature",
      "properties": {
        "mag": 5.3,
        "place": "34 km E of Dailekh, Nepal",
        "time": 1699267599805,
        "updated": 1705187411040,
        "tz": null,
        "url": "https://earthquake.usgs.gov/earthquakes/eventpage/us7000l94m",
        "detail": "https://earthquake.usgs.gov/fdsnws/event/1/query?eventid=us7000l94m&format=geojson",
        "felt": 38,
        "cdi": 4.1,
        "mmi": null,
        "alert": null,
        "status": "reviewed",
        "tsunami": 0,
        "sig": 448,
        "net": "us",
        "code": "7000l94m",
        "ids": ",us7000l94m,",
        "sources": ",us,",
        "types": ",dyfi,impact-text,origin,phase-data,",
        "nst": 110,
        "dmin": 3.022,
        "rms": 1.01,
        "gap": 30,
        "magType": "mb",
        "type": "earthquake",
        "title": "M 5.3 - 34 km E of Dailekh, Nepal"
      },
      "geometry": {
        "type": "Point",
        "coordinates": [
          82.0652,
          28.8564,
          10
        ]
      },
      "id": "us7000l94m"
    },
    {
      "type": "Feature",
      "properties": {
        "mag": 5.7,
        "place": "43 km E of Dailekh, Nepal",
        "time": 1699034573465,
        "updated": 1704866510040,
        "tz": null,
        "url": "https://earthquake.usgs.gov/earthquakes/eventpage/us7000l8p5",
        "detail": "https://earthquake.usgs.gov/fdsnws/event/1/query?eventid=us7000l8p5&format=geojson",
        "felt": 372,
        "cdi": 7.3,
        "mmi": 8.126,
        "alert": "yellow",
        "status": "reviewed",
        "tsunami": 0,
        "sig": 922,
        "net": "us",
        "code": "7000l8p5",
        "ids": ",us7000l8p5,usauto7000l8p5,pt23307000,at00s3k7gw,",
        "sources": ",us,usauto,pt,at,",
        "types": ",dyfi,ground-failure,impact-text,internal-moment-tensor,internal-origin,losspager,moment-tensor,origin,phase-data,shakemap,",
        "nst": 232,
        "dmin": 2.95,
        "rms": 0.94,
        "gap": 21,
        "magType": "mww",
        "type": "earthquake",
        "title": "M 5.7 - 43 km E of Dailekh, Nepal"
      },
      "geometry": {
        "type": "Point",
        "coordinates": [
          82.1531,
          28.858,
          12
        ]
      },
      "id": "us7000l8p5"
    },
    {
      "type": "Feature",
      "properties": {
        "mag": 5.2,
        "place": "36 km NE of Bharatpur, Nepal",
        "time": 1697939661100,
        "updated": 1722589340213,
        "tz": null,
        "url": "https://earthquake.usgs.gov/earthquakes/eventpage/us6000lh8c",
        "detail": "https://earthquake.usgs.gov/fdsnws/event/1/query?eventid=us6000lh8c&format=geojson",
        "felt": 87,
        "cdi": 4.3,
        "mmi": 5.044,
        "alert": "green",
        "status": "reviewed",
        "tsunami": 0,
        "sig": 453,
        "net": "us",
        "code": "6000lh8c",
        "ids": ",us6000lh8c,",
        "sources": ",us,",
        "types": ",dyfi,impact-text,losspager,origin,phase-data,shakemap,",
        "nst": 101,
        "dmin": 1.848,
        "rms": 0.82,
        "gap": 29,
        "magType": "mb",
        "type": "earthquake",
        "title": "M 5.2 - 36 km NE of Bharatpur, Nepal"
      },
      "geometry": {
        "type": "Point",
        "coordinates": [
          84.7252,
          27.8879,
          25.706
        ]
      },
      "id": "us6000lh8c"
    },
    {
      "type": "Feature",
      "properties": {
        "mag": 5,
        "place": "38 km NE of Dipayal, Nepal",
        "time": 1696658401972,
        "updated": 1702589215040,
        "tz": null,
        "url": "https://earthquake.usgs.gov/earthquakes/eventpage/us6000ldp9",
        "detail": "https://earthquake.usgs.gov/fdsnws/event/1/query?eventid=us6000ldp9&format=geojson",
        "felt": 3,
        "cdi": 4.6,
        "mmi": null,
        "alert": null,
        "status": "reviewed",
        "tsunami": 0,
        "sig": 386,
        "net": "us",
        "code": "6000ldp9",
        "ids": ",us6000ldp9,",
        "sources": ",us,",
        "types": ",dyfi,impact-text,origin,phase-data,",
        "nst": 112,
        "dmin": 3.966,
        "rms": 0.51,
        "gap": 46,
        "magType": "mb",
        "type": "earthquake",
        "title": "M 5.0 - 38 km NE of Dipayal, Nepal"
      },
      "geometry": {
        "type": "Point",
        "coordinates": [
          81.2055,
          29.5133,
          10
        ]
      },
      "id": "us6000ldp9"
    },
    {
      "type": "Feature",
      "properties": {
        "mag": 5.7,
        "place": "39 km NE of Dipayal, Nepal",
        "time": 1696324863018,
        "updated": 1702589211040,
        "tz": null,
        "url": "https://earthquake.usgs.gov/earthquakes/eventpage/us6000lcgj",
        "detail": "https://earthquake.usgs.gov/fdsnws/event/1/query?eventid=us6000lcgj&format=geojson",
        "felt": 131,
        "cdi": 8,
        "mmi": 6.603,
        "alert": "green",
        "status": "reviewed",
        "tsunami": 0,
        "sig": 605,
        "net": "us",
        "code": "6000lcgj",
        "ids": ",us6000lcgj,usauto6000lcgj,pt23276000,",
        "sources": ",us,usauto,pt,",
        "types": ",dyfi,ground-failure,impact-text,internal-moment-tensor,internal-origin,losspager,moment-tensor,origin,phase-data,shakemap,",
        "nst": 226,
        "dmin": 3.93,
        "rms": 0.33,
        "gap": 23,
        "magType": "mww",
        "type": "earthquake",
        "title": "M 5.7 - 39 km NE of Dipayal, Nepal"
      },
      "geometry": {
        "type": "Point",
        "coordinates": [
          81.242,
          29.4973,
          13
        ]
      },
      "id": "us6000lcgj"
    },
    {
      "type": "Feature",
      "properties": {
        "mag": 5,
        "place": "83 km ESE of Wāngjing, India",
        "time": 1694453520809,
        "updated": 1700346573040,
        "tz": null,
        "url": "https://earthquake.usgs.gov/earthquakes/eventpage/us7000kv42",
        "detail": "https://earthquake.usgs.gov/fdsnws/event/1/query?eventid=us7000kv42&format=geojson",
        "felt": 8,
        "cdi": 4.1,
        "mmi": null,
        "alert": null,
        "status": "reviewed",
        "tsunami": 0,
        "sig": 388,
        "net": "us",
        "code": "7000kv42",
        "ids": ",us7000kv42,",
        "sources": ",us,",
        "types": ",dyfi,origin,phase-data,",
        "nst": 126,
        "dmin": 3.39,
        "rms": 0.87,
        "gap": 29,
        "magType": "mww",
        "type": "earthquake",
        "title": "M 5.0 - 83 km ESE of Wāngjing, India"
      },
      "geometry": {
        "type": "Point",
        "coordinates": [
          94.8511,
          24.3645,
          110.242
        ]
      },
      "id": "us7000kv42"
    },
    {
      "type": "Feature",
      "properties": {
        "mag": 5,
        "place": "205 km N of Shi Yomi, India",
        "time": 1692456368434,
        "updated": 1698442744040,
        "tz": null,
        "url": "https://earthquake.usgs.gov/earthquakes/eventpage/us7000kpgp",
        "detail": "https://earthquake.usgs.gov/fdsnws/event/1/query?eventid=us7000kpgp&format=geojson",
        "felt": null,
        "cdi": null,
        "mmi": null,
        "alert": null,
        "status": "reviewed",
        "tsunami": 0,
        "sig": 385,
        "net": "us",
        "code": "7000kpgp",
        "ids": ",us7000kpgp,",
        "sources": ",us,",
        "types": ",origin,phase-data,",
        "nst": 56,
        "dmin": 3.208,
        "rms": 0.92,
        "gap": 47,
        "magType": "mb",
        "type": "earthquake",
        "title": "M 5.0 - 205 km N of Shi Yomi, India"
      },
      "geometry": {
        "type": "Point",
        "coordinates": [
          94.7507,
          30.3522,
          10
        ]
      },
      "id": "us7000kpgp"
    },
    {
      "type": "Feature",
      "properties": {
        "mag": 5.3,
        "place": "16 km NW of Karīmganj, India",
        "time": 1692024588667,
        "updated": 1701489253016,
        "tz": null,
        "url": "https://earthquake.usgs.gov/earthquakes/eventpage/us6000kzvl",
        "detail": "https://earthquake.usgs.gov/fdsnws/event/1/query?eventid=us6000kzvl&format=geojson",
        "felt": 163,
        "cdi": 6.3,
        "mmi": 5.324,
        "alert": "green",
        "status": "reviewed",
        "tsunami": 0,
        "sig": 535,
        "net": "us",
        "code": "6000kzvl",
        "ids": ",us6000kzvl,usauto6000kzvl,at00rzdyj5,",
        "sources": ",us,usauto,at,",
        "types": ",dyfi,ground-failure,internal-moment-tensor,internal-origin,losspager,origin,phase-data,shakemap,",
        "nst": 153,
        "dmin": 2.358,
        "rms": 0.75,
        "gap": 16,
        "magType": "mww",
        "type": "earthquake",
        "title": "M 5.3 - 16 km NW of Karīmganj, India"
      },
      "geometry": {
        "type": "Point",
        "coordinates": [
          92.2481,
          24.9796,
          36.648
        ]
      },
      "id": "us6000kzvl"
    },
    {
      "type": "Feature",
      "properties": {
        "mag": 5,
        "place": "293 km SSE of Port Blair, India",
        "time": 1691393001808,
        "updated": 1697580086040,
        "tz": null,
        "url": "https://earthquake.usgs.gov/earthquakes/eventpage/us6000kye0",
        "detail": "https://earthquake.usgs.gov/fdsnws/event/1/query?eventid=us6000kye0&format=geojson",
        "felt": null,
        "cdi": null,
        "mmi": null,
        "alert": null,
        "status": "reviewed",
        "tsunami": 0,
        "sig": 385,
        "net": "us",
        "code": "6000kye0",
        "ids": ",us6000kye0,",
        "sources": ",us,",
        "types": ",origin,phase-data,",
        "nst": 79,
        "dmin": 5.079,
        "rms": 0.45,
        "gap": 70,
        "magType": "mww",
        "type": "earthquake",
        "title": "M 5.0 - 293 km SSE of Port Blair, India"
      },
      "geometry": {
        "type": "Point",
        "coordinates": [
          93.7124,
          9.1915,
          10
        ]
      },
      "id": "us6000kye0"
    },
    {
      "type": "Feature",
      "properties": {
        "mag": 5.1,
        "place": "38 km SSE of Jurm, Afghanistan",
        "time": 1691328194830,
        "updated": 1697580086040,
        "tz": null,
        "url": "https://earthquake.usgs.gov/earthquakes/eventpage/us6000ky9w",
        "detail": "https://earthquake.usgs.gov/fdsnws/event/1/query?eventid=us6000ky9w&format=geojson",
        "felt": 2,
        "cdi": 5.4,
        "mmi": null,
        "alert": null,
        "status": "reviewed",
        "tsunami": 0,
        "sig": 401,
        "net": "us",
        "code": "6000ky9w",
        "ids": ",us6000ky9w,",
        "sources": ",us,",
        "types": ",dyfi,origin,phase-data,",
        "nst": 140,
        "dmin": 2.516,
        "rms": 0.73,
        "gap": 57,
        "magType": "mb",
        "type": "earthquake",
        "title": "M 5.1 - 38 km SSE of Jurm, Afghanistan"
      },
      "geometry": {
        "type": "Point",
        "coordinates": [
          70.9379,
          36.5314,
          85.167
        ]
      },
      "id": "us6000ky9w"
    },
    {
      "type": "Feature",
      "properties": {
        "mag": 5.3,
        "place": "Badakhshan, Afghanistan",
        "time": 1691281969691,
        "updated": 1697580085040,
        "tz": null,
        "url": "https://earthquake.usgs.gov/earthquakes/eventpage/us6000ky6s",
        "detail": "https://earthquake.usgs.gov/fdsnws/event/1/query?eventid=us6000ky6s&format=geojson",
        "felt": 8,
        "cdi": 6.3,
        "mmi": null,
        "alert": null,
        "status": "reviewed",
        "tsunami": 0,
        "sig": 437,
        "net": "us",
        "code": "6000ky6s",
        "ids": ",us6000ky6s,usauto6000ky6s,",
        "sources": ",us,usauto,",
        "types": ",dyfi,earthquake-name,internal-moment-tensor,moment-tensor,origin,phase-data,",
        "nst": 189,
        "dmin": 2.306,
        "rms": 0.71,
        "gap": 27,
        "magType": "mww",
        "type": "earthquake",
        "title": "M 5.3 - Badakhshan, Afghanistan"
      },
      "geometry": {
        "type": "Point",
        "coordinates": [
          70.6689,
          36.431,
          218.046
        ]
      },
      "id": "us6000ky6s"
    },
    {
      "type": "Feature",
      "properties": {
        "mag": 5.8,
        "place": "47 km SSW of Jurm, Afghanistan",
        "time": 1691251309816,
        "updated": 1696714739040,
        "tz": null,
        "url": "https://earthquake.usgs.gov/earthquakes/eventpage/us6000ky4d",
        "detail": "https://earthquake.usgs.gov/fdsnws/event/1/query?eventid=us6000ky4d&format=geojson",
        "felt": 25,
        "cdi": 5.4,
        "mmi": 3.701,
        "alert": "green",
        "status": "reviewed",
        "tsunami": 0,
        "sig": 531,
        "net": "us",
        "code": "6000ky4d",
        "ids": ",us6000ky4d,usauto6000ky4d,",
        "sources": ",us,usauto,",
        "types": ",dyfi,internal-moment-tensor,losspager,moment-tensor,origin,phase-data,shakemap,",
        "nst": 211,
        "dmin": 2.347,
        "rms": 0.88,
        "gap": 15,
        "magType": "mww",
        "type": "earthquake",
        "title": "M 5.8 - 47 km SSW of Jurm, Afghanistan"
      },
      "geometry": {
        "type": "Point",
        "coordinates": [
          70.7227,
          36.4504,
          209
        ]
      },
      "id": "us6000ky4d"
    },
    {
      "type": "Feature",
      "properties": {
        "mag": 5,
        "place": "23 km NNW of Shingli Bala, Pakistan",
        "time": 1691204764876,
        "updated": 1696714738040,
        "tz": null,
        "url": "https://earthquake.usgs.gov/earthquakes/eventpage/us6000ky0p",
        "detail": "https://earthquake.usgs.gov/fdsnws/event/1/query?eventid=us6000ky0p&format=geojson",
        "felt": 1,
        "cdi": 2.7,
        "mmi": null,
        "alert": null,
        "status": "reviewed",
        "tsunami": 0,
        "sig": 385,
        "net": "us",
        "code": "6000ky0p",
        "ids": ",us6000ky0p,",
        "sources": ",us,",
        "types": ",dyfi,origin,phase-data,",
        "nst": 72,
        "dmin": 1.257,
        "rms": 0.75,
        "gap": 37,
        "magType": "mb",
        "type": "earthquake",
        "title": "M 5.0 - 23 km NNW of Shingli Bala, Pakistan"
      },
      "geometry": {
        "type": "Point",
        "coordinates": [
          72.8455,
          34.8611,
          45.949
        ]
      },
      "id": "us6000ky0p"
    },
    {
      "type": "Feature",
      "properties": {
        "mag": 5.2,
        "place": "278 km SSE of Port Blair, India",
        "time": 1690938437066,
        "updated": 1696714736040,
        "tz": null,
        "url": "https://earthquake.usgs.gov/earthquakes/eventpage/us6000kx7s",
        "detail": "https://earthquake.usgs.gov/fdsnws/event/1/query?eventid=us6000kx7s&format=geojson",
        "felt": null,
        "cdi": null,
        "mmi": null,
        "alert": null,
        "status": "reviewed",
        "tsunami": 0,
        "sig": 416,
        "net": "us",
        "code": "6000kx7s",
        "ids": ",usauto6000kx7s,us6000kx7s,",
        "sources": ",usauto,us,",
        "types": ",internal-moment-tensor,origin,phase-data,",
        "nst": 80,
        "dmin": 7.758,
        "rms": 0.56,
        "gap": 86,
        "magType": "mww",
        "type": "earthquake",
        "title": "M 5.2 - 278 km SSE of Port Blair, India"
      },
      "geometry": {
        "type": "Point",
        "coordinates": [
          94.0695,
          9.5163,
          10
        ]
      },
      "id": "us6000kx7s"
    },
    {
      "type": "Feature",
      "properties": {
        "mag": 5.3,
        "place": "287 km SSE of Port Blair, India",
        "time": 1690935011622,
        "updated": 1696714736040,
        "tz": null,
        "url": "https://earthquake.usgs.gov/earthquakes/eventpage/us6000kx7b",
        "detail": "https://earthquake.usgs.gov/fdsnws/event/1/query?eventid=us6000kx7b&format=geojson",
        "felt": null,
        "cdi": null,
        "mmi": null,
        "alert": null,
        "status": "reviewed",
        "tsunami": 0,
        "sig": 432,
        "net": "us",
        "code": "6000kx7b",
        "ids": ",usauto6000kx7b,us6000kx7b,",
        "sources": ",usauto,us,",
        "types": ",internal-moment-tensor,origin,phase-data,",
        "nst": 159,
        "dmin": 5.069,
        "rms": 0.89,
        "gap": 45,
        "magType": "mww",
        "type": "earthquake",
        "title": "M 5.3 - 287 km SSE of Port Blair, India"
      },
      "geometry": {
        "type": "Point",
        "coordinates": [
          93.9282,
          9.3458,
          10
        ]
      },
      "id": "us6000kx7b"
    },
    {
      "type": "Feature",
      "properties": {
        "mag": 5.9,
        "place": "152 km SE of Port Blair, India",
        "time": 1690572226487,
        "updated": 1696109793040,
        "tz": null,
        "url": "https://earthquake.usgs.gov/earthquakes/eventpage/us6000kwam",
        "detail": "https://earthquake.usgs.gov/fdsnws/event/1/query?eventid=us6000kwam&format=geojson",
        "felt": 6,
        "cdi": 5.6,
        "mmi": 4.093,
        "alert": "green",
        "status": "reviewed",
        "tsunami": 0,
        "sig": 539,
        "net": "us",
        "code": "6000kwam",
        "ids": ",us6000kwam,pt23209001,",
        "sources": ",us,pt,",
        "types": ",dyfi,internal-origin,losspager,moment-tensor,origin,phase-data,shakemap,",
        "nst": 261,
        "dmin": 6.26,
        "rms": 0.88,
        "gap": 17,
        "magType": "mww",
        "type": "earthquake",
        "title": "M 5.9 - 152 km SE of Port Blair, India"
      },
      "geometry": {
        "type": "Point",
        "coordinates": [
          93.5418,
          10.5368,
          88.891
        ]
      },
      "id": "us6000kwam"
    },
    {
      "type": "Feature",
      "properties": {
        "mag": 5,
        "place": "206 km NNE of Shi Yomi, India",
        "time": 1690496035178,
        "updated": 1696109792040,
        "tz": null,
        "url": "https://earthquake.usgs.gov/earthquakes/eventpage/us6000kw0u",
        "detail": "https://earthquake.usgs.gov/fdsnws/event/1/query?eventid=us6000kw0u&format=geojson",
        "felt": null,
        "cdi": null,
        "mmi": null,
        "alert": null,
        "status": "reviewed",
        "tsunami": 0,
        "sig": 385,
        "net": "us",
        "code": "6000kw0u",
        "ids": ",us6000kw0u,",
        "sources": ",us,",
        "types": ",origin,phase-data,",
        "nst": 102,
        "dmin": 3.277,
        "rms": 0.45,
        "gap": 63,
        "magType": "mb",
        "type": "earthquake",
        "title": "M 5.0 - 206 km NNE of Shi Yomi, India"
      },
      "geometry": {
        "type": "Point",
        "coordinates": [
          94.8318,
          30.35,
          10
        ]
      },
      "id": "us6000kw0u"
    },
    {
      "type": "Feature",
      "properties": {
        "mag": 5.1,
        "place": "22 km ESE of Farkhār, Afghanistan",
        "time": 1689751600770,
        "updated": 1695936827040,
        "tz": null,
        "url": "https://earthquake.usgs.gov/earthquakes/eventpage/us7000kgsp",
        "detail": "https://earthquake.usgs.gov/fdsnws/event/1/query?eventid=us7000kgsp&format=geojson",
        "felt": null,
        "cdi": null,
        "mmi": null,
        "alert": null,
        "status": "reviewed",
        "tsunami": 0,
        "sig": 400,
        "net": "us",
        "code": "7000kgsp",
        "ids": ",us7000kgsp,",
        "sources": ",us,",
        "types": ",moment-tensor,origin,phase-data,",
        "nst": 123,
        "dmin": 2.153,
        "rms": 0.92,
        "gap": 22,
        "magType": "mww",
        "type": "earthquake",
        "title": "M 5.1 - 22 km ESE of Farkhār, Afghanistan"
      },
      "geometry": {
        "type": "Point",
        "coordinates": [
          70.0961,
          36.5193,
          215.106
        ]
      },
      "id": "us7000kgsp"
    },
    {
      "type": "Feature",
      "properties": {
        "mag": 5,
        "place": "38 km SE of Khorugh, Tajikistan",
        "time": 1688014678964,
        "updated": 1694182707040,
        "tz": null,
        "url": "https://earthquake.usgs.gov/earthquakes/eventpage/us6000kntb",
        "detail": "https://earthquake.usgs.gov/fdsnws/event/1/query?eventid=us6000kntb&format=geojson",
        "felt": 2,
        "cdi": 2,
        "mmi": null,
        "alert": null,
        "status": "reviewed",
        "tsunami": 0,
        "sig": 385,
        "net": "us",
        "code": "6000kntb",
        "ids": ",us6000kntb,",
        "sources": ",us,",
        "types": ",dyfi,origin,phase-data,",
        "nst": 87,
        "dmin": 2.267,
        "rms": 0.56,
        "gap": 59,
        "magType": "mww",
        "type": "earthquake",
        "title": "M 5.0 - 38 km SE of Khorugh, Tajikistan"
      },
      "geometry": {
        "type": "Point",
        "coordinates": [
          71.798,
          37.2073,
          129.867
        ]
      },
      "id": "us6000kntb"
    },
    {
      "type": "Feature",
      "properties": {
        "mag": 5.6,
        "place": "131 km SSE of Pyapon, Myanmar",
        "time": 1687138824074,
        "updated": 1693083263040,
        "tz": null,
        "url": "https://earthquake.usgs.gov/earthquakes/eventpage/us7000k9he",
        "detail": "https://earthquake.usgs.gov/fdsnws/event/1/query?eventid=us7000k9he&format=geojson",
        "felt": 17,
        "cdi": 3.4,
        "mmi": 3.859,
        "alert": "green",
        "status": "reviewed",
        "tsunami": 0,
        "sig": 488,
        "net": "us",
        "code": "7000k9he",
        "ids": ",us7000k9he,usauto7000k9he,",
        "sources": ",us,usauto,",
        "types": ",dyfi,internal-moment-tensor,losspager,moment-tensor,origin,phase-data,shakemap,",
        "nst": 132,
        "dmin": 2.869,
        "rms": 0.76,
        "gap": 34,
        "magType": "mww",
        "type": "earthquake",
        "title": "M 5.6 - 131 km SSE of Pyapon, Myanmar"
      },
      "geometry": {
        "type": "Point",
        "coordinates": [
          96.2895,
          15.2546,
          13.518
        ]
      },
      "id": "us7000k9he"
    },
    {
      "type": "Feature",
      "properties": {
        "mag": 5,
        "place": "India-Bangladesh border region",
        "time": 1686890771360,
        "updated": 1692591544040,
        "tz": null,
        "url": "https://earthquake.usgs.gov/earthquakes/eventpage/us7000k8uw",
        "detail": "https://earthquake.usgs.gov/fdsnws/event/1/query?eventid=us7000k8uw&format=geojson",
        "felt": 78,
        "cdi": 7.4,
        "mmi": null,
        "alert": null,
        "status": "reviewed",
        "tsunami": 0,
        "sig": 442,
        "net": "us",
        "code": "7000k8uw",
        "ids": ",us7000k8uw,",
        "sources": ",us,",
        "types": ",dyfi,origin,phase-data,",
        "nst": 79,
        "dmin": 5.014,
        "rms": 0.91,
        "gap": 60,
        "magType": "mb",
        "type": "earthquake",
        "title": "M 5.0 - India-Bangladesh border region"
      },
      "geometry": {
        "type": "Point",
        "coordinates": [
          92.0224,
          24.7339,
          10
        ]
      },
      "id": "us7000k8uw"
    },
    {
      "type": "Feature",
      "properties": {
        "mag": 5.2,
        "place": "23 km NE of Bhadarwāh, India",
        "time": 1686643420348,
        "updated": 1692591526040,
        "tz": null,
        "url": "https://earthquake.usgs.gov/earthquakes/eventpage/us7000k850",
        "detail": "https://earthquake.usgs.gov/fdsnws/event/1/query?eventid=us7000k850&format=geojson",
        "felt": 60,
        "cdi": 6.8,
        "mmi": null,
        "alert": null,
        "status": "reviewed",
        "tsunami": 0,
        "sig": 457,
        "net": "us",
        "code": "7000k850",
        "ids": ",us7000k850,",
        "sources": ",us,",
        "types": ",dyfi,impact-text,origin,phase-data,",
        "nst": 121,
        "dmin": 2.271,
        "rms": 0.79,
        "gap": 23,
        "magType": "mww",
        "type": "earthquake",
        "title": "M 5.2 - 23 km NE of Bhadarwāh, India"
      },
      "geometry": {
        "type": "Point",
        "coordinates": [
          75.9074,
          33.1191,
          10
        ]
      },
      "id": "us7000k850"
    },
    {
      "type": "Feature",
      "properties": {
        "mag": 5.9,
        "place": "121 km WSW of Myitkyina, Myanmar",
        "time": 1685532014013,
        "updated": 1695479827535,
        "tz": null,
        "url": "https://earthquake.usgs.gov/earthquakes/eventpage/us7000k58h",
        "detail": "https://earthquake.usgs.gov/fdsnws/event/1/query?eventid=us7000k58h&format=geojson",
        "felt": 6,
        "cdi": 6.6,
        "mmi": 7.962,
        "alert": "yellow",
        "status": "reviewed",
        "tsunami": 0,
        "sig": 654,
        "net": "us",
        "code": "7000k58h",
        "ids": ",us7000k58h,usauto7000k58h,",
        "sources": ",us,usauto,",
        "types": ",dyfi,ground-failure,impact-text,internal-moment-tensor,losspager,moment-tensor,origin,phase-data,shakemap,",
        "nst": 194,
        "dmin": 4.379,
        "rms": 0.71,
        "gap": 43,
        "magType": "mww",
        "type": "earthquake",
        "title": "M 5.9 - 121 km WSW of Myitkyina, Myanmar"
      },
      "geometry": {
        "type": "Point",
        "coordinates": [
          96.2315,
          25.1051,
          10
        ]
      },
      "id": "us7000k58h"
    },
    {
      "type": "Feature",
      "properties": {
        "mag": 5.3,
        "place": "34 km SE of Jurm, Afghanistan",
        "time": 1685252996585,
        "updated": 1691273256040,
        "tz": null,
        "url": "https://earthquake.usgs.gov/earthquakes/eventpage/us7000k4kr",
        "detail": "https://earthquake.usgs.gov/fdsnws/event/1/query?eventid=us7000k4kr&format=geojson",
        "felt": 18,
        "cdi": 5.3,
        "mmi": null,
        "alert": null,
        "status": "reviewed",
        "tsunami": 0,
        "sig": 442,
        "net": "us",
        "code": "7000k4kr",
        "ids": ",us7000k4kr,usauto7000k4kr,",
        "sources": ",us,usauto,",
        "types": ",dyfi,impact-text,internal-moment-tensor,moment-tensor,origin,phase-data,",
        "nst": 130,
        "dmin": 2.613,
        "rms": 0.67,
        "gap": 45,
        "magType": "mww",
        "type": "earthquake",
        "title": "M 5.3 - 34 km SE of Jurm, Afghanistan"
      },
      "geometry": {
        "type": "Point",
        "coordinates": [
          71.0508,
          36.6064,
          230.416
        ]
      },
      "id": "us7000k4kr"
    },
    {
      "type": "Feature",
      "properties": {
        "mag": 5,
        "place": "76 km NNE of Sarupathar, India",
        "time": 1684723535828,
        "updated": 1690668027040,
        "tz": null,
        "url": "https://earthquake.usgs.gov/earthquakes/eventpage/us6000kdsy",
        "detail": "https://earthquake.usgs.gov/fdsnws/event/1/query?eventid=us6000kdsy&format=geojson",
        "felt": null,
        "cdi": null,
        "mmi": null,
        "alert": null,
        "status": "reviewed",
        "tsunami": 0,
        "sig": 385,
        "net": "us",
        "code": "6000kdsy",
        "ids": ",us6000kdsy,",
        "sources": ",us,",
        "types": ",origin,phase-data,",
        "nst": 159,
        "dmin": 5.916,
        "rms": 0.52,
        "gap": 35,
        "magType": "mb",
        "type": "earthquake",
        "title": "M 5.0 - 76 km NNE of Sarupathar, India"
      },
      "geometry": {
        "type": "Point",
        "coordinates": [
          97.023,
          26.8674,
          10
        ]
      },
      "id": "us6000kdsy"
    },
    {
      "type": "Feature",
      "properties": {
        "mag": 5.1,
        "place": "109 km SW of Port Blair, India",
        "time": 1683639738282,
        "updated": 1690053390040,
        "tz": null,
        "url": "https://earthquake.usgs.gov/earthquakes/eventpage/us6000kalp",
        "detail": "https://earthquake.usgs.gov/fdsnws/event/1/query?eventid=us6000kalp&format=geojson",
        "felt": 2,
        "cdi": 2.2,
        "mmi": null,
        "alert": null,
        "status": "reviewed",
        "tsunami": 0,
        "sig": 401,
        "net": "us",
        "code": "6000kalp",
        "ids": ",us6000kalp,",
        "sources": ",us,",
        "types": ",dyfi,origin,phase-data,",
        "nst": 110,
        "dmin": 0.973,
        "rms": 1.01,
        "gap": 64,
        "magType": "mb",
        "type": "earthquake",
        "title": "M 5.1 - 109 km SW of Port Blair, India"
      },
      "geometry": {
        "type": "Point",
        "coordinates": [
          92.0333,
          10.972,
          10
        ]
      },
      "id": "us6000kalp"
    },
    {
      "type": "Feature",
      "properties": {
        "mag": 5.3,
        "place": "41 km SSW of Jurm, Afghanistan",
        "time": 1683107480143,
        "updated": 1689459065040,
        "tz": null,
        "url": "https://earthquake.usgs.gov/earthquakes/eventpage/us7000jxqb",
        "detail": "https://earthquake.usgs.gov/fdsnws/event/1/query?eventid=us7000jxqb&format=geojson",
        "felt": 4,
        "cdi": 3.4,
        "mmi": null,
        "alert": null,
        "status": "reviewed",
        "tsunami": 0,
        "sig": 434,
        "net": "us",
        "code": "7000jxqb",
        "ids": ",us7000jxqb,usauto7000jxqb,",
        "sources": ",us,usauto,",
        "types": ",dyfi,internal-moment-tensor,moment-tensor,origin,phase-data,",
        "nst": 198,
        "dmin": 2.39,
        "rms": 0.59,
        "gap": 28,
        "magType": "mww",
        "type": "earthquake",
        "title": "M 5.3 - 41 km SSW of Jurm, Afghanistan"
      },
      "geometry": {
        "type": "Point",
        "coordinates": [
          70.7311,
          36.4988,
          194.44
        ]
      },
      "id": "us7000jxqb"
    },
    {
      "type": "Feature",
      "properties": {
        "mag": 5.1,
        "place": "72 km NE of Dipayal, Nepal",
        "time": 1682624753627,
        "updated": 1689039887040,
        "tz": null,
        "url": "https://earthquake.usgs.gov/earthquakes/eventpage/us7000jwdq",
        "detail": "https://earthquake.usgs.gov/fdsnws/event/1/query?eventid=us7000jwdq&format=geojson",
        "felt": 4,
        "cdi": 6.3,
        "mmi": null,
        "alert": null,
        "status": "reviewed",
        "tsunami": 0,
        "sig": 403,
        "net": "us",
        "code": "7000jwdq",
        "ids": ",us7000jwdq,",
        "sources": ",us,",
        "types": ",dyfi,earthquake-name,impact-text,origin,phase-data,",
        "nst": 75,
        "dmin": 3.746,
        "rms": 0.72,
        "gap": 59,
        "magType": "mb",
        "type": "earthquake",
        "title": "M 5.1 - 72 km NE of Dipayal, Nepal"
      },
      "geometry": {
        "type": "Point",
        "coordinates": [
          81.5483,
          29.6212,
          10
        ]
      },
      "id": "us7000jwdq"
    },
    {
      "type": "Feature",
      "properties": {
        "mag": 5,
        "place": "Nicobar Islands, India region",
        "time": 1682333911943,
        "updated": 1689039881040,
        "tz": null,
        "url": "https://earthquake.usgs.gov/earthquakes/eventpage/us6000k6r8",
        "detail": "https://earthquake.usgs.gov/fdsnws/event/1/query?eventid=us6000k6r8&format=geojson",
        "felt": null,
        "cdi": null,
        "mmi": null,
        "alert": null,
        "status": "reviewed",
        "tsunami": 0,
        "sig": 385,
        "net": "us",
        "code": "6000k6r8",
        "ids": ",us6000k6r8,",
        "sources": ",us,",
        "types": ",origin,phase-data,",
        "nst": 68,
        "dmin": 5.118,
        "rms": 0.82,
        "gap": 36,
        "magType": "mb",
        "type": "earthquake",
        "title": "M 5.0 - Nicobar Islands, India region"
      },
      "geometry": {
        "type": "Point",
        "coordinates": [
          93.8685,
          9.3625,
          10
        ]
      },
      "id": "us6000k6r8"
    },
    {
      "type": "Feature",
      "properties": {
        "mag": 5.2,
        "place": "Nicobar Islands, India region",
        "time": 1681073758001,
        "updated": 1687037801040,
        "tz": null,
        "url": "https://earthquake.usgs.gov/earthquakes/eventpage/us6000k34r",
        "detail": "https://earthquake.usgs.gov/fdsnws/event/1/query?eventid=us6000k34r&format=geojson",
        "felt": null,
        "cdi": null,
        "mmi": null,
        "alert": null,
        "status": "reviewed",
        "tsunami": 0,
        "sig": 416,
        "net": "us",
        "code": "6000k34r",
        "ids": ",us6000k34r,",
        "sources": ",us,",
        "types": ",moment-tensor,origin,phase-data,",
        "nst": 136,
        "dmin": 2.872,
        "rms": 0.74,
        "gap": 37,
        "magType": "mww",
        "type": "earthquake",
        "title": "M 5.2 - Nicobar Islands, India region"
      },
      "geometry": {
        "type": "Point",
        "coordinates": [
          93.9224,
          9.0116,
          10
        ]
      },
      "id": "us6000k34r"
    },
    {
      "type": "Feature",
      "properties": {
        "mag": 5.7,
        "place": "Nicobar Islands, India region",
        "time": 1681042653607,
        "updated": 1687037800040,
        "tz": null,
        "url": "https://earthquake.usgs.gov/earthquakes/eventpage/us6000k314",
        "detail": "https://earthquake.usgs.gov/fdsnws/event/1/query?eventid=us6000k314&format=geojson",
        "felt": null,
        "cdi": null,
        "mmi": 3.77,
        "alert": "green",
        "status": "reviewed",
        "tsunami": 0,
        "sig": 500,
        "net": "us",
        "code": "6000k314",
        "ids": ",usauto6000k314,pt23099001,us6000k314,",
        "sources": ",usauto,pt,us,",
        "types": ",internal-moment-tensor,internal-origin,losspager,moment-tensor,origin,phase-data,shakemap,",
        "nst": 115,
        "dmin": 4.745,
        "rms": 0.7,
        "gap": 40,
        "magType": "mww",
        "type": "earthquake",
        "title": "M 5.7 - Nicobar Islands, India region"
      },
      "geometry": {
        "type": "Point",
        "coordinates": [
          93.9695,
          8.966,
          10
        ]
      },
      "id": "us6000k314"
    },
    {
      "type": "Feature",
      "properties": {
        "mag": 5.5,
        "place": "Nicobar Islands, India region",
        "time": 1681036280479,
        "updated": 1705607112009,
        "tz": null,
        "url": "https://earthquake.usgs.gov/earthquakes/eventpage/us6000k2zy",
        "detail": "https://earthquake.usgs.gov/fdsnws/event/1/query?eventid=us6000k2zy&format=geojson",
        "felt": null,
        "cdi": null,
        "mmi": 3.819,
        "alert": "green",
        "status": "reviewed",
        "tsunami": 0,
        "sig": 465,
        "net": "us",
        "code": "6000k2zy",
        "ids": ",us6000k2zy,usauto6000k2zy,pt23099000,at00rsufwe,",
        "sources": ",us,usauto,pt,at,",
        "types": ",earthquake-name,internal-moment-tensor,internal-origin,losspager,origin,phase-data,shakemap,",
        "nst": 120,
        "dmin": 2.957,
        "rms": 0.66,
        "gap": 45,
        "magType": "mww",
        "type": "earthquake",
        "title": "M 5.5 - Nicobar Islands, India region"
      },
      "geometry": {
        "type": "Point",
        "coordinates": [
          93.9552,
          8.9326,
          10
        ]
      },
      "id": "us6000k2zy"
    },
    {
      "type": "Feature",
      "properties": {
        "mag": 5.3,
        "place": "Nicobar Islands, India region",
        "time": 1681026374580,
        "updated": 1687037800040,
        "tz": null,
        "url": "https://earthquake.usgs.gov/earthquakes/eventpage/us6000k2z6",
        "detail": "https://earthquake.usgs.gov/fdsnws/event/1/query?eventid=us6000k2z6&format=geojson",
        "felt": null,
        "cdi": null,
        "mmi": 3.375,
        "alert": "green",
        "status": "reviewed",
        "tsunami": 0,
        "sig": 432,
        "net": "us",
        "code": "6000k2z6",
        "ids": ",usauto6000k2z6,us6000k2z6,",
        "sources": ",usauto,us,",
        "types": ",internal-moment-tensor,losspager,moment-tensor,origin,phase-data,shakemap,",
        "nst": 160,
        "dmin": 4.828,
        "rms": 0.48,
        "gap": 43,
        "magType": "mww",
        "type": "earthquake",
        "title": "M 5.3 - Nicobar Islands, India region"
      },
      "geometry": {
        "type": "Point",
        "coordinates": [
          94.0003,
          9.096,
          10
        ]
      },
      "id": "us6000k2z6"
    },
    {
      "type": "Feature",
      "properties": {
        "mag": 5,
        "place": "Nicobar Islands, India region",
        "time": 1680628662936,
        "updated": 1686625981040,
        "tz": null,
        "url": "https://earthquake.usgs.gov/earthquakes/eventpage/us6000k1zc",
        "detail": "https://earthquake.usgs.gov/fdsnws/event/1/query?eventid=us6000k1zc&format=geojson",
        "felt": null,
        "cdi": null,
        "mmi": null,
        "alert": null,
        "status": "reviewed",
        "tsunami": 0,
        "sig": 385,
        "net": "us",
        "code": "6000k1zc",
        "ids": ",us6000k1zc,",
        "sources": ",us,",
        "types": ",earthquake-name,moment-tensor,origin,phase-data,",
        "nst": 123,
        "dmin": 2.823,
        "rms": 0.68,
        "gap": 44,
        "magType": "mww",
        "type": "earthquake",
        "title": "M 5.0 - Nicobar Islands, India region"
      },
      "geometry": {
        "type": "Point",
        "coordinates": [
          93.9052,
          9.058,
          9.989
        ]
      },
      "id": "us6000k1zc"
    },
    {
      "type": "Feature",
      "properties": {
        "mag": 6.5,
        "place": "40 km SSE of Jurm, Afghanistan",
        "time": 1679417243626,
        "updated": 1697997055996,
        "tz": null,
        "url": "https://earthquake.usgs.gov/earthquakes/eventpage/us7000jln7",
        "detail": "https://earthquake.usgs.gov/fdsnws/event/1/query?eventid=us7000jln7&format=geojson",
        "felt": 1084,
        "cdi": 7,
        "mmi": 4.693,
        "alert": "green",
        "status": "reviewed",
        "tsunami": 0,
        "sig": 1350,
        "net": "us",
        "code": "7000jln7",
        "ids": ",us7000jln7,usauto7000jln7,pt23080001,at00rrvqn0,",
        "sources": ",us,usauto,pt,at,",
        "types": ",dyfi,earthquake-name,ground-failure,impact-text,internal-moment-tensor,internal-origin,losspager,moment-tensor,origin,phase-data,shakemap,",
        "nst": 164,
        "dmin": 2.512,
        "rms": 0.94,
        "gap": 12,
        "magType": "mww",
        "type": "earthquake",
        "title": "M 6.5 - 40 km SSE of Jurm, Afghanistan"
      },
      "geometry": {
        "type": "Point",
        "coordinates": [
          70.943,
          36.523,
          192
        ]
      },
      "id": "us7000jln7"
    },
    {
      "type": "Feature",
      "properties": {
        "mag": 5,
        "place": "111 km WSW of Qamdo, China",
        "time": 1679049579278,
        "updated": 1684624832040,
        "tz": null,
        "url": "https://earthquake.usgs.gov/earthquakes/eventpage/us7000jktb",
        "detail": "https://earthquake.usgs.gov/fdsnws/event/1/query?eventid=us7000jktb&format=geojson",
        "felt": null,
        "cdi": null,
        "mmi": null,
        "alert": null,
        "status": "reviewed",
        "tsunami": 0,
        "sig": 385,
        "net": "us",
        "code": "7000jktb",
        "ids": ",us7000jktb,",
        "sources": ",us,",
        "types": ",origin,phase-data,",
        "nst": 137,
        "dmin": 9.891,
        "rms": 0.47,
        "gap": 35,
        "magType": "mww",
        "type": "earthquake",
        "title": "M 5.0 - 111 km WSW of Qamdo, China"
      },
      "geometry": {
        "type": "Point",
        "coordinates": [
          96.0896,
          30.7663,
          10
        ]
      },
      "id": "us7000jktb"
    },
    {
      "type": "Feature",
      "properties": {
        "mag": 5.1,
        "place": "Nicobar Islands, India region",
        "time": 1678059431420,
        "updated": 1684119033040,
        "tz": null,
        "url": "https://earthquake.usgs.gov/earthquakes/eventpage/us7000jhj3",
        "detail": "https://earthquake.usgs.gov/fdsnws/event/1/query?eventid=us7000jhj3&format=geojson",
        "felt": null,
        "cdi": null,
        "mmi": null,
        "alert": null,
        "status": "reviewed",
        "tsunami": 0,
        "sig": 400,
        "net": "us",
        "code": "7000jhj3",
        "ids": ",us7000jhj3,",
        "sources": ",us,",
        "types": ",origin,phase-data,",
        "nst": 82,
        "dmin": 5.678,
        "rms": 0.54,
        "gap": 65,
        "magType": "mww",
        "type": "earthquake",
        "title": "M 5.1 - Nicobar Islands, India region"
      },
      "geometry": {
        "type": "Point",
        "coordinates": [
          91.7592,
          7.6244,
          10
        ]
      },
      "id": "us7000jhj3"
    },
    {
      "type": "Feature",
      "properties": {
        "mag": 5,
        "place": "northern Qinghai, China",
        "time": 1675426480692,
        "updated": 1681422801040,
        "tz": null,
        "url": "https://earthquake.usgs.gov/earthquakes/eventpage/us6000jl5u",
        "detail": "https://earthquake.usgs.gov/fdsnws/event/1/query?eventid=us6000jl5u&format=geojson",
        "felt": null,
        "cdi": null,
        "mmi": null,
        "alert": null,
        "status": "reviewed",
        "tsunami": 0,
        "sig": 385,
        "net": "us",
        "code": "6000jl5u",
        "ids": ",us6000jl5u,",
        "sources": ",us,",
        "types": ",origin,phase-data,",
        "nst": 78,
        "dmin": 12.445,
        "rms": 0.49,
        "gap": 43,
        "magType": "mb",
        "type": "earthquake",
        "title": "M 5.0 - northern Qinghai, China"
      },
      "geometry": {
        "type": "Point",
        "coordinates": [
          96.9059,
          37.0695,
          10
        ]
      },
      "id": "us6000jl5u"
    },
    {
      "type": "Feature",
      "properties": {
        "mag": 5,
        "place": "northern Qinghai, China",
        "time": 1675425859601,
        "updated": 1681422801040,
        "tz": null,
        "url": "https://earthquake.usgs.gov/earthquakes/eventpage/us6000jl5t",
        "detail": "https://earthquake.usgs.gov/fdsnws/event/1/query?eventid=us6000jl5t&format=geojson",
        "felt": null,
        "cdi": null,
        "mmi": 6.009,
        "alert": "green",
        "status": "reviewed",
        "tsunami": 0,
        "sig": 385,
        "net": "us",
        "code": "6000jl5t",
        "ids": ",us6000jl5t,",
        "sources": ",us,",
        "types": ",losspager,moment-tensor,origin,phase-data,shakemap,",
        "nst": 111,
        "dmin": 5.579,
        "rms": 0.48,
        "gap": 28,
        "magType": "mww",
        "type": "earthquake",
        "title": "M 5.0 - northern Qinghai, China"
      },
      "geometry": {
        "type": "Point",
        "coordinates": [
          96.9,
          37.0348,
          10
        ]
      },
      "id": "us6000jl5t"
    },
    {
      "type": "Feature",
      "properties": {
        "mag": 5,
        "place": "105 km ENE of Port Blair, India",
        "time": 1675104337506,
        "updated": 1681422791040,
        "tz": null,
        "url": "https://earthquake.usgs.gov/earthquakes/eventpage/us6000jkdx",
        "detail": "https://earthquake.usgs.gov/fdsnws/event/1/query?eventid=us6000jkdx&format=geojson",
        "felt": 2,
        "cdi": 2.6,
        "mmi": null,
        "alert": null,
        "status": "reviewed",
        "tsunami": 0,
        "sig": 385,
        "net": "us",
        "code": "6000jkdx",
        "ids": ",us6000jkdx,",
        "sources": ",us,",
        "types": ",dyfi,origin,phase-data,",
        "nst": 93,
        "dmin": 5.837,
        "rms": 0.69,
        "gap": 48,
        "magType": "mb",
        "type": "earthquake",
        "title": "M 5.0 - 105 km ENE of Port Blair, India"
      },
      "geometry": {
        "type": "Point",
        "coordinates": [
          93.5873,
          12.1363,
          107.401
        ]
      },
      "id": "us6000jkdx"
    },
    {
      "type": "Feature",
      "properties": {
        "mag": 5,
        "place": "152 km S of Hotan, China",
        "time": 1675098464514,
        "updated": 1681422791040,
        "tz": null,
        "url": "https://earthquake.usgs.gov/earthquakes/eventpage/us6000jkdb",
        "detail": "https://earthquake.usgs.gov/fdsnws/event/1/query?eventid=us6000jkdb&format=geojson",
        "felt": null,
        "cdi": null,
        "mmi": null,
        "alert": null,
        "status": "reviewed",
        "tsunami": 0,
        "sig": 385,
        "net": "us",
        "code": "6000jkdb",
        "ids": ",us6000jkdb,",
        "sources": ",us,",
        "types": ",moment-tensor,origin,phase-data,",
        "nst": 122,
        "dmin": 5.835,
        "rms": 0.76,
        "gap": 38,
        "magType": "mww",
        "type": "earthquake",
        "title": "M 5.0 - 152 km S of Hotan, China"
      },
      "geometry": {
        "type": "Point",
        "coordinates": [
          79.8867,
          35.7367,
          10
        ]
      },
      "id": "us6000jkdb"
    },
    {
      "type": "Feature",
      "properties": {
        "mag": 5,
        "place": "152 km S of Hotan, China",
        "time": 1674662530186,
        "updated": 1681239091040,
        "tz": null,
        "url": "https://earthquake.usgs.gov/earthquakes/eventpage/us6000jj6p",
        "detail": "https://earthquake.usgs.gov/fdsnws/event/1/query?eventid=us6000jj6p&format=geojson",
        "felt": 1,
        "cdi": 1,
        "mmi": null,
        "alert": null,
        "status": "reviewed",
        "tsunami": 0,
        "sig": 385,
        "net": "us",
        "code": "6000jj6p",
        "ids": ",us6000jj6p,",
        "sources": ",us,",
        "types": ",dyfi,origin,phase-data,",
        "nst": 206,
        "dmin": 5.806,
        "rms": 0.5,
        "gap": 32,
        "magType": "mww",
        "type": "earthquake",
        "title": "M 5.0 - 152 km S of Hotan, China"
      },
      "geometry": {
        "type": "Point",
        "coordinates": [
          79.8502,
          35.7331,
          10
        ]
      },
      "id": "us6000jj6p"
    },
    {
      "type": "Feature",
      "properties": {
        "mag": 5.4,
        "place": "60 km NW of Jumla, Nepal",
        "time": 1674550713123,
        "updated": 1682625662340,
        "tz": null,
        "url": "https://earthquake.usgs.gov/earthquakes/eventpage/us6000jivm",
        "detail": "https://earthquake.usgs.gov/fdsnws/event/1/query?eventid=us6000jivm&format=geojson",
        "felt": 45,
        "cdi": 7.3,
        "mmi": 4.591,
        "alert": "green",
        "status": "reviewed",
        "tsunami": 0,
        "sig": 481,
        "net": "us",
        "code": "6000jivm",
        "ids": ",us6000jivm,usauto6000jivm,pt23024001,",
        "sources": ",us,usauto,pt,",
        "types": ",dyfi,impact-text,internal-moment-tensor,internal-origin,losspager,moment-tensor,origin,phase-data,shakemap,",
        "nst": 127,
        "dmin": 3.639,
        "rms": 0.75,
        "gap": 39,
        "magType": "mww",
        "type": "earthquake",
        "title": "M 5.4 - 60 km NW of Jumla, Nepal"
      },
      "geometry": {
        "type": "Point",
        "coordinates": [
          81.6638,
          29.5825,
          33.11
        ]
      },
      "id": "us6000jivm"
    },
    {
      "type": "Feature",
      "properties": {
        "mag": 5.1,
        "place": "12 km NE of Lakhipur, India",
        "time": 1674481322771,
        "updated": 1681239114040,
        "tz": null,
        "url": "https://earthquake.usgs.gov/earthquakes/eventpage/us7000j6c8",
        "detail": "https://earthquake.usgs.gov/fdsnws/event/1/query?eventid=us7000j6c8&format=geojson",
        "felt": 11,
        "cdi": 3.7,
        "mmi": null,
        "alert": null,
        "status": "reviewed",
        "tsunami": 0,
        "sig": 404,
        "net": "us",
        "code": "7000j6c8",
        "ids": ",us7000j6c8,",
        "sources": ",us,",
        "types": ",dyfi,origin,phase-data,",
        "nst": 110,
        "dmin": 2.561,
        "rms": 0.91,
        "gap": 42,
        "magType": "mb",
        "type": "earthquake",
        "title": "M 5.1 - 12 km NE of Lakhipur, India"
      },
      "geometry": {
        "type": "Point",
        "coordinates": [
          93.079,
          24.8836,
          10
        ]
      },
      "id": "us7000j6c8"
    },
    {
      "type": "Feature",
      "properties": {
        "mag": 5.1,
        "place": "45 km ENE of P?r?n, Afghanistan",
        "time": 1674127842960,
        "updated": 1680291923040,
        "tz": null,
        "url": "https://earthquake.usgs.gov/earthquakes/eventpage/us7000j5hh",
        "detail": "https://earthquake.usgs.gov/fdsnws/event/1/query?eventid=us7000j5hh&format=geojson",
        "felt": 10,
        "cdi": 3.6,
        "mmi": null,
        "alert": null,
        "status": "reviewed",
        "tsunami": 0,
        "sig": 404,
        "net": "us",
        "code": "7000j5hh",
        "ids": ",us7000j5hh,",
        "sources": ",us,",
        "types": ",dyfi,origin,phase-data,",
        "nst": 115,
        "dmin": 2.176,
        "rms": 0.7,
        "gap": 46,
        "magType": "mww",
        "type": "earthquake",
        "title": "M 5.1 - 45 km ENE of P?r?n, Afghanistan"
      },
      "geometry": {
        "type": "Point",
        "coordinates": [
          71.3961,
          35.5464,
          104.372
        ]
      },
      "id": "us7000j5hh"
    },
    {
      "type": "Feature",
      "properties": {
        "mag": 6,
        "place": "44 km S of Jurm, Afghanistan",
        "time": 1672928753019,
        "updated": 1678575101040,
        "tz": null,
        "url": "https://earthquake.usgs.gov/earthquakes/eventpage/us7000j2b9",
        "detail": "https://earthquake.usgs.gov/fdsnws/event/1/query?eventid=us7000j2b9&format=geojson",
        "felt": 19,
        "cdi": 5.6,
        "mmi": 3.881,
        "alert": "green",
        "status": "reviewed",
        "tsunami": 0,
        "sig": 564,
        "net": "us",
        "code": "7000j2b9",
        "ids": ",us7000j2b9,usauto7000j2b9,pt23005000,",
        "sources": ",us,usauto,pt,",
        "types": ",dyfi,ground-failure,groundmotion-packet,internal-moment-tensor,internal-origin,losspager,moment-tensor,origin,phase-data,shakemap,",
        "nst": 108,
        "dmin": 2.377,
        "rms": 0.73,
        "gap": 22,
        "magType": "mww",
        "type": "earthquake",
        "title": "M 6.0 - 44 km S of Jurm, Afghanistan"
      },
      "geometry": {
        "type": "Point",
        "coordinates": [
          70.7455,
          36.4738,
          203
        ]
      },
      "id": "us7000j2b9"
    },
    {
      "type": "Feature",
      "properties": {
        "mag": 5.2,
        "place": "25 km ENE of Dipayal, Nepal",
        "time": 1668263225131,
        "updated": 1705598501677,
        "tz": null,
        "url": "https://earthquake.usgs.gov/earthquakes/eventpage/us7000ipbc",
        "detail": "https://earthquake.usgs.gov/fdsnws/event/1/query?eventid=us7000ipbc&format=geojson",
        "felt": 37,
        "cdi": 4.7,
        "mmi": null,
        "alert": null,
        "status": "reviewed",
        "tsunami": 0,
        "sig": 433,
        "net": "us",
        "code": "7000ipbc",
        "ids": ",us7000ipbc,",
        "sources": ",us,",
        "types": ",dyfi,earthquake-name,impact-text,origin,phase-data,",
        "nst": 87,
        "dmin": 3.924,
        "rms": 0.54,
        "gap": 46,
        "magType": "mww",
        "type": "earthquake",
        "title": "M 5.2 - 25 km ENE of Dipayal, Nepal"
      },
      "geometry": {
        "type": "Point",
        "coordinates": [
          81.1777,
          29.3523,
          10
        ]
      },
      "id": "us7000ipbc"
    },
    {
      "type": "Feature",
      "properties": {
        "mag": 5.5,
        "place": "16 km SSE of Shi Yomi, India",
        "time": 1668056465611,
        "updated": 1674329238040,
        "tz": null,
        "url": "https://earthquake.usgs.gov/earthquakes/eventpage/us7000inqd",
        "detail": "https://earthquake.usgs.gov/fdsnws/event/1/query?eventid=us7000inqd&format=geojson",
        "felt": 13,
        "cdi": 7.2,
        "mmi": 6.122,
        "alert": "green",
        "status": "reviewed",
        "tsunami": 0,
        "sig": 475,
        "net": "us",
        "code": "7000inqd",
        "ids": ",us7000inqd,usauto7000inqd,",
        "sources": ",us,usauto,",
        "types": ",dyfi,internal-moment-tensor,losspager,moment-tensor,origin,phase-data,shakemap,",
        "nst": 182,
        "dmin": 6.722,
        "rms": 0.5,
        "gap": 35,
        "magType": "mww",
        "type": "earthquake",
        "title": "M 5.5 - 16 km SSE of Shi Yomi, India"
      },
      "geometry": {
        "type": "Point",
        "coordinates": [
          94.4118,
          28.3835,
          15
        ]
      },
      "id": "us7000inqd"
    },
    {
      "type": "Feature",
      "properties": {
        "mag": 5.7,
        "place": "Nepal",
        "time": 1667939242316,
        "updated": 1674329235040,
        "tz": null,
        "url": "https://earthquake.usgs.gov/earthquakes/eventpage/us7000incn",
        "detail": "https://earthquake.usgs.gov/fdsnws/event/1/query?eventid=us7000incn&format=geojson",
        "felt": 379,
        "cdi": 7.9,
        "mmi": 6.638,
        "alert": "green",
        "status": "reviewed",
        "tsunami": 0,
        "sig": 799,
        "net": "us",
        "code": "7000incn",
        "ids": ",us7000incn,usauto7000incn,pt22312000,at00rl1q5o,",
        "sources": ",us,usauto,pt,at,",
        "types": ",dyfi,impact-text,internal-moment-tensor,internal-origin,losspager,moment-tensor,origin,phase-data,shakemap,",
        "nst": 268,
        "dmin": 3.917,
        "rms": 0.69,
        "gap": 13,
        "magType": "mww",
        "type": "earthquake",
        "title": "M 5.7 - Nepal"
      },
      "geometry": {
        "type": "Point",
        "coordinates": [
          81.1593,
          29.2917,
          11
        ]
      },
      "id": "us7000incn"
    },
    {
      "type": "Feature",
      "properties": {
        "mag": 5.1,
        "place": "Afghanistan-Tajikistan border region",
        "time": 1667791521832,
        "updated": 1674329231040,
        "tz": null,
        "url": "https://earthquake.usgs.gov/earthquakes/eventpage/us7000imzu",
        "detail": "https://earthquake.usgs.gov/fdsnws/event/1/query?eventid=us7000imzu&format=geojson",
        "felt": 3,
        "cdi": 3.4,
        "mmi": 4.03,
        "alert": "green",
        "status": "reviewed",
        "tsunami": 0,
        "sig": 401,
        "net": "us",
        "code": "7000imzu",
        "ids": ",us7000imzu,",
        "sources": ",us,",
        "types": ",dyfi,losspager,origin,phase-data,shakemap,",
        "nst": 89,
        "dmin": 0.432,
        "rms": 0.55,
        "gap": 45,
        "magType": "mww",
        "type": "earthquake",
        "title": "M 5.1 - Afghanistan-Tajikistan border region"
      },
      "geometry": {
        "type": "Point",
        "coordinates": [
          71.0964,
          37.0086,
          75.937
        ]
      },
      "id": "us7000imzu"
    },
    {
      "type": "Feature",
      "properties": {
        "mag": 5,
        "place": "190 km N of Nagqu, China",
        "time": 1667340414963,
        "updated": 1673565058040,
        "tz": null,
        "url": "https://earthquake.usgs.gov/earthquakes/eventpage/us7000iltn",
        "detail": "https://earthquake.usgs.gov/fdsnws/event/1/query?eventid=us7000iltn&format=geojson",
        "felt": null,
        "cdi": null,
        "mmi": null,
        "alert": null,
        "status": "reviewed",
        "tsunami": 0,
        "sig": 385,
        "net": "us",
        "code": "7000iltn",
        "ids": ",us7000iltn,",
        "sources": ",us,",
        "types": ",origin,phase-data,",
        "nst": 57,
        "dmin": 6.881,
        "rms": 0.62,
        "gap": 72,
        "magType": "mb",
        "type": "earthquake",
        "title": "M 5.0 - 190 km N of Nagqu, China"
      },
      "geometry": {
        "type": "Point",
        "coordinates": [
          92.0137,
          33.1963,
          10
        ]
      },
      "id": "us7000iltn"
    },
    {
      "type": "Feature",
      "properties": {
        "mag": 5.1,
        "place": "90 km WNW of Zangguy, China",
        "time": 1666537617462,
        "updated": 1672759414040,
        "tz": null,
        "url": "https://earthquake.usgs.gov/earthquakes/eventpage/us6000ivxq",
        "detail": "https://earthquake.usgs.gov/fdsnws/event/1/query?eventid=us6000ivxq&format=geojson",
        "felt": null,
        "cdi": null,
        "mmi": null,
        "alert": null,
        "status": "reviewed",
        "tsunami": 0,
        "sig": 400,
        "net": "us",
        "code": "6000ivxq",
        "ids": ",us6000ivxq,",
        "sources": ",us,",
        "types": ",origin,phase-data,",
        "nst": 110,
        "dmin": 3.822,
        "rms": 0.5,
        "gap": 78,
        "magType": "mww",
        "type": "earthquake",
        "title": "M 5.1 - 90 km WNW of Zangguy, China"
      },
      "geometry": {
        "type": "Point",
        "coordinates": [
          77.8359,
          37.6318,
          10
        ]
      },
      "id": "us6000ivxq"
    },
    {
      "type": "Feature",
      "properties": {
        "mag": 5.1,
        "place": "45 km E of Port Blair, India",
        "time": 1666248415511,
        "updated": 1672527820040,
        "tz": null,
        "url": "https://earthquake.usgs.gov/earthquakes/eventpage/us6000iv38",
        "detail": "https://earthquake.usgs.gov/fdsnws/event/1/query?eventid=us6000iv38&format=geojson",
        "felt": 9,
        "cdi": 3.7,
        "mmi": null,
        "alert": null,
        "status": "reviewed",
        "tsunami": 0,
        "sig": 403,
        "net": "us",
        "code": "6000iv38",
        "ids": ",us6000iv38,",
        "sources": ",us,",
        "types": ",dyfi,origin,phase-data,",
        "nst": 101,
        "dmin": 6.556,
        "rms": 0.62,
        "gap": 45,
        "magType": "mb",
        "type": "earthquake",
        "title": "M 5.1 - 45 km E of Port Blair, India"
      },
      "geometry": {
        "type": "Point",
        "coordinates": [
          93.1518,
          11.5884,
          90.086
        ]
      },
      "id": "us6000iv38"
    },
    {
      "type": "Feature",
      "properties": {
        "mag": 5.3,
        "place": "northern Qinghai, China",
        "time": 1666154138166,
        "updated": 1672527818040,
        "tz": null,
        "url": "https://earthquake.usgs.gov/earthquakes/eventpage/us6000iurr",
        "detail": "https://earthquake.usgs.gov/fdsnws/event/1/query?eventid=us6000iurr&format=geojson",
        "felt": 2,
        "cdi": 3.8,
        "mmi": 5.519,
        "alert": "green",
        "status": "reviewed",
        "tsunami": 0,
        "sig": 433,
        "net": "us",
        "code": "6000iurr",
        "ids": ",us6000iurr,",
        "sources": ",us,",
        "types": ",dyfi,losspager,origin,phase-data,shakemap,",
        "nst": 114,
        "dmin": 11.223,
        "rms": 0.85,
        "gap": 31,
        "magType": "mww",
        "type": "earthquake",
        "title": "M 5.3 - northern Qinghai, China"
      },
      "geometry": {
        "type": "Point",
        "coordinates": [
          92.2724,
          37.7231,
          29.683
        ]
      },
      "id": "us6000iurr"
    },
    {
      "type": "Feature",
      "properties": {
        "mag": 5,
        "place": "36 km NNW of Ishqoshim, Tajikistan",
        "time": 1665444185801,
        "updated": 1671317632040,
        "tz": null,
        "url": "https://earthquake.usgs.gov/earthquakes/eventpage/us6000islc",
        "detail": "https://earthquake.usgs.gov/fdsnws/event/1/query?eventid=us6000islc&format=geojson",
        "felt": 1,
        "cdi": 2,
        "mmi": null,
        "alert": null,
        "status": "reviewed",
        "tsunami": 0,
        "sig": 385,
        "net": "us",
        "code": "6000islc",
        "ids": ",us6000islc,",
        "sources": ",us,",
        "types": ",dyfi,origin,phase-data,",
        "nst": 97,
        "dmin": 0.71,
        "rms": 0.79,
        "gap": 39,
        "magType": "mb",
        "type": "earthquake",
        "title": "M 5.0 - 36 km NNW of Ishqoshim, Tajikistan"
      },
      "geometry": {
        "type": "Point",
        "coordinates": [
          71.4559,
          37.0307,
          106.571
        ]
      },
      "id": "us6000islc"
    },
    {
      "type": "Feature",
      "properties": {
        "mag": 5.6,
        "place": "78 km SE of Mawlaik, Myanmar",
        "time": 1664490156730,
        "updated": 1670104962040,
        "tz": null,
        "url": "https://earthquake.usgs.gov/earthquakes/eventpage/us6000ipft",
        "detail": "https://earthquake.usgs.gov/fdsnws/event/1/query?eventid=us6000ipft&format=geojson",
        "felt": 21,
        "cdi": 4.3,
        "mmi": 3.931,
        "alert": "green",
        "status": "reviewed",
        "tsunami": 0,
        "sig": 491,
        "net": "us",
        "code": "6000ipft",
        "ids": ",us6000ipft,usauto6000ipft,",
        "sources": ",us,usauto,",
        "types": ",dyfi,internal-moment-tensor,losspager,moment-tensor,origin,phase-data,shakemap,",
        "nst": 161,
        "dmin": 3.03,
        "rms": 0.72,
        "gap": 20,
        "magType": "mww",
        "type": "earthquake",
        "title": "M 5.6 - 78 km SE of Mawlaik, Myanmar"
      },
      "geometry": {
        "type": "Point",
        "coordinates": [
          94.8968,
          23.1002,
          150
        ]
      },
      "id": "us6000ipft"
    },
    {
      "type": "Feature",
      "properties": {
        "mag": 5.1,
        "place": "35 km NE of Jal?l?b?d, Afghanistan",
        "time": 1662328655743,
        "updated": 1668539166040,
        "tz": null,
        "url": "https://earthquake.usgs.gov/earthquakes/eventpage/us7000i57m",
        "detail": "https://earthquake.usgs.gov/fdsnws/event/1/query?eventid=us7000i57m&format=geojson",
        "felt": 19,
        "cdi": 7,
        "mmi": null,
        "alert": null,
        "status": "reviewed",
        "tsunami": 0,
        "sig": 413,
        "net": "us",
        "code": "7000i57m",
        "ids": ",us7000i57m,",
        "sources": ",us,",
        "types": ",dyfi,impact-text,moment-tensor,origin,phase-data,",
        "nst": 123,
        "dmin": 1.382,
        "rms": 0.49,
        "gap": 42,
        "magType": "mww",
        "type": "earthquake",
        "title": "M 5.1 - 35 km NE of Jal?l?b?d, Afghanistan"
      },
      "geometry": {
        "type": "Point",
        "coordinates": [
          70.7117,
          34.6636,
          10
        ]
      },
      "id": "us7000i57m"
    },
    {
      "type": "Feature",
      "properties": {
        "mag": 5,
        "place": "Andaman Islands, India region",
        "time": 1662102785499,
        "updated": 1667709363040,
        "tz": null,
        "url": "https://earthquake.usgs.gov/earthquakes/eventpage/us7000i4kj",
        "detail": "https://earthquake.usgs.gov/fdsnws/event/1/query?eventid=us7000i4kj&format=geojson",
        "felt": null,
        "cdi": null,
        "mmi": null,
        "alert": null,
        "status": "reviewed",
        "tsunami": 0,
        "sig": 385,
        "net": "us",
        "code": "7000i4kj",
        "ids": ",ak022b9aw8b9,us7000i4kj,",
        "sources": ",ak,us,",
        "types": ",origin,phase-data,",
        "nst": 123,
        "dmin": 5.339,
        "rms": 0.74,
        "gap": 45,
        "magType": "mww",
        "type": "earthquake",
        "title": "M 5.0 - Andaman Islands, India region"
      },
      "geometry": {
        "type": "Point",
        "coordinates": [
          93.6367,
          13.9359,
          55.814
        ]
      },
      "id": "us7000i4kj"
    },
    {
      "type": "Feature",
      "properties": {
        "mag": 5,
        "place": "18 km NE of Mawlaik, Myanmar",
        "time": 1661377691227,
        "updated": 1667315645040,
        "tz": null,
        "url": "https://earthquake.usgs.gov/earthquakes/eventpage/us7000i261",
        "detail": "https://earthquake.usgs.gov/fdsnws/event/1/query?eventid=us7000i261&format=geojson",
        "felt": 2,
        "cdi": 4.7,
        "mmi": null,
        "alert": null,
        "status": "reviewed",
        "tsunami": 0,
        "sig": 386,
        "net": "us",
        "code": "7000i261",
        "ids": ",us7000i261,",
        "sources": ",us,",
        "types": ",dyfi,origin,phase-data,",
        "nst": 170,
        "dmin": 2.879,
        "rms": 0.6,
        "gap": 51,
        "magType": "mb",
        "type": "earthquake",
        "title": "M 5.0 - 18 km NE of Mawlaik, Myanmar"
      },
      "geometry": {
        "type": "Point",
        "coordinates": [
          94.5482,
          23.7516,
          96.15
        ]
      },
      "id": "us7000i261"
    },
    {
      "type": "Feature",
      "properties": {
        "mag": 5,
        "place": "northern Qinghai, China",
        "time": 1660511435090,
        "updated": 1666923959040,
        "tz": null,
        "url": "https://earthquake.usgs.gov/earthquakes/eventpage/us6000iav9",
        "detail": "https://earthquake.usgs.gov/fdsnws/event/1/query?eventid=us6000iav9&format=geojson",
        "felt": null,
        "cdi": null,
        "mmi": null,
        "alert": null,
        "status": "reviewed",
        "tsunami": 0,
        "sig": 385,
        "net": "us",
        "code": "6000iav9",
        "ids": ",us6000iav9,",
        "sources": ",us,",
        "types": ",origin,phase-data,",
        "nst": 151,
        "dmin": 8.255,
        "rms": 0.47,
        "gap": 38,
        "magType": "mb",
        "type": "earthquake",
        "title": "M 5.0 - northern Qinghai, China"
      },
      "geometry": {
        "type": "Point",
        "coordinates": [
          93.6677,
          37.8597,
          10
        ]
      },
      "id": "us6000iav9"
    },
    {
      "type": "Feature",
      "properties": {
        "mag": 5.7,
        "place": "194 km NNE of Nagqu, China",
        "time": 1660465200340,
        "updated": 1666923950040,
        "tz": null,
        "url": "https://earthquake.usgs.gov/earthquakes/eventpage/us6000iaqi",
        "detail": "https://earthquake.usgs.gov/fdsnws/event/1/query?eventid=us6000iaqi&format=geojson",
        "felt": 1,
        "cdi": 3.1,
        "mmi": 7.402,
        "alert": "yellow",
        "status": "reviewed",
        "tsunami": 0,
        "sig": 650,
        "net": "us",
        "code": "6000iaqi",
        "ids": ",us6000iaqi,pt22226002,",
        "sources": ",us,pt,",
        "types": ",dyfi,internal-origin,losspager,moment-tensor,origin,phase-data,shakemap,",
        "nst": 191,
        "dmin": 8.375,
        "rms": 0.47,
        "gap": 25,
        "magType": "mww",
        "type": "earthquake",
        "title": "M 5.7 - 194 km NNE of Nagqu, China"
      },
      "geometry": {
        "type": "Point",
        "coordinates": [
          92.7977,
          33.1157,
          5
        ]
      },
      "id": "us6000iaqi"
    },
    {
      "type": "Feature",
      "properties": {
        "mag": 5.1,
        "place": "26 km W of Bhojpur, Nepal",
        "time": 1659234488777,
        "updated": 1665586141040,
        "tz": null,
        "url": "https://earthquake.usgs.gov/earthquakes/eventpage/us6000i6vr",
        "detail": "https://earthquake.usgs.gov/fdsnws/event/1/query?eventid=us6000i6vr&format=geojson",
        "felt": 55,
        "cdi": 5.6,
        "mmi": null,
        "alert": null,
        "status": "reviewed",
        "tsunami": 0,
        "sig": 431,
        "net": "us",
        "code": "6000i6vr",
        "ids": ",us6000i6vr,",
        "sources": ",us,",
        "types": ",dyfi,impact-text,origin,phase-data,",
        "nst": 106,
        "dmin": 1.493,
        "rms": 0.7,
        "gap": 51,
        "magType": "mb",
        "type": "earthquake",
        "title": "M 5.1 - 26 km W of Bhojpur, Nepal"
      },
      "geometry": {
        "type": "Point",
        "coordinates": [
          86.7827,
          27.1316,
          10
        ]
      },
      "id": "us6000i6vr"
    },
    {
      "type": "Feature",
      "properties": {
        "mag": 5.2,
        "place": "50 km SW of Kh?st, Afghanistan",
        "time": 1658146964372,
        "updated": 1664297819040,
        "tz": null,
        "url": "https://earthquake.usgs.gov/earthquakes/eventpage/us6000i3el",
        "detail": "https://earthquake.usgs.gov/fdsnws/event/1/query?eventid=us6000i3el&format=geojson",
        "felt": 6,
        "cdi": 4.9,
        "mmi": null,
        "alert": null,
        "status": "reviewed",
        "tsunami": 0,
        "sig": 419,
        "net": "us",
        "code": "6000i3el",
        "ids": ",us6000i3el,",
        "sources": ",us,",
        "types": ",dyfi,impact-text,moment-tensor,origin,phase-data,",
        "nst": 113,
        "dmin": 1.522,
        "rms": 0.54,
        "gap": 67,
        "magType": "mww",
        "type": "earthquake",
        "title": "M 5.2 - 50 km SW of Kh?st, Afghanistan"
      },
      "geometry": {
        "type": "Point",
        "coordinates": [
          69.4864,
          33.0608,
          10
        ]
      },
      "id": "us6000i3el"
    },
    {
      "type": "Feature",
      "properties": {
        "mag": 5.2,
        "place": "Andaman Islands, India region",
        "time": 1657314280152,
        "updated": 1663050340040,
        "tz": null,
        "url": "https://earthquake.usgs.gov/earthquakes/eventpage/us6000i117",
        "detail": "https://earthquake.usgs.gov/fdsnws/event/1/query?eventid=us6000i117&format=geojson",
        "felt": null,
        "cdi": null,
        "mmi": null,
        "alert": null,
        "status": "reviewed",
        "tsunami": 0,
        "sig": 416,
        "net": "us",
        "code": "6000i117",
        "ids": ",usauto6000i117,us6000i117,",
        "sources": ",usauto,us,",
        "types": ",internal-moment-tensor,origin,phase-data,",
        "nst": 78,
        "dmin": 1.836,
        "rms": 0.65,
        "gap": 61,
        "magType": "mww",
        "type": "earthquake",
        "title": "M 5.2 - Andaman Islands, India region"
      },
      "geometry": {
        "type": "Point",
        "coordinates": [
          94.1885,
          10.4818,
          10
        ]
      },
      "id": "us6000i117"
    },
    {
      "type": "Feature",
      "properties": {
        "mag": 5,
        "place": "228 km SE of Port Blair, India",
        "time": 1657001173690,
        "updated": 1663050147040,
        "tz": null,
        "url": "https://earthquake.usgs.gov/earthquakes/eventpage/us6000hzxm",
        "detail": "https://earthquake.usgs.gov/fdsnws/event/1/query?eventid=us6000hzxm&format=geojson",
        "felt": null,
        "cdi": null,
        "mmi": null,
        "alert": null,
        "status": "reviewed",
        "tsunami": 0,
        "sig": 385,
        "net": "us",
        "code": "6000hzxm",
        "ids": ",us6000hzxm,",
        "sources": ",us,",
        "types": ",moment-tensor,origin,phase-data,",
        "nst": 93,
        "dmin": 2.047,
        "rms": 0.49,
        "gap": 69,
        "magType": "mww",
        "type": "earthquake",
        "title": "M 5.0 - 228 km SE of Port Blair, India"
      },
      "geometry": {
        "type": "Point",
        "coordinates": [
          94.2833,
          10.2666,
          10
        ]
      },
      "id": "us6000hzxm"
    },
    {
      "type": "Feature",
      "properties": {
        "mag": 5.4,
        "place": "Andaman Islands, India region",
        "time": 1656980816477,
        "updated": 1690581990430,
        "tz": null,
        "url": "https://earthquake.usgs.gov/earthquakes/eventpage/us6000hzwa",
        "detail": "https://earthquake.usgs.gov/fdsnws/event/1/query?eventid=us6000hzwa&format=geojson",
        "felt": 6,
        "cdi": 3.6,
        "mmi": 2.965,
        "alert": "green",
        "status": "reviewed",
        "tsunami": 0,
        "sig": 451,
        "net": "us",
        "code": "6000hzwa",
        "ids": ",us6000hzwa,",
        "sources": ",us,",
        "types": ",dyfi,losspager,moment-tensor,origin,phase-data,shakemap,",
        "nst": 68,
        "dmin": 1.985,
        "rms": 0.74,
        "gap": 85,
        "magType": "mww",
        "type": "earthquake",
        "title": "M 5.4 - Andaman Islands, India region"
      },
      "geometry": {
        "type": "Point",
        "coordinates": [
          94.2534,
          10.3277,
          10
        ]
      },
      "id": "us6000hzwa"
    },
    {
      "type": "Feature",
      "properties": {
        "mag": 5,
        "place": "201 km SE of Port Blair, India",
        "time": 1656963417000,
        "updated": 1663050130040,
        "tz": null,
        "url": "https://earthquake.usgs.gov/earthquakes/eventpage/us6000hzue",
        "detail": "https://earthquake.usgs.gov/fdsnws/event/1/query?eventid=us6000hzue&format=geojson",
        "felt": null,
        "cdi": null,
        "mmi": null,
        "alert": null,
        "status": "reviewed",
        "tsunami": 0,
        "sig": 385,
        "net": "us",
        "code": "6000hzue",
        "ids": ",us6000hzue,",
        "sources": ",us,",
        "types": ",origin,phase-data,",
        "nst": 53,
        "dmin": 1.803,
        "rms": 0.92,
        "gap": 67,
        "magType": "mb",
        "type": "earthquake",
        "title": "M 5.0 - 201 km SE of Port Blair, India"
      },
      "geometry": {
        "type": "Point",
        "coordinates": [
          93.9224,
          10.2638,
          10
        ]
      },
      "id": "us6000hzue"
    },
    {
      "type": "Feature",
      "properties": {
        "mag": 5,
        "place": "219 km SE of Port Blair, India",
        "time": 1656935291309,
        "updated": 1663050115040,
        "tz": null,
        "url": "https://earthquake.usgs.gov/earthquakes/eventpage/us6000hzqu",
        "detail": "https://earthquake.usgs.gov/fdsnws/event/1/query?eventid=us6000hzqu&format=geojson",
        "felt": null,
        "cdi": null,
        "mmi": null,
        "alert": null,
        "status": "reviewed",
        "tsunami": 0,
        "sig": 385,
        "net": "us",
        "code": "6000hzqu",
        "ids": ",us6000hzqu,",
        "sources": ",us,",
        "types": ",origin,phase-data,",
        "nst": 87,
        "dmin": 5.54,
        "rms": 0.64,
        "gap": 85,
        "magType": "mb",
        "type": "earthquake",
        "title": "M 5.0 - 219 km SE of Port Blair, India"
      },
      "geometry": {
        "type": "Point",
        "coordinates": [
          94.2851,
          10.3944,
          10
        ]
      },
      "id": "us6000hzqu"
    },
    {
      "type": "Feature",
      "properties": {
        "mag": 5,
        "place": "Andaman Islands, India region",
        "time": 1656928518979,
        "updated": 1663050113040,
        "tz": null,
        "url": "https://earthquake.usgs.gov/earthquakes/eventpage/us6000hzq5",
        "detail": "https://earthquake.usgs.gov/fdsnws/event/1/query?eventid=us6000hzq5&format=geojson",
        "felt": null,
        "cdi": null,
        "mmi": null,
        "alert": null,
        "status": "reviewed",
        "tsunami": 0,
        "sig": 385,
        "net": "us",
        "code": "6000hzq5",
        "ids": ",us6000hzq5,",
        "sources": ",us,",
        "types": ",moment-tensor,origin,phase-data,",
        "nst": 72,
        "dmin": 1.922,
        "rms": 0.5,
        "gap": 58,
        "magType": "mww",
        "type": "earthquake",
        "title": "M 5.0 - Andaman Islands, India region"
      },
      "geometry": {
        "type": "Point",
        "coordinates": [
          94.1964,
          10.3591,
          10
        ]
      },
      "id": "us6000hzq5"
    },
    {
      "type": "Feature",
      "properties": {
        "mag": 5,
        "place": "214 km SE of Port Blair, India",
        "time": 1656925623697,
        "updated": 1663050111040,
        "tz": null,
        "url": "https://earthquake.usgs.gov/earthquakes/eventpage/us6000hzpu",
        "detail": "https://earthquake.usgs.gov/fdsnws/event/1/query?eventid=us6000hzpu&format=geojson",
        "felt": 1,
        "cdi": 0,
        "mmi": 2.611,
        "alert": "green",
        "status": "reviewed",
        "tsunami": 0,
        "sig": 385,
        "net": "us",
        "code": "6000hzpu",
        "ids": ",us6000hzpu,",
        "sources": ",us,",
        "types": ",dyfi,losspager,origin,phase-data,shakemap,",
        "nst": 77,
        "dmin": 1.92,
        "rms": 1,
        "gap": 57,
        "magType": "mww",
        "type": "earthquake",
        "title": "M 5.0 - 214 km SE of Port Blair, India"
      },
      "geometry": {
        "type": "Point",
        "coordinates": [
          94.1437,
          10.3072,
          10
        ]
      },
      "id": "us6000hzpu"
    },
    {
      "type": "Feature",
      "properties": {
        "mag": 5.1,
        "place": "204 km SE of Port Blair, India",
        "time": 1656923779007,
        "updated": 1663050110040,
        "tz": null,
        "url": "https://earthquake.usgs.gov/earthquakes/eventpage/us6000hzpp",
        "detail": "https://earthquake.usgs.gov/fdsnws/event/1/query?eventid=us6000hzpp&format=geojson",
        "felt": 0,
        "cdi": 1,
        "mmi": null,
        "alert": null,
        "status": "reviewed",
        "tsunami": 0,
        "sig": 400,
        "net": "us",
        "code": "6000hzpp",
        "ids": ",us6000hzpp,",
        "sources": ",us,",
        "types": ",dyfi,origin,phase-data,",
        "nst": 116,
        "dmin": 1.834,
        "rms": 0.5,
        "gap": 69,
        "magType": "mb",
        "type": "earthquake",
        "title": "M 5.1 - 204 km SE of Port Blair, India"
      },
      "geometry": {
        "type": "Point",
        "coordinates": [
          94.1413,
          10.4305,
          10
        ]
      },
      "id": "us6000hzpp"
    },
    {
      "type": "Feature",
      "properties": {
        "mag": 5.1,
        "place": "43 km WNW of Myaydo, Myanmar",
        "time": 1656815172521,
        "updated": 1663050082040,
        "tz": null,
        "url": "https://earthquake.usgs.gov/earthquakes/eventpage/us6000hzh5",
        "detail": "https://earthquake.usgs.gov/fdsnws/event/1/query?eventid=us6000hzh5&format=geojson",
        "felt": 2,
        "cdi": 2.2,
        "mmi": null,
        "alert": null,
        "status": "reviewed",
        "tsunami": 0,
        "sig": 401,
        "net": "us",
        "code": "6000hzh5",
        "ids": ",us6000hzh5,",
        "sources": ",us,",
        "types": ",dyfi,origin,phase-data,",
        "nst": 109,
        "dmin": 1.222,
        "rms": 1.05,
        "gap": 28,
        "magType": "mww",
        "type": "earthquake",
        "title": "M 5.1 - 43 km WNW of Myaydo, Myanmar"
      },
      "geometry": {
        "type": "Point",
        "coordinates": [
          94.8605,
          19.5636,
          10
        ]
      },
      "id": "us6000hzh5"
    },
    {
      "type": "Feature",
      "properties": {
        "mag": 5,
        "place": "24 km NNW of Zangguy, China",
        "time": 1656706392424,
        "updated": 1662239007040,
        "tz": null,
        "url": "https://earthquake.usgs.gov/earthquakes/eventpage/us6000hz80",
        "detail": "https://earthquake.usgs.gov/fdsnws/event/1/query?eventid=us6000hz80&format=geojson",
        "felt": 2,
        "cdi": 3.6,
        "mmi": null,
        "alert": null,
        "status": "reviewed",
        "tsunami": 0,
        "sig": 385,
        "net": "us",
        "code": "6000hz80",
        "ids": ",us6000hz80,",
        "sources": ",us,",
        "types": ",dyfi,origin,phase-data,",
        "nst": 123,
        "dmin": 4.289,
        "rms": 0.45,
        "gap": 51,
        "magType": "mb",
        "type": "earthquake",
        "title": "M 5.0 - 24 km NNW of Zangguy, China"
      },
      "geometry": {
        "type": "Point",
        "coordinates": [
          78.6539,
          37.4844,
          10
        ]
      },
      "id": "us6000hz80"
    },
    {
      "type": "Feature",
      "properties": {
        "mag": 6,
        "place": "55 km SW of Kh?st, Afghanistan",
        "time": 1655844874410,
        "updated": 1675295651900,
        "tz": null,
        "url": "https://earthquake.usgs.gov/earthquakes/eventpage/us7000hj3u",
        "detail": "https://earthquake.usgs.gov/fdsnws/event/1/query?eventid=us7000hj3u&format=geojson",
        "felt": 85,
        "cdi": 8.7,
        "mmi": 8.153,
        "alert": "orange",
        "status": "reviewed",
        "tsunami": 0,
        "sig": 1074,
        "net": "us",
        "code": "7000hj3u",
        "ids": ",us7000hj3u,usauto7000hj3u,pt22172002,at00rdui34,",
        "sources": ",us,usauto,pt,at,",
        "types": ",dyfi,finite-fault,general-text,ground-failure,impact-text,internal-moment-tensor,internal-origin,losspager,moment-tensor,origin,phase-data,shakemap,",
        "nst": 206,
        "dmin": 1.557,
        "rms": 0.83,
        "gap": 15,
        "magType": "mww",
        "type": "earthquake",
        "title": "M 6.0 - 55 km SW of Kh?st, Afghanistan"
      },
      "geometry": {
        "type": "Point",
        "coordinates": [
          69.4639,
          33.0203,
          4
        ]
      },
      "id": "us7000hj3u"
    },
    {
      "type": "Feature",
      "properties": {
        "mag": 5.1,
        "place": "39 km WSW of Ashk?sham, Afghanistan",
        "time": 1655457778499,
        "updated": 1661041091040,
        "tz": null,
        "url": "https://earthquake.usgs.gov/earthquakes/eventpage/us7000hi2g",
        "detail": "https://earthquake.usgs.gov/fdsnws/event/1/query?eventid=us7000hi2g&format=geojson",
        "felt": 9,
        "cdi": 2.7,
        "mmi": null,
        "alert": null,
        "status": "reviewed",
        "tsunami": 0,
        "sig": 403,
        "net": "us",
        "code": "7000hi2g",
        "ids": ",us7000hi2g,",
        "sources": ",us,",
        "types": ",dyfi,origin,phase-data,",
        "nst": 143,
        "dmin": 0.773,
        "rms": 0.58,
        "gap": 36,
        "magType": "mww",
        "type": "earthquake",
        "title": "M 5.1 - 39 km WSW of Ashk?sham, Afghanistan"
      },
      "geometry": {
        "type": "Point",
        "coordinates": [
          71.1541,
          36.5049,
          220.21
        ]
      },
      "id": "us7000hi2g"
    },
    {
      "type": "Feature",
      "properties": {
        "mag": 5,
        "place": "Nicobar Islands, India region",
        "time": 1654420306078,
        "updated": 1660427539040,
        "tz": null,
        "url": "https://earthquake.usgs.gov/earthquakes/eventpage/us7000hf4j",
        "detail": "https://earthquake.usgs.gov/fdsnws/event/1/query?eventid=us7000hf4j&format=geojson",
        "felt": null,
        "cdi": null,
        "mmi": null,
        "alert": null,
        "status": "reviewed",
        "tsunami": 0,
        "sig": 385,
        "net": "us",
        "code": "7000hf4j",
        "ids": ",us7000hf4j,",
        "sources": ",us,",
        "types": ",origin,phase-data,",
        "nst": 84,
        "dmin": 4.92,
        "rms": 0.58,
        "gap": 54,
        "magType": "mb",
        "type": "earthquake",
        "title": "M 5.0 - Nicobar Islands, India region"
      },
      "geometry": {
        "type": "Point",
        "coordinates": [
          93.6949,
          8.9674,
          73.24
        ]
      },
      "id": "us7000hf4j"
    },
    {
      "type": "Feature",
      "properties": {
        "mag": 5.2,
        "place": "90 km NW of Pathein, Myanmar",
        "time": 1654101795623,
        "updated": 1659823993040,
        "tz": null,
        "url": "https://earthquake.usgs.gov/earthquakes/eventpage/us7000he50",
        "detail": "https://earthquake.usgs.gov/fdsnws/event/1/query?eventid=us7000he50&format=geojson",
        "felt": 3,
        "cdi": 3.4,
        "mmi": null,
        "alert": null,
        "status": "reviewed",
        "tsunami": 0,
        "sig": 417,
        "net": "us",
        "code": "7000he50",
        "ids": ",us7000he50,",
        "sources": ",us,",
        "types": ",dyfi,moment-tensor,origin,phase-data,",
        "nst": 129,
        "dmin": 2.928,
        "rms": 0.58,
        "gap": 40,
        "magType": "mww",
        "type": "earthquake",
        "title": "M 5.2 - 90 km NW of Pathein, Myanmar"
      },
      "geometry": {
        "type": "Point",
        "coordinates": [
          94.2503,
          17.4476,
          26
        ]
      },
      "id": "us7000he50"
    },
    {
      "type": "Feature",
      "properties": {
        "mag": 5,
        "place": "14 km E of Khorugh, Tajikistan",
        "time": 1651709142889,
        "updated": 1657402800040,
        "tz": null,
        "url": "https://earthquake.usgs.gov/earthquakes/eventpage/us7000h75s",
        "detail": "https://earthquake.usgs.gov/fdsnws/event/1/query?eventid=us7000h75s&format=geojson",
        "felt": 2,
        "cdi": 4.1,
        "mmi": null,
        "alert": null,
        "status": "reviewed",
        "tsunami": 0,
        "sig": 385,
        "net": "us",
        "code": "7000h75s",
        "ids": ",us7000h75s,",
        "sources": ",us,",
        "types": ",dyfi,origin,phase-data,",
        "nst": 215,
        "dmin": 0.984,
        "rms": 0.66,
        "gap": 44,
        "magType": "mww",
        "type": "earthquake",
        "title": "M 5.0 - 14 km E of Khorugh, Tajikistan"
      },
      "geometry": {
        "type": "Point",
        "coordinates": [
          71.7198,
          37.4966,
          108.39
        ]
      },
      "id": "us7000h75s"
    },
    {
      "type": "Feature",
      "properties": {
        "mag": 5,
        "place": "64 km ESE of Falam, Myanmar",
        "time": 1651418139093,
        "updated": 1705595688598,
        "tz": null,
        "url": "https://earthquake.usgs.gov/earthquakes/eventpage/us7000h67u",
        "detail": "https://earthquake.usgs.gov/fdsnws/event/1/query?eventid=us7000h67u&format=geojson",
        "felt": 3,
        "cdi": 5.3,
        "mmi": null,
        "alert": null,
        "status": "reviewed",
        "tsunami": 0,
        "sig": 386,
        "net": "us",
        "code": "7000h67u",
        "ids": ",us7000h67u,",
        "sources": ",us,",
        "types": ",dyfi,earthquake-name,origin,phase-data,",
        "nst": 137,
        "dmin": 2.413,
        "rms": 0.7,
        "gap": 43,
        "magType": "mb",
        "type": "earthquake",
        "title": "M 5.0 - 64 km ESE of Falam, Myanmar"
      },
      "geometry": {
        "type": "Point",
        "coordinates": [
          94.2561,
          22.6784,
          90.81
        ]
      },
      "id": "us7000h67u"
    },
    {
      "type": "Feature",
      "properties": {
        "mag": 5.1,
        "place": "188 km NNW of Sabang, Indonesia",
        "time": 1649600250805,
        "updated": 1655762862040,
        "tz": null,
        "url": "https://earthquake.usgs.gov/earthquakes/eventpage/us7000h13t",
        "detail": "https://earthquake.usgs.gov/fdsnws/event/1/query?eventid=us7000h13t&format=geojson",
        "felt": null,
        "cdi": null,
        "mmi": null,
        "alert": null,
        "status": "reviewed",
        "tsunami": 0,
        "sig": 400,
        "net": "us",
        "code": "7000h13t",
        "ids": ",us7000h13t,",
        "sources": ",us,",
        "types": ",origin,phase-data,",
        "nst": null,
        "dmin": 4.585,
        "rms": 0.71,
        "gap": 27,
        "magType": "mww",
        "type": "earthquake",
        "title": "M 5.1 - 188 km NNW of Sabang, Indonesia"
      },
      "geometry": {
        "type": "Point",
        "coordinates": [
          94.48,
          7.3744,
          10
        ]
      },
      "id": "us7000h13t"
    },
    {
      "type": "Feature",
      "properties": {
        "mag": 5.2,
        "place": "186 km NNW of Sabang, Indonesia",
        "time": 1649597668143,
        "updated": 1655762862040,
        "tz": null,
        "url": "https://earthquake.usgs.gov/earthquakes/eventpage/us7000h135",
        "detail": "https://earthquake.usgs.gov/fdsnws/event/1/query?eventid=us7000h135&format=geojson",
        "felt": null,
        "cdi": null,
        "mmi": null,
        "alert": null,
        "status": "reviewed",
        "tsunami": 0,
        "sig": 416,
        "net": "us",
        "code": "7000h135",
        "ids": ",us7000h135,",
        "sources": ",us,",
        "types": ",origin,phase-data,",
        "nst": null,
        "dmin": 4.617,
        "rms": 0.62,
        "gap": 38,
        "magType": "mww",
        "type": "earthquake",
        "title": "M 5.2 - 186 km NNW of Sabang, Indonesia"
      },
      "geometry": {
        "type": "Point",
        "coordinates": [
          94.4315,
          7.3212,
          8.33
        ]
      },
      "id": "us7000h135"
    },
    {
      "type": "Feature",
      "properties": {
        "mag": 5.1,
        "place": "180 km NNW of Sabang, Indonesia",
        "time": 1649587405439,
        "updated": 1655762861040,
        "tz": null,
        "url": "https://earthquake.usgs.gov/earthquakes/eventpage/us7000h12f",
        "detail": "https://earthquake.usgs.gov/fdsnws/event/1/query?eventid=us7000h12f&format=geojson",
        "felt": 1,
        "cdi": 3.1,
        "mmi": null,
        "alert": null,
        "status": "reviewed",
        "tsunami": 0,
        "sig": 400,
        "net": "us",
        "code": "7000h12f",
        "ids": ",us7000h12f,",
        "sources": ",us,",
        "types": ",dyfi,origin,phase-data,",
        "nst": null,
        "dmin": 4.663,
        "rms": 0.65,
        "gap": 58,
        "magType": "mb",
        "type": "earthquake",
        "title": "M 5.1 - 180 km NNW of Sabang, Indonesia"
      },
      "geometry": {
        "type": "Point",
        "coordinates": [
          94.4884,
          7.2942,
          10
        ]
      },
      "id": "us7000h12f"
    },
    {
      "type": "Feature",
      "properties": {
        "mag": 5.4,
        "place": "189 km NNW of Sabang, Indonesia",
        "time": 1649554343491,
        "updated": 1655762859040,
        "tz": null,
        "url": "https://earthquake.usgs.gov/earthquakes/eventpage/us7000h0zv",
        "detail": "https://earthquake.usgs.gov/fdsnws/event/1/query?eventid=us7000h0zv&format=geojson",
        "felt": null,
        "cdi": null,
        "mmi": 3.746,
        "alert": "green",
        "status": "reviewed",
        "tsunami": 0,
        "sig": 449,
        "net": "us",
        "code": "7000h0zv",
        "ids": ",usauto7000h0zv,us7000h0zv,",
        "sources": ",usauto,us,",
        "types": ",internal-moment-tensor,losspager,origin,phase-data,shakemap,",
        "nst": null,
        "dmin": 4.578,
        "rms": 1.35,
        "gap": 21,
        "magType": "mww",
        "type": "earthquake",
        "title": "M 5.4 - 189 km NNW of Sabang, Indonesia"
      },
      "geometry": {
        "type": "Point",
        "coordinates": [
          94.4408,
          7.3666,
          6.21
        ]
      },
      "id": "us7000h0zv"
    },
    {
      "type": "Feature",
      "properties": {
        "mag": 5.5,
        "place": "202 km NNW of Sabang, Indonesia",
        "time": 1649222983954,
        "updated": 1654978867040,
        "tz": null,
        "url": "https://earthquake.usgs.gov/earthquakes/eventpage/us7000h035",
        "detail": "https://earthquake.usgs.gov/fdsnws/event/1/query?eventid=us7000h035&format=geojson",
        "felt": 2,
        "cdi": 3.8,
        "mmi": 4.02,
        "alert": "green",
        "status": "reviewed",
        "tsunami": 0,
        "sig": 466,
        "net": "us",
        "code": "7000h035",
        "ids": ",us7000h035,usauto7000h035,",
        "sources": ",us,usauto,",
        "types": ",dyfi,internal-moment-tensor,losspager,moment-tensor,origin,phase-data,shakemap,",
        "nst": null,
        "dmin": 5.371,
        "rms": 1.06,
        "gap": 27,
        "magType": "mww",
        "type": "earthquake",
        "title": "M 5.5 - 202 km NNW of Sabang, Indonesia"
      },
      "geometry": {
        "type": "Point",
        "coordinates": [
          94.3078,
          7.423,
          10
        ]
      },
      "id": "us7000h035"
    },
    {
      "type": "Feature",
      "properties": {
        "mag": 5.1,
        "place": "156 km NE of Thang, India",
        "time": 1647524478468,
        "updated": 1653663332040,
        "tz": null,
        "url": "https://earthquake.usgs.gov/earthquakes/eventpage/us6000h5el",
        "detail": "https://earthquake.usgs.gov/fdsnws/event/1/query?eventid=us6000h5el&format=geojson",
        "felt": 1,
        "cdi": 2,
        "mmi": 6.062,
        "alert": "green",
        "status": "reviewed",
        "tsunami": 0,
        "sig": 400,
        "net": "us",
        "code": "6000h5el",
        "ids": ",us6000h5el,",
        "sources": ",us,",
        "types": ",dyfi,losspager,origin,phase-data,shakemap,",
        "nst": null,
        "dmin": 4.479,
        "rms": 0.88,
        "gap": 33,
        "magType": "mww",
        "type": "earthquake",
        "title": "M 5.1 - 156 km NE of Thang, India"
      },
      "geometry": {
        "type": "Point",
        "coordinates": [
          77.9099,
          35.9998,
          10
        ]
      },
      "id": "us6000h5el"
    },
    {
      "type": "Feature",
      "properties": {
        "mag": 5.1,
        "place": "65 km ESE of Gilgit, Pakistan",
        "time": 1647437723288,
        "updated": 1675849860292,
        "tz": null,
        "url": "https://earthquake.usgs.gov/earthquakes/eventpage/us6000h50x",
        "detail": "https://earthquake.usgs.gov/fdsnws/event/1/query?eventid=us6000h50x&format=geojson",
        "felt": 7,
        "cdi": 6.2,
        "mmi": null,
        "alert": null,
        "status": "reviewed",
        "tsunami": 0,
        "sig": 404,
        "net": "us",
        "code": "6000h50x",
        "ids": ",us6000h50x,pt22075002,",
        "sources": ",us,pt,",
        "types": ",dyfi,impact-text,internal-origin,origin,phase-data,",
        "nst": null,
        "dmin": 2.373,
        "rms": 0.91,
        "gap": 48,
        "magType": "mww",
        "type": "earthquake",
        "title": "M 5.1 - 65 km ESE of Gilgit, Pakistan"
      },
      "geometry": {
        "type": "Point",
        "coordinates": [
          74.9251,
          35.5965,
          10
        ]
      },
      "id": "us6000h50x"
    },
    {
      "type": "Feature",
      "properties": {
        "mag": 5.2,
        "place": "34 km NE of B?z?rak, Afghanistan",
        "time": 1646215107468,
        "updated": 1651959162040,
        "tz": null,
        "url": "https://earthquake.usgs.gov/earthquakes/eventpage/us6000h1c9",
        "detail": "https://earthquake.usgs.gov/fdsnws/event/1/query?eventid=us6000h1c9&format=geojson",
        "felt": 6,
        "cdi": 4,
        "mmi": null,
        "alert": null,
        "status": "reviewed",
        "tsunami": 0,
        "sig": 418,
        "net": "us",
        "code": "6000h1c9",
        "ids": ",us6000h1c9,",
        "sources": ",us,",
        "types": ",dyfi,origin,phase-data,",
        "nst": null,
        "dmin": 1.165,
        "rms": 0.78,
        "gap": 38,
        "magType": "mww",
        "type": "earthquake",
        "title": "M 5.2 - 34 km NE of B?z?rak, Afghanistan"
      },
      "geometry": {
        "type": "Point",
        "coordinates": [
          69.7845,
          35.5378,
          91.19
        ]
      },
      "id": "us6000h1c9"
    },
    {
      "type": "Feature",
      "properties": {
        "mag": 5.8,
        "place": "45 km SW of Ashk?sham, Afghanistan",
        "time": 1644034561236,
        "updated": 1650389912040,
        "tz": null,
        "url": "https://earthquake.usgs.gov/earthquakes/eventpage/us7000gi69",
        "detail": "https://earthquake.usgs.gov/fdsnws/event/1/query?eventid=us7000gi69&format=geojson",
        "felt": 22,
        "cdi": 5.8,
        "mmi": 3.707,
        "alert": "green",
        "status": "reviewed",
        "tsunami": 0,
        "sig": 530,
        "net": "us",
        "code": "7000gi69",
        "ids": ",us7000gi69,usauto7000gi69,pt22036000,",
        "sources": ",us,usauto,pt,",
        "types": ",dyfi,impact-text,internal-moment-tensor,internal-origin,losspager,moment-tensor,origin,phase-data,shakemap,",
        "nst": null,
        "dmin": 0.822,
        "rms": 0.97,
        "gap": 20,
        "magType": "mww",
        "type": "earthquake",
        "title": "M 5.8 - 45 km SW of Ashk?sham, Afghanistan"
      },
      "geometry": {
        "type": "Point",
        "coordinates": [
          71.126,
          36.4307,
          212
        ]
      },
      "id": "us7000gi69"
    },
    {
      "type": "Feature",
      "properties": {
        "mag": 5,
        "place": "2 km ENE of Nahr?n, Afghanistan",
        "time": 1642987250412,
        "updated": 1659790849436,
        "tz": null,
        "url": "https://earthquake.usgs.gov/earthquakes/eventpage/us7000gege",
        "detail": "https://earthquake.usgs.gov/fdsnws/event/1/query?eventid=us7000gege&format=geojson",
        "felt": 9,
        "cdi": 7.2,
        "mmi": null,
        "alert": null,
        "status": "reviewed",
        "tsunami": 0,
        "sig": 391,
        "net": "us",
        "code": "7000gege",
        "ids": ",us7000gege,",
        "sources": ",us,",
        "types": ",dyfi,origin,phase-data,",
        "nst": null,
        "dmin": 1.528,
        "rms": 0.93,
        "gap": 44,
        "magType": "mww",
        "type": "earthquake",
        "title": "M 5.0 - 2 km ENE of Nahr?n, Afghanistan"
      },
      "geometry": {
        "type": "Point",
        "coordinates": [
          69.1575,
          36.0702,
          10
        ]
      },
      "id": "us7000gege"
    },
    {
      "type": "Feature",
      "properties": {
        "mag": 5.4,
        "place": "23 km NE of Falam, Myanmar",
        "time": 1642759951865,
        "updated": 1648834824040,
        "tz": null,
        "url": "https://earthquake.usgs.gov/earthquakes/eventpage/us7000gdtu",
        "detail": "https://earthquake.usgs.gov/fdsnws/event/1/query?eventid=us7000gdtu&format=geojson",
        "felt": 22,
        "cdi": 4.1,
        "mmi": 4.304,
        "alert": "green",
        "status": "reviewed",
        "tsunami": 0,
        "sig": 458,
        "net": "us",
        "code": "7000gdtu",
        "ids": ",us7000gdtu,usauto7000gdtu,",
        "sources": ",us,usauto,",
        "types": ",dyfi,internal-moment-tensor,losspager,origin,phase-data,shakemap,",
        "nst": null,
        "dmin": 2.046,
        "rms": 0.48,
        "gap": 22,
        "magType": "mww",
        "type": "earthquake",
        "title": "M 5.4 - 23 km NE of Falam, Myanmar"
      },
      "geometry": {
        "type": "Point",
        "coordinates": [
          93.8172,
          23.0871,
          58.96
        ]
      },
      "id": "us7000gdtu"
    },
    {
      "type": "Feature",
      "properties": {
        "mag": 5.1,
        "place": "86 km NNW of Shi Yomi, India",
        "time": 1642460363843,
        "updated": 1648834815040,
        "tz": null,
        "url": "https://earthquake.usgs.gov/earthquakes/eventpage/us7000gcr6",
        "detail": "https://earthquake.usgs.gov/fdsnws/event/1/query?eventid=us7000gcr6&format=geojson",
        "felt": null,
        "cdi": null,
        "mmi": null,
        "alert": null,
        "status": "reviewed",
        "tsunami": 0,
        "sig": 400,
        "net": "us",
        "code": "7000gcr6",
        "ids": ",us7000gcr6,",
        "sources": ",us,",
        "types": ",origin,phase-data,",
        "nst": null,
        "dmin": 6.953,
        "rms": 1.24,
        "gap": 48,
        "magType": "mb",
        "type": "earthquake",
        "title": "M 5.1 - 86 km NNW of Shi Yomi, India"
      },
      "geometry": {
        "type": "Point",
        "coordinates": [
          94.1513,
          29.2819,
          10
        ]
      },
      "id": "us7000gcr6"
    },
    {
      "type": "Feature",
      "properties": {
        "mag": 5.3,
        "place": "16 km SSW of Ashk?sham, Afghanistan",
        "time": 1642176783550,
        "updated": 1647727682040,
        "tz": null,
        "url": "https://earthquake.usgs.gov/earthquakes/eventpage/us7000gc0n",
        "detail": "https://earthquake.usgs.gov/fdsnws/event/1/query?eventid=us7000gc0n&format=geojson",
        "felt": 8,
        "cdi": 3.8,
        "mmi": null,
        "alert": null,
        "status": "reviewed",
        "tsunami": 0,
        "sig": 435,
        "net": "us",
        "code": "7000gc0n",
        "ids": ",us7000gc0n,",
        "sources": ",us,",
        "types": ",dyfi,origin,phase-data,",
        "nst": null,
        "dmin": 0.939,
        "rms": 0.85,
        "gap": 22,
        "magType": "mb",
        "type": "earthquake",
        "title": "M 5.3 - 16 km SSW of Ashk?sham, Afghanistan"
      },
      "geometry": {
        "type": "Point",
        "coordinates": [
          71.4945,
          36.5418,
          106.99
        ]
      },
      "id": "us7000gc0n"
    },
    {
      "type": "Feature",
      "properties": {
        "mag": 5.2,
        "place": "Badakhshan, Afghanistan",
        "time": 1641042925380,
        "updated": 1656007428222,
        "tz": null,
        "url": "https://earthquake.usgs.gov/earthquakes/eventpage/us7000g8bl",
        "detail": "https://earthquake.usgs.gov/fdsnws/event/1/query?eventid=us7000g8bl&format=geojson",
        "felt": 2,
        "cdi": 3.4,
        "mmi": null,
        "alert": null,
        "status": "reviewed",
        "tsunami": 0,
        "sig": 417,
        "net": "us",
        "code": "7000g8bl",
        "ids": ",us7000g8bl,usauto7000g8bl,",
        "sources": ",us,usauto,",
        "types": ",dyfi,earthquake-name,internal-moment-tensor,origin,phase-data,",
        "nst": null,
        "dmin": 0.72,
        "rms": 0.93,
        "gap": 55,
        "magType": "mww",
        "type": "earthquake",
        "title": "M 5.2 - Badakhshan, Afghanistan"
      },
      "geometry": {
        "type": "Point",
        "coordinates": [
          71.1783,
          36.59,
          231.91
        ]
      },
      "id": "us7000g8bl"
    },
    {
      "type": "Feature",
      "properties": {
        "mag": 5,
        "place": "northern Qinghai, China",
        "time": 1640813422185,
        "updated": 1766442237359,
        "tz": null,
        "url": "https://earthquake.usgs.gov/earthquakes/eventpage/us7000g7t4",
        "detail": "https://earthquake.usgs.gov/fdsnws/event/1/query?eventid=us7000g7t4&format=geojson",
        "felt": null,
        "cdi": null,
        "mmi": null,
        "alert": null,
        "status": "reviewed",
        "tsunami": 0,
        "sig": 385,
        "net": "us",
        "code": "7000g7t4",
        "ids": ",iscgem621657258,us7000g7t4,",
        "sources": ",iscgem,us,",
        "types": ",origin,phase-data,",
        "nst": null,
        "dmin": 7.354,
        "rms": 0.54,
        "gap": 32,
        "magType": "mb",
        "type": "earthquake",
        "title": "M 5.0 - northern Qinghai, China"
      },
      "geometry": {
        "type": "Point",
        "coordinates": [
          94.6585,
          36.9982,
          10
        ]
      },
      "id": "us7000g7t4"
    },
    {
      "type": "Feature",
      "properties": {
        "mag": 5,
        "place": "213 km SSE of Port Blair, India",
        "time": 1640736060663,
        "updated": 1646521850040,
        "tz": null,
        "url": "https://earthquake.usgs.gov/earthquakes/eventpage/us6000gfza",
        "detail": "https://earthquake.usgs.gov/fdsnws/event/1/query?eventid=us6000gfza&format=geojson",
        "felt": null,
        "cdi": null,
        "mmi": null,
        "alert": null,
        "status": "reviewed",
        "tsunami": 0,
        "sig": 385,
        "net": "us",
        "code": "6000gfza",
        "ids": ",us6000gfza,",
        "sources": ",us,",
        "types": ",origin,phase-data,",
        "nst": null,
        "dmin": 1.909,
        "rms": 0.97,
        "gap": 56,
        "magType": "mb",
        "type": "earthquake",
        "title": "M 5.0 - 213 km SSE of Port Blair, India"
      },
      "geometry": {
        "type": "Point",
        "coordinates": [
          93.4354,
          9.8601,
          92.37
        ]
      },
      "id": "us6000gfza"
    },
    {
      "type": "Feature",
      "properties": {
        "mag": 5.2,
        "place": "60 km SE of Gilgit, Pakistan",
        "time": 1640611864395,
        "updated": 1766442229545,
        "tz": null,
        "url": "https://earthquake.usgs.gov/earthquakes/eventpage/us6000gflv",
        "detail": "https://earthquake.usgs.gov/fdsnws/event/1/query?eventid=us6000gflv&format=geojson",
        "felt": 10,
        "cdi": 5.4,
        "mmi": null,
        "alert": null,
        "status": "reviewed",
        "tsunami": 0,
        "sig": 421,
        "net": "us",
        "code": "6000gflv",
        "ids": ",us6000gflv,iscgem621654218,",
        "sources": ",us,iscgem,",
        "types": ",dyfi,impact-text,origin,phase-data,",
        "nst": null,
        "dmin": 2.294,
        "rms": 0.62,
        "gap": 43,
        "magType": "mww",
        "type": "earthquake",
        "title": "M 5.2 - 60 km SE of Gilgit, Pakistan"
      },
      "geometry": {
        "type": "Point",
        "coordinates": [
          74.8205,
          35.5592,
          10
        ]
      },
      "id": "us6000gflv"
    },
    {
      "type": "Feature",
      "properties": {
        "mag": 5,
        "place": "Andaman Islands, India region",
        "time": 1640120913831,
        "updated": 1646152742040,
        "tz": null,
        "url": "https://earthquake.usgs.gov/earthquakes/eventpage/us6000ge9v",
        "detail": "https://earthquake.usgs.gov/fdsnws/event/1/query?eventid=us6000ge9v&format=geojson",
        "felt": null,
        "cdi": null,
        "mmi": null,
        "alert": null,
        "status": "reviewed",
        "tsunami": 0,
        "sig": 385,
        "net": "us",
        "code": "6000ge9v",
        "ids": ",us6000ge9v,",
        "sources": ",us,",
        "types": ",origin,phase-data,",
        "nst": null,
        "dmin": 5.741,
        "rms": 0.84,
        "gap": 43,
        "magType": "mb",
        "type": "earthquake",
        "title": "M 5.0 - Andaman Islands, India region"
      },
      "geometry": {
        "type": "Point",
        "coordinates": [
          94.0416,
          10.2993,
          10
        ]
      },
      "id": "us6000ge9v"
    },
    {
      "type": "Feature",
      "properties": {
        "mag": 5.1,
        "place": "225 km N of Bamboo Flat, India",
        "time": 1639883986151,
        "updated": 1766442191222,
        "tz": null,
        "url": "https://earthquake.usgs.gov/earthquakes/eventpage/us6000gdim",
        "detail": "https://earthquake.usgs.gov/fdsnws/event/1/query?eventid=us6000gdim&format=geojson",
        "felt": null,
        "cdi": null,
        "mmi": null,
        "alert": null,
        "status": "reviewed",
        "tsunami": 0,
        "sig": 400,
        "net": "us",
        "code": "6000gdim",
        "ids": ",iscgem621633612,us6000gdim,",
        "sources": ",iscgem,us,",
        "types": ",origin,phase-data,",
        "nst": null,
        "dmin": 2.067,
        "rms": 0.85,
        "gap": 54,
        "magType": "mww",
        "type": "earthquake",
        "title": "M 5.1 - 225 km N of Bamboo Flat, India"
      },
      "geometry": {
        "type": "Point",
        "coordinates": [
          92.7495,
          13.7358,
          10
        ]
      },
      "id": "us6000gdim"
    },
    {
      "type": "Feature",
      "properties": {
        "mag": 5,
        "place": "71 km NW of Mogok, Myanmar",
        "time": 1638750339792,
        "updated": 1644707168040,
        "tz": null,
        "url": "https://earthquake.usgs.gov/earthquakes/eventpage/us6000g9d4",
        "detail": "https://earthquake.usgs.gov/fdsnws/event/1/query?eventid=us6000g9d4&format=geojson",
        "felt": null,
        "cdi": null,
        "mmi": null,
        "alert": null,
        "status": "reviewed",
        "tsunami": 0,
        "sig": 385,
        "net": "us",
        "code": "6000g9d4",
        "ids": ",us6000g9d4,",
        "sources": ",us,",
        "types": ",origin,phase-data,",
        "nst": null,
        "dmin": 2.794,
        "rms": 0.8,
        "gap": 46,
        "magType": "mb",
        "type": "earthquake",
        "title": "M 5.0 - 71 km NW of Mogok, Myanmar"
      },
      "geometry": {
        "type": "Point",
        "coordinates": [
          96.1089,
          23.4414,
          10
        ]
      },
      "id": "us6000g9d4"
    },
    {
      "type": "Feature",
      "properties": {
        "mag": 5.5,
        "place": "289 km NNW of Rikaze, China",
        "time": 1638280421109,
        "updated": 1766442069692,
        "tz": null,
        "url": "https://earthquake.usgs.gov/earthquakes/eventpage/us6000g7wd",
        "detail": "https://earthquake.usgs.gov/fdsnws/event/1/query?eventid=us6000g7wd&format=geojson",
        "felt": null,
        "cdi": null,
        "mmi": 6.616,
        "alert": "green",
        "status": "reviewed",
        "tsunami": 0,
        "sig": 465,
        "net": "us",
        "code": "6000g7wd",
        "ids": ",us6000g7wd,iscgem621532524,",
        "sources": ",us,iscgem,",
        "types": ",losspager,moment-tensor,origin,phase-data,shakemap,",
        "nst": null,
        "dmin": 9.596,
        "rms": 0.72,
        "gap": 29,
        "magType": "mww",
        "type": "earthquake",
        "title": "M 5.5 - 289 km NNW of Rikaze, China"
      },
      "geometry": {
        "type": "Point",
        "coordinates": [
          87.9296,
          31.723,
          6.77
        ]
      },
      "id": "us6000g7wd"
    },
    {
      "type": "Feature",
      "properties": {
        "mag": 6.2,
        "place": "20 km WSW of Falam, Myanmar",
        "time": 1637883941752,
        "updated": 1766442056476,
        "tz": null,
        "url": "https://earthquake.usgs.gov/earthquakes/eventpage/us7000fx45",
        "detail": "https://earthquake.usgs.gov/fdsnws/event/1/query?eventid=us7000fx45&format=geojson",
        "felt": 333,
        "cdi": 8.4,
        "mmi": 8.02,
        "alert": "yellow",
        "status": "reviewed",
        "tsunami": 0,
        "sig": 930,
        "net": "us",
        "code": "7000fx45",
        "ids": ",us7000fx45,usauto7000fx45,pt21329001,at00r35jc6,iscgem621468845,",
        "sources": ",us,usauto,pt,at,iscgem,",
        "types": ",dyfi,ground-failure,impact-text,internal-moment-tensor,internal-origin,losspager,moment-tensor,origin,phase-data,shakemap,",
        "nst": null,
        "dmin": 1.726,
        "rms": 0.88,
        "gap": 21,
        "magType": "mww",
        "type": "earthquake",
        "title": "M 6.2 - 20 km WSW of Falam, Myanmar"
      },
      "geometry": {
        "type": "Point",
        "coordinates": [
          93.5061,
          22.8232,
          43
        ]
      },
      "id": "us7000fx45"
    },
    {
      "type": "Feature",
      "properties": {
        "mag": 5,
        "place": "115 km NNE of Lobujya, Nepal",
        "time": 1636076912008,
        "updated": 1642279893040,
        "tz": null,
        "url": "https://earthquake.usgs.gov/earthquakes/eventpage/us7000frkq",
        "detail": "https://earthquake.usgs.gov/fdsnws/event/1/query?eventid=us7000frkq&format=geojson",
        "felt": 5,
        "cdi": 4.8,
        "mmi": null,
        "alert": null,
        "status": "reviewed",
        "tsunami": 0,
        "sig": 387,
        "net": "us",
        "code": "7000frkq",
        "ids": ",us7000frkq,",
        "sources": ",us,",
        "types": ",dyfi,origin,phase-data,",
        "nst": null,
        "dmin": 5.095,
        "rms": 0.92,
        "gap": 139,
        "magType": "mb",
        "type": "earthquake",
        "title": "M 5.0 - 115 km NNE of Lobujya, Nepal"
      },
      "geometry": {
        "type": "Point",
        "coordinates": [
          87.4455,
          28.8267,
          10
        ]
      },
      "id": "us7000frkq"
    },
    {
      "type": "Feature",
      "properties": {
        "mag": 5.5,
        "place": "44 km WNW of Monywa, Myanmar",
        "time": 1633631283669,
        "updated": 1766441853412,
        "tz": null,
        "url": "https://earthquake.usgs.gov/earthquakes/eventpage/us6000fsrg",
        "detail": "https://earthquake.usgs.gov/fdsnws/event/1/query?eventid=us6000fsrg&format=geojson",
        "felt": 39,
        "cdi": 5.2,
        "mmi": 3.93,
        "alert": "green",
        "status": "reviewed",
        "tsunami": 0,
        "sig": 486,
        "net": "us",
        "code": "6000fsrg",
        "ids": ",us6000fsrg,usauto6000fsrg,iscgem621131627,",
        "sources": ",us,usauto,iscgem,",
        "types": ",dyfi,internal-moment-tensor,losspager,moment-tensor,origin,phase-data,shakemap,",
        "nst": null,
        "dmin": 1.129,
        "rms": 0.81,
        "gap": 23,
        "magType": "mww",
        "type": "earthquake",
        "title": "M 5.5 - 44 km WNW of Monywa, Myanmar"
      },
      "geometry": {
        "type": "Point",
        "coordinates": [
          94.7676,
          22.3124,
          110
        ]
      },
      "id": "us6000fsrg"
    },
    {
      "type": "Feature",
      "properties": {
        "mag": 5,
        "place": "203 km NNE of Shi Yomi, India",
        "time": 1633060168961,
        "updated": 1766441838325,
        "tz": null,
        "url": "https://earthquake.usgs.gov/earthquakes/eventpage/us6000fqn3",
        "detail": "https://earthquake.usgs.gov/fdsnws/event/1/query?eventid=us6000fqn3&format=geojson",
        "felt": null,
        "cdi": null,
        "mmi": null,
        "alert": null,
        "status": "reviewed",
        "tsunami": 0,
        "sig": 385,
        "net": "us",
        "code": "6000fqn3",
        "ids": ",iscgem621113764,us6000fqn3,",
        "sources": ",iscgem,us,",
        "types": ",origin,phase-data,",
        "nst": null,
        "dmin": 5.415,
        "rms": 0.64,
        "gap": 73,
        "magType": "mb",
        "type": "earthquake",
        "title": "M 5.0 - 203 km NNE of Shi Yomi, India"
      },
      "geometry": {
        "type": "Point",
        "coordinates": [
          94.8247,
          30.3214,
          31.64
        ]
      },
      "id": "us6000fqn3"
    },
    {
      "type": "Feature",
      "properties": {
        "mag": 5,
        "place": "206 km N of Shi Yomi, India",
        "time": 1632544867930,
        "updated": 1766441820442,
        "tz": null,
        "url": "https://earthquake.usgs.gov/earthquakes/eventpage/us7000feaa",
        "detail": "https://earthquake.usgs.gov/fdsnws/event/1/query?eventid=us7000feaa&format=geojson",
        "felt": 1,
        "cdi": 2,
        "mmi": null,
        "alert": null,
        "status": "reviewed",
        "tsunami": 0,
        "sig": 385,
        "net": "us",
        "code": "7000feaa",
        "ids": ",us7000feaa,iscgem621109884,",
        "sources": ",us,iscgem,",
        "types": ",dyfi,origin,phase-data,",
        "nst": null,
        "dmin": 5.424,
        "rms": 0.83,
        "gap": 81,
        "magType": "mb",
        "type": "earthquake",
        "title": "M 5.0 - 206 km N of Shi Yomi, India"
      },
      "geometry": {
        "type": "Point",
        "coordinates": [
          94.7747,
          30.3557,
          31.65
        ]
      },
      "id": "us7000feaa"
    },
    {
      "type": "Feature",
      "properties": {
        "mag": 5.4,
        "place": "Nicobar Islands, India region",
        "time": 1632495855273,
        "updated": 1766441819344,
        "tz": null,
        "url": "https://earthquake.usgs.gov/earthquakes/eventpage/us7000fe2z",
        "detail": "https://earthquake.usgs.gov/fdsnws/event/1/query?eventid=us7000fe2z&format=geojson",
        "felt": 1,
        "cdi": 2,
        "mmi": 3.788,
        "alert": "green",
        "status": "reviewed",
        "tsunami": 0,
        "sig": 449,
        "net": "us",
        "code": "7000fe2z",
        "ids": ",us7000fe2z,usauto7000fe2z,iscgem621109741,",
        "sources": ",us,usauto,iscgem,",
        "types": ",dyfi,internal-moment-tensor,losspager,origin,phase-data,shakemap,",
        "nst": null,
        "dmin": 4.348,
        "rms": 1.17,
        "gap": 37,
        "magType": "mww",
        "type": "earthquake",
        "title": "M 5.4 - Nicobar Islands, India region"
      },
      "geometry": {
        "type": "Point",
        "coordinates": [
          94.1834,
          8.6251,
          10
        ]
      },
      "id": "us7000fe2z"
    },
    {
      "type": "Feature",
      "properties": {
        "mag": 5,
        "place": "62 km SE of Phek, India",
        "time": 1632079444697,
        "updated": 1638543694040,
        "tz": null,
        "url": "https://earthquake.usgs.gov/earthquakes/eventpage/us7000fcq5",
        "detail": "https://earthquake.usgs.gov/fdsnws/event/1/query?eventid=us7000fcq5&format=geojson",
        "felt": 5,
        "cdi": 4.6,
        "mmi": null,
        "alert": null,
        "status": "reviewed",
        "tsunami": 0,
        "sig": 387,
        "net": "us",
        "code": "7000fcq5",
        "ids": ",us7000fcq5,",
        "sources": ",us,",
        "types": ",dyfi,origin,phase-data,",
        "nst": null,
        "dmin": 1.123,
        "rms": 0.68,
        "gap": 48,
        "magType": "mb",
        "type": "earthquake",
        "title": "M 5.0 - 62 km SE of Phek, India"
      },
      "geometry": {
        "type": "Point",
        "coordinates": [
          94.8803,
          25.2256,
          80.05
        ]
      },
      "id": "us7000fcq5"
    },
    {
      "type": "Feature",
      "properties": {
        "mag": 5.2,
        "place": "267 km N of Bamboo Flat, India",
        "time": 1631330417235,
        "updated": 1637680174040,
        "tz": null,
        "url": "https://earthquake.usgs.gov/earthquakes/eventpage/us7000fa7j",
        "detail": "https://earthquake.usgs.gov/fdsnws/event/1/query?eventid=us7000fa7j&format=geojson",
        "felt": null,
        "cdi": null,
        "mmi": null,
        "alert": null,
        "status": "reviewed",
        "tsunami": 0,
        "sig": 416,
        "net": "us",
        "code": "7000fa7j",
        "ids": ",us7000fa7j,",
        "sources": ",us,",
        "types": ",origin,phase-data,",
        "nst": null,
        "dmin": 2.447,
        "rms": 0.9,
        "gap": 31,
        "magType": "mb",
        "type": "earthquake",
        "title": "M 5.2 - 267 km N of Bamboo Flat, India"
      },
      "geometry": {
        "type": "Point",
        "coordinates": [
          92.9896,
          14.1061,
          10
        ]
      },
      "id": "us7000fa7j"
    },
    {
      "type": "Feature",
      "properties": {
        "mag": 5,
        "place": "51 km S of Zangguy, China",
        "time": 1631231303618,
        "updated": 1637170969040,
        "tz": null,
        "url": "https://earthquake.usgs.gov/earthquakes/eventpage/us7000f9v9",
        "detail": "https://earthquake.usgs.gov/fdsnws/event/1/query?eventid=us7000f9v9&format=geojson",
        "felt": null,
        "cdi": null,
        "mmi": null,
        "alert": null,
        "status": "reviewed",
        "tsunami": 0,
        "sig": 385,
        "net": "us",
        "code": "7000f9v9",
        "ids": ",us7000f9v9,",
        "sources": ",us,",
        "types": ",origin,phase-data,",
        "nst": null,
        "dmin": 6.526,
        "rms": 0.82,
        "gap": 100,
        "magType": "mb",
        "type": "earthquake",
        "title": "M 5.0 - 51 km S of Zangguy, China"
      },
      "geometry": {
        "type": "Point",
        "coordinates": [
          78.7332,
          36.8193,
          10
        ]
      },
      "id": "us7000f9v9"
    },
    {
      "type": "Feature",
      "properties": {
        "mag": 5,
        "place": "56 km E of Chubek, Tajikistan",
        "time": 1630558206310,
        "updated": 1659971970828,
        "tz": null,
        "url": "https://earthquake.usgs.gov/earthquakes/eventpage/us7000f6yi",
        "detail": "https://earthquake.usgs.gov/fdsnws/event/1/query?eventid=us7000f6yi&format=geojson",
        "felt": 1,
        "cdi": 2,
        "mmi": null,
        "alert": null,
        "status": "reviewed",
        "tsunami": 0,
        "sig": 385,
        "net": "us",
        "code": "7000f6yi",
        "ids": ",us7000f6yi,",
        "sources": ",us,",
        "types": ",dyfi,origin,phase-data,",
        "nst": null,
        "dmin": 0.509,
        "rms": 0.77,
        "gap": 46,
        "magType": "mb",
        "type": "earthquake",
        "title": "M 5.0 - 56 km E of Chubek, Tajikistan"
      },
      "geometry": {
        "type": "Point",
        "coordinates": [
          70.3436,
          37.6012,
          10
        ]
      },
      "id": "us7000f6yi"
    },
    {
      "type": "Feature",
      "properties": {
        "mag": 5.1,
        "place": "257 km SSE of R?zole, India",
        "time": 1629788753043,
        "updated": 1638407385327,
        "tz": null,
        "url": "https://earthquake.usgs.gov/earthquakes/eventpage/us7000f2x8",
        "detail": "https://earthquake.usgs.gov/fdsnws/event/1/query?eventid=us7000f2x8&format=geojson",
        "felt": 29,
        "cdi": 5.4,
        "mmi": null,
        "alert": null,
        "status": "reviewed",
        "tsunami": 0,
        "sig": 416,
        "net": "us",
        "code": "7000f2x8",
        "ids": ",us7000f2x8,",
        "sources": ",us,",
        "types": ",dyfi,origin,phase-data,",
        "nst": null,
        "dmin": 13.581,
        "rms": 0.71,
        "gap": 50,
        "magType": "mb",
        "type": "earthquake",
        "title": "M 5.1 - 257 km SSE of R?zole, India"
      },
      "geometry": {
        "type": "Point",
        "coordinates": [
          83.0456,
          14.4654,
          10
        ]
      },
      "id": "us7000f2x8"
    },
    {
      "type": "Feature",
      "properties": {
        "mag": 5.2,
        "place": "40 km ESE of Chubek, Tajikistan",
        "time": 1629024071379,
        "updated": 1766441628605,
        "tz": null,
        "url": "https://earthquake.usgs.gov/earthquakes/eventpage/us6000f6j4",
        "detail": "https://earthquake.usgs.gov/fdsnws/event/1/query?eventid=us6000f6j4&format=geojson",
        "felt": 1,
        "cdi": 2.7,
        "mmi": null,
        "alert": null,
        "status": "reviewed",
        "tsunami": 0,
        "sig": 416,
        "net": "us",
        "code": "6000f6j4",
        "ids": ",us6000f6j4,iscgem620986900,",
        "sources": ",us,iscgem,",
        "types": ",dyfi,origin,phase-data,",
        "nst": null,
        "dmin": 0.506,
        "rms": 0.66,
        "gap": 45,
        "magType": "mww",
        "type": "earthquake",
        "title": "M 5.2 - 40 km ESE of Chubek, Tajikistan"
      },
      "geometry": {
        "type": "Point",
        "coordinates": [
          70.1356,
          37.4907,
          8.68
        ]
      },
      "id": "us6000f6j4"
    },
    {
      "type": "Feature",
      "properties": {
        "mag": 5.4,
        "place": "Southern Qinghai, China",
        "time": 1628828498757,
        "updated": 1766441614734,
        "tz": null,
        "url": "https://earthquake.usgs.gov/earthquakes/eventpage/us6000f58r",
        "detail": "https://earthquake.usgs.gov/fdsnws/event/1/query?eventid=us6000f58r&format=geojson",
        "felt": null,
        "cdi": null,
        "mmi": 6.419,
        "alert": "green",
        "status": "reviewed",
        "tsunami": 0,
        "sig": 449,
        "net": "us",
        "code": "6000f58r",
        "ids": ",us6000f58r,iscgem620984725,",
        "sources": ",us,iscgem,",
        "types": ",losspager,origin,phase-data,shakemap,",
        "nst": null,
        "dmin": 5.308,
        "rms": 0.81,
        "gap": 34,
        "magType": "mb",
        "type": "earthquake",
        "title": "M 5.4 - Southern Qinghai, China"
      },
      "geometry": {
        "type": "Point",
        "coordinates": [
          97.4227,
          34.5936,
          14.49
        ]
      },
      "id": "us6000f58r"
    },
    {
      "type": "Feature",
      "properties": {
        "mag": 5.1,
        "place": "Nicobar Islands, India region",
        "time": 1628237944794,
        "updated": 1635003943040,
        "tz": null,
        "url": "https://earthquake.usgs.gov/earthquakes/eventpage/us6000f2p9",
        "detail": "https://earthquake.usgs.gov/fdsnws/event/1/query?eventid=us6000f2p9&format=geojson",
        "felt": null,
        "cdi": null,
        "mmi": null,
        "alert": null,
        "status": "reviewed",
        "tsunami": 0,
        "sig": 400,
        "net": "us",
        "code": "6000f2p9",
        "ids": ",us6000f2p9,",
        "sources": ",us,",
        "types": ",origin,phase-data,",
        "nst": null,
        "dmin": 4.599,
        "rms": 0.8,
        "gap": 48,
        "magType": "mb",
        "type": "earthquake",
        "title": "M 5.1 - Nicobar Islands, India region"
      },
      "geometry": {
        "type": "Point",
        "coordinates": [
          93.9557,
          8.7641,
          10
        ]
      },
      "id": "us6000f2p9"
    },
    {
      "type": "Feature",
      "properties": {
        "mag": 5.1,
        "place": "Nicobar Islands, India region",
        "time": 1628167561077,
        "updated": 1766441592992,
        "tz": null,
        "url": "https://earthquake.usgs.gov/earthquakes/eventpage/us6000f2f5",
        "detail": "https://earthquake.usgs.gov/fdsnws/event/1/query?eventid=us6000f2f5&format=geojson",
        "felt": null,
        "cdi": null,
        "mmi": null,
        "alert": null,
        "status": "reviewed",
        "tsunami": 0,
        "sig": 400,
        "net": "us",
        "code": "6000f2f5",
        "ids": ",iscgem620970285,us6000f2f5,",
        "sources": ",iscgem,us,",
        "types": ",origin,phase-data,",
        "nst": null,
        "dmin": 4.606,
        "rms": 0.97,
        "gap": 37,
        "magType": "mww",
        "type": "earthquake",
        "title": "M 5.1 - Nicobar Islands, India region"
      },
      "geometry": {
        "type": "Point",
        "coordinates": [
          94.0044,
          8.814,
          20.27
        ]
      },
      "id": "us6000f2f5"
    },
    {
      "type": "Feature",
      "properties": {
        "mag": 5.5,
        "place": "Nicobar Islands, India region",
        "time": 1628099859892,
        "updated": 1766441591244,
        "tz": null,
        "url": "https://earthquake.usgs.gov/earthquakes/eventpage/us6000f27x",
        "detail": "https://earthquake.usgs.gov/fdsnws/event/1/query?eventid=us6000f27x&format=geojson",
        "felt": null,
        "cdi": null,
        "mmi": 3.727,
        "alert": "green",
        "status": "reviewed",
        "tsunami": 0,
        "sig": 465,
        "net": "us",
        "code": "6000f27x",
        "ids": ",usauto6000f27x,us6000f27x,iscgem620968081,",
        "sources": ",usauto,us,iscgem,",
        "types": ",internal-moment-tensor,losspager,moment-tensor,origin,phase-data,shakemap,",
        "nst": null,
        "dmin": 4.547,
        "rms": 0.82,
        "gap": 44,
        "magType": "mww",
        "type": "earthquake",
        "title": "M 5.5 - Nicobar Islands, India region"
      },
      "geometry": {
        "type": "Point",
        "coordinates": [
          94.0775,
          8.7966,
          8.82
        ]
      },
      "id": "us6000f27x"
    },
    {
      "type": "Feature",
      "properties": {
        "mag": 5.8,
        "place": "Nicobar Islands, India region",
        "time": 1627962233638,
        "updated": 1766441585604,
        "tz": null,
        "url": "https://earthquake.usgs.gov/earthquakes/eventpage/us6000f1r6",
        "detail": "https://earthquake.usgs.gov/fdsnws/event/1/query?eventid=us6000f1r6&format=geojson",
        "felt": null,
        "cdi": null,
        "mmi": 3.756,
        "alert": "green",
        "status": "reviewed",
        "tsunami": 0,
        "sig": 518,
        "net": "us",
        "code": "6000f1r6",
        "ids": ",us6000f1r6,iscgem620930454,",
        "sources": ",us,iscgem,",
        "types": ",losspager,origin,phase-data,shakemap,",
        "nst": null,
        "dmin": 4.659,
        "rms": 0.84,
        "gap": 45,
        "magType": "mb",
        "type": "earthquake",
        "title": "M 5.8 - Nicobar Islands, India region"
      },
      "geometry": {
        "type": "Point",
        "coordinates": [
          94.158,
          9.0017,
          10
        ]
      },
      "id": "us6000f1r6"
    },
    {
      "type": "Feature",
      "properties": {
        "mag": 6.1,
        "place": "Nicobar Islands, India region",
        "time": 1627962158345,
        "updated": 1766441635945,
        "tz": null,
        "url": "https://earthquake.usgs.gov/earthquakes/eventpage/us6000f1r4",
        "detail": "https://earthquake.usgs.gov/fdsnws/event/1/query?eventid=us6000f1r4&format=geojson",
        "felt": 9,
        "cdi": 3.8,
        "mmi": 4.055,
        "alert": "green",
        "status": "reviewed",
        "tsunami": 0,
        "sig": 576,
        "net": "us",
        "code": "6000f1r4",
        "ids": ",us6000f1r4,usauto6000f1r4,iscgem620995837,",
        "sources": ",us,usauto,iscgem,",
        "types": ",dyfi,ground-failure,internal-moment-tensor,losspager,moment-tensor,origin,phase-data,shakemap,",
        "nst": null,
        "dmin": 4.648,
        "rms": 0.95,
        "gap": 50,
        "magType": "mww",
        "type": "earthquake",
        "title": "M 6.1 - Nicobar Islands, India region"
      },
      "geometry": {
        "type": "Point",
        "coordinates": [
          94.0192,
          8.8809,
          10
        ]
      },
      "id": "us6000f1r4"
    },
    {
      "type": "Feature",
      "properties": {
        "mag": 5.3,
        "place": "Nicobar Islands, India region",
        "time": 1627962127890,
        "updated": 1766441584964,
        "tz": null,
        "url": "https://earthquake.usgs.gov/earthquakes/eventpage/us6000f1r3",
        "detail": "https://earthquake.usgs.gov/fdsnws/event/1/query?eventid=us6000f1r3&format=geojson",
        "felt": null,
        "cdi": null,
        "mmi": null,
        "alert": null,
        "status": "reviewed",
        "tsunami": 0,
        "sig": 432,
        "net": "us",
        "code": "6000f1r3",
        "ids": ",iscgem620930453,us6000f1r3,",
        "sources": ",iscgem,us,",
        "types": ",origin,phase-data,",
        "nst": null,
        "dmin": 4.611,
        "rms": 0.62,
        "gap": 36,
        "magType": "mb",
        "type": "earthquake",
        "title": "M 5.3 - Nicobar Islands, India region"
      },
      "geometry": {
        "type": "Point",
        "coordinates": [
          94.0564,
          8.8628,
          10
        ]
      },
      "id": "us6000f1r3"
    },
    {
      "type": "Feature",
      "properties": {
        "mag": 5.3,
        "place": "Nicobar Islands, India region",
        "time": 1627955474508,
        "updated": 1766441584271,
        "tz": null,
        "url": "https://earthquake.usgs.gov/earthquakes/eventpage/us6000f1qs",
        "detail": "https://earthquake.usgs.gov/fdsnws/event/1/query?eventid=us6000f1qs&format=geojson",
        "felt": null,
        "cdi": null,
        "mmi": null,
        "alert": null,
        "status": "reviewed",
        "tsunami": 0,
        "sig": 432,
        "net": "us",
        "code": "6000f1qs",
        "ids": ",usauto6000f1qs,iscgem620930449,us6000f1qs,",
        "sources": ",usauto,iscgem,us,",
        "types": ",internal-moment-tensor,origin,phase-data,",
        "nst": null,
        "dmin": 4.69,
        "rms": 0.87,
        "gap": 36,
        "magType": "mww",
        "type": "earthquake",
        "title": "M 5.3 - Nicobar Islands, India region"
      },
      "geometry": {
        "type": "Point",
        "coordinates": [
          94.1198,
          9.0127,
          10
        ]
      },
      "id": "us6000f1qs"
    },
    {
      "type": "Feature",
      "properties": {
        "mag": 5.5,
        "place": "44 km NE of Shwebo, Myanmar",
        "time": 1627547967722,
        "updated": 1766441560467,
        "tz": null,
        "url": "https://earthquake.usgs.gov/earthquakes/eventpage/us6000f051",
        "detail": "https://earthquake.usgs.gov/fdsnws/event/1/query?eventid=us6000f051&format=geojson",
        "felt": 13,
        "cdi": 4.5,
        "mmi": 6.758,
        "alert": "green",
        "status": "reviewed",
        "tsunami": 0,
        "sig": 471,
        "net": "us",
        "code": "6000f051",
        "ids": ",us6000f051,iscgem620857948,",
        "sources": ",us,iscgem,",
        "types": ",dyfi,impact-text,losspager,origin,phase-data,shakemap,",
        "nst": null,
        "dmin": 2.066,
        "rms": 0.7,
        "gap": 48,
        "magType": "mb",
        "type": "earthquake",
        "title": "M 5.5 - 44 km NE of Shwebo, Myanmar"
      },
      "geometry": {
        "type": "Point",
        "coordinates": [
          95.9967,
          22.8638,
          10
        ]
      },
      "id": "us6000f051"
    },
    {
      "type": "Feature",
      "properties": {
        "mag": 5.2,
        "place": "36 km NW of Rajanpur, Pakistan",
        "time": 1626825266196,
        "updated": 1766430281667,
        "tz": null,
        "url": "https://earthquake.usgs.gov/earthquakes/eventpage/us6000exhl",
        "detail": "https://earthquake.usgs.gov/fdsnws/event/1/query?eventid=us6000exhl&format=geojson",
        "felt": 8,
        "cdi": 5.2,
        "mmi": null,
        "alert": null,
        "status": "reviewed",
        "tsunami": 0,
        "sig": 420,
        "net": "us",
        "code": "6000exhl",
        "ids": ",us6000exhl,iscgem620838903,",
        "sources": ",us,iscgem,",
        "types": ",dyfi,moment-tensor,origin,phase-data,",
        "nst": null,
        "dmin": 8.336,
        "rms": 0.66,
        "gap": 39,
        "magType": "mww",
        "type": "earthquake",
        "title": "M 5.2 - 36 km NW of Rajanpur, Pakistan"
      },
      "geometry": {
        "type": "Point",
        "coordinates": [
          70.0487,
          29.3258,
          10
        ]
      },
      "id": "us6000exhl"
    },
    {
      "type": "Feature",
      "properties": {
        "mag": 5.1,
        "place": "Southern Qinghai, China",
        "time": 1625750605624,
        "updated": 1766430235374,
        "tz": null,
        "url": "https://earthquake.usgs.gov/earthquakes/eventpage/us6000et6f",
        "detail": "https://earthquake.usgs.gov/fdsnws/event/1/query?eventid=us6000et6f&format=geojson",
        "felt": null,
        "cdi": null,
        "mmi": null,
        "alert": null,
        "status": "reviewed",
        "tsunami": 0,
        "sig": 400,
        "net": "us",
        "code": "6000et6f",
        "ids": ",iscgem620780023,us6000et6f,",
        "sources": ",iscgem,us,",
        "types": ",origin,phase-data,",
        "nst": null,
        "dmin": 10.482,
        "rms": 0.94,
        "gap": 58,
        "magType": "mww",
        "type": "earthquake",
        "title": "M 5.1 - Southern Qinghai, China"
      },
      "geometry": {
        "type": "Point",
        "coordinates": [
          97.9158,
          34.6768,
          10
        ]
      },
      "id": "us6000et6f"
    },
    {
      "type": "Feature",
      "properties": {
        "mag": 5.3,
        "place": "8 km SSE of Lakhipur, India",
        "time": 1625627724246,
        "updated": 1766426473177,
        "tz": null,
        "url": "https://earthquake.usgs.gov/earthquakes/eventpage/us7000ej9c",
        "detail": "https://earthquake.usgs.gov/fdsnws/event/1/query?eventid=us7000ej9c&format=geojson",
        "felt": 46,
        "cdi": 8.4,
        "mmi": null,
        "alert": null,
        "status": "reviewed",
        "tsunami": 0,
        "sig": 471,
        "net": "us",
        "code": "7000ej9c",
        "ids": ",us7000ej9c,iscgem620757423,",
        "sources": ",us,iscgem,",
        "types": ",dyfi,origin,phase-data,",
        "nst": null,
        "dmin": 1.413,
        "rms": 0.59,
        "gap": 18,
        "magType": "mb",
        "type": "earthquake",
        "title": "M 5.3 - 8 km SSE of Lakhipur, India"
      },
      "geometry": {
        "type": "Point",
        "coordinates": [
          90.3499,
          25.9603,
          10
        ]
      },
      "id": "us7000ej9c"
    },
    {
      "type": "Feature",
      "properties": {
        "mag": 5.1,
        "place": "10 km SW of Charikar, Afghanistan",
        "time": 1624575884289,
        "updated": 1766430180866,
        "tz": null,
        "url": "https://earthquake.usgs.gov/earthquakes/eventpage/us6000epir",
        "detail": "https://earthquake.usgs.gov/fdsnws/event/1/query?eventid=us6000epir&format=geojson",
        "felt": 15,
        "cdi": 5,
        "mmi": null,
        "alert": null,
        "status": "reviewed",
        "tsunami": 0,
        "sig": 408,
        "net": "us",
        "code": "6000epir",
        "ids": ",us6000epir,iscgem620557778,",
        "sources": ",us,iscgem,",
        "types": ",dyfi,origin,phase-data,",
        "nst": null,
        "dmin": 0.41,
        "rms": 1.08,
        "gap": 49,
        "magType": "mww",
        "type": "earthquake",
        "title": "M 5.1 - 10 km SW of Charikar, Afghanistan"
      },
      "geometry": {
        "type": "Point",
        "coordinates": [
          69.0848,
          34.9509,
          16.2
        ]
      },
      "id": "us6000epir"
    },
    {
      "type": "Feature",
      "properties": {
        "mag": 5,
        "place": "17 km ENE of Battagram, Pakistan",
        "time": 1623939576145,
        "updated": 1766426466394,
        "tz": null,
        "url": "https://earthquake.usgs.gov/earthquakes/eventpage/us7000edut",
        "detail": "https://earthquake.usgs.gov/fdsnws/event/1/query?eventid=us7000edut&format=geojson",
        "felt": 4,
        "cdi": 3.8,
        "mmi": null,
        "alert": null,
        "status": "reviewed",
        "tsunami": 0,
        "sig": 386,
        "net": "us",
        "code": "7000edut",
        "ids": ",us7000edut,iscgem620531519,",
        "sources": ",us,iscgem,",
        "types": ",dyfi,origin,phase-data,",
        "nst": null,
        "dmin": 1.072,
        "rms": 0.84,
        "gap": 42,
        "magType": "mb",
        "type": "earthquake",
        "title": "M 5.0 - 17 km ENE of Battagram, Pakistan"
      },
      "geometry": {
        "type": "Point",
        "coordinates": [
          73.2047,
          34.7242,
          10
        ]
      },
      "id": "us7000edut"
    },
    {
      "type": "Feature",
      "properties": {
        "mag": 5,
        "place": "Southern Qinghai, China",
        "time": 1622699718480,
        "updated": 1766426461380,
        "tz": null,
        "url": "https://earthquake.usgs.gov/earthquakes/eventpage/us7000e9a3",
        "detail": "https://earthquake.usgs.gov/fdsnws/event/1/query?eventid=us7000e9a3&format=geojson",
        "felt": 1,
        "cdi": 7.6,
        "mmi": 6.008,
        "alert": "green",
        "status": "reviewed",
        "tsunami": 0,
        "sig": 385,
        "net": "us",
        "code": "7000e9a3",
        "ids": ",us7000e9a3,iscgem620496826,",
        "sources": ",us,iscgem,",
        "types": ",dyfi,losspager,origin,phase-data,shakemap,",
        "nst": null,
        "dmin": 10.448,
        "rms": 0.47,
        "gap": 28,
        "magType": "mww",
        "type": "earthquake",
        "title": "M 5.0 - Southern Qinghai, China"
      },
      "geometry": {
        "type": "Point",
        "coordinates": [
          97.8048,
          34.6927,
          10
        ]
      },
      "id": "us7000e9a3"
    },
    {
      "type": "Feature",
      "properties": {
        "mag": 5,
        "place": "25 km ESE of Farkh?r, Afghanistan",
        "time": 1622186656071,
        "updated": 1628373938040,
        "tz": null,
        "url": "https://earthquake.usgs.gov/earthquakes/eventpage/us6000efd7",
        "detail": "https://earthquake.usgs.gov/fdsnws/event/1/query?eventid=us6000efd7&format=geojson",
        "felt": null,
        "cdi": null,
        "mmi": null,
        "alert": null,
        "status": "reviewed",
        "tsunami": 0,
        "sig": 385,
        "net": "us",
        "code": "6000efd7",
        "ids": ",us6000efd7,",
        "sources": ",us,",
        "types": ",origin,phase-data,",
        "nst": null,
        "dmin": 0.697,
        "rms": 0.78,
        "gap": 44,
        "magType": "mb",
        "type": "earthquake",
        "title": "M 5.0 - 25 km ESE of Farkh?r, Afghanistan"
      },
      "geometry": {
        "type": "Point",
        "coordinates": [
          70.1352,
          36.5239,
          209.8
        ]
      },
      "id": "us6000efd7"
    },
    {
      "type": "Feature",
      "properties": {
        "mag": 5.1,
        "place": "Southern Qinghai, China",
        "time": 1621650577091,
        "updated": 1766430051447,
        "tz": null,
        "url": "https://earthquake.usgs.gov/earthquakes/eventpage/us7000e584",
        "detail": "https://earthquake.usgs.gov/fdsnws/event/1/query?eventid=us7000e584&format=geojson",
        "felt": null,
        "cdi": null,
        "mmi": null,
        "alert": null,
        "status": "reviewed",
        "tsunami": 0,
        "sig": 400,
        "net": "us",
        "code": "7000e584",
        "ids": ",iscgem620437906,us7000e584,",
        "sources": ",iscgem,us,",
        "types": ",origin,phase-data,",
        "nst": null,
        "dmin": 5.18,
        "rms": 0.83,
        "gap": 48,
        "magType": "mb",
        "type": "earthquake",
        "title": "M 5.1 - Southern Qinghai, China"
      },
      "geometry": {
        "type": "Point",
        "coordinates": [
          97.4695,
          34.9495,
          10
        ]
      },
      "id": "us7000e584"
    },
    {
      "type": "Feature",
      "properties": {
        "mag": 5.3,
        "place": "36 km E of Pokhara, Nepal",
        "time": 1621382278646,
        "updated": 1766430025381,
        "tz": null,
        "url": "https://earthquake.usgs.gov/earthquakes/eventpage/us7000e4aq",
        "detail": "https://earthquake.usgs.gov/fdsnws/event/1/query?eventid=us7000e4aq&format=geojson",
        "felt": 45,
        "cdi": 5,
        "mmi": null,
        "alert": null,
        "status": "reviewed",
        "tsunami": 0,
        "sig": 455,
        "net": "us",
        "code": "7000e4aq",
        "ids": ",us7000e4aq,iscgem620397823,",
        "sources": ",us,iscgem,",
        "types": ",dyfi,impact-text,origin,phase-data,",
        "nst": null,
        "dmin": 2.208,
        "rms": 0.93,
        "gap": 36,
        "magType": "mb",
        "type": "earthquake",
        "title": "M 5.3 - 36 km E of Pokhara, Nepal"
      },
      "geometry": {
        "type": "Point",
        "coordinates": [
          84.3373,
          28.2785,
          10
        ]
      },
      "id": "us7000e4aq"
    },
    {
      "type": "Feature",
      "properties": {
        "mag": 5,
        "place": "115 km NW of Sabang, Indonesia",
        "time": 1621316961978,
        "updated": 1627160871040,
        "tz": null,
        "url": "https://earthquake.usgs.gov/earthquakes/eventpage/us7000e40a",
        "detail": "https://earthquake.usgs.gov/fdsnws/event/1/query?eventid=us7000e40a&format=geojson",
        "felt": 1,
        "cdi": 2,
        "mmi": null,
        "alert": null,
        "status": "reviewed",
        "tsunami": 0,
        "sig": 385,
        "net": "us",
        "code": "7000e40a",
        "ids": ",us7000e40a,",
        "sources": ",us,",
        "types": ",dyfi,origin,phase-data,",
        "nst": null,
        "dmin": 2.742,
        "rms": 1.04,
        "gap": 35,
        "magType": "mb",
        "type": "earthquake",
        "title": "M 5.0 - 115 km NW of Sabang, Indonesia"
      },
      "geometry": {
        "type": "Point",
        "coordinates": [
          94.5648,
          6.6176,
          10
        ]
      },
      "id": "us7000e40a"
    },
    {
      "type": "Feature",
      "properties": {
        "mag": 5,
        "place": "6 km NE of Dhekiajuli, India",
        "time": 1619577181489,
        "updated": 1766429843383,
        "tz": null,
        "url": "https://earthquake.usgs.gov/earthquakes/eventpage/us7000dy3r",
        "detail": "https://earthquake.usgs.gov/fdsnws/event/1/query?eventid=us7000dy3r&format=geojson",
        "felt": 32,
        "cdi": 6.8,
        "mmi": null,
        "alert": null,
        "status": "reviewed",
        "tsunami": 0,
        "sig": 406,
        "net": "us",
        "code": "7000dy3r",
        "ids": ",us7000dy3r,iscgem620343983,",
        "sources": ",us,iscgem,",
        "types": ",dyfi,origin,phase-data,",
        "nst": null,
        "dmin": 1.317,
        "rms": 0.74,
        "gap": 77,
        "magType": "mb",
        "type": "earthquake",
        "title": "M 5.0 - 6 km NE of Dhekiajuli, India"
      },
      "geometry": {
        "type": "Point",
        "coordinates": [
          92.5136,
          26.7489,
          35
        ]
      },
      "id": "us7000dy3r"
    },
    {
      "type": "Feature",
      "properties": {
        "mag": 6,
        "place": "8 km NNW of Dhekiajuli, India",
        "time": 1619576486212,
        "updated": 1766429842181,
        "tz": null,
        "url": "https://earthquake.usgs.gov/earthquakes/eventpage/us7000dy3b",
        "detail": "https://earthquake.usgs.gov/fdsnws/event/1/query?eventid=us7000dy3b&format=geojson",
        "felt": 269,
        "cdi": 8.5,
        "mmi": 7.049,
        "alert": "red",
        "status": "reviewed",
        "tsunami": 0,
        "sig": 2229,
        "net": "us",
        "code": "7000dy3b",
        "ids": ",us7000dy3b,usauto7000dy3b,at00qs957r,pt21118000,iscgem620343980,",
        "sources": ",us,usauto,at,pt,iscgem,",
        "types": ",dyfi,ground-failure,impact-text,internal-moment-tensor,internal-origin,losspager,moment-tensor,origin,phase-data,shakemap,",
        "nst": null,
        "dmin": 1.324,
        "rms": 0.79,
        "gap": 11,
        "magType": "mww",
        "type": "earthquake",
        "title": "M 6.0 - 8 km NNW of Dhekiajuli, India"
      },
      "geometry": {
        "type": "Point",
        "coordinates": [
          92.4565,
          26.7813,
          34
        ]
      },
      "id": "us7000dy3b"
    },
    {
      "type": "Feature",
      "properties": {
        "mag": 5.1,
        "place": "61 km ESE of Hakha, Myanmar",
        "time": 1618752272776,
        "updated": 1766429809900,
        "tz": null,
        "url": "https://earthquake.usgs.gov/earthquakes/eventpage/us6000e2mn",
        "detail": "https://earthquake.usgs.gov/fdsnws/event/1/query?eventid=us6000e2mn&format=geojson",
        "felt": 1,
        "cdi": 6,
        "mmi": null,
        "alert": null,
        "status": "reviewed",
        "tsunami": 0,
        "sig": 401,
        "net": "us",
        "code": "6000e2mn",
        "ids": ",us6000e2mn,iscgem620342019,",
        "sources": ",us,iscgem,",
        "types": ",dyfi,origin,phase-data,",
        "nst": null,
        "dmin": 2.364,
        "rms": 0.81,
        "gap": 35,
        "magType": "mww",
        "type": "earthquake",
        "title": "M 5.1 - 61 km ESE of Hakha, Myanmar"
      },
      "geometry": {
        "type": "Point",
        "coordinates": [
          94.1955,
          22.5129,
          24.67
        ]
      },
      "id": "us6000e2mn"
    },
    {
      "type": "Feature",
      "properties": {
        "mag": 5,
        "place": "92 km ENE of Nagqu, China",
        "time": 1617745715301,
        "updated": 1766429748343,
        "tz": null,
        "url": "https://earthquake.usgs.gov/earthquakes/eventpage/us6000dzil",
        "detail": "https://earthquake.usgs.gov/fdsnws/event/1/query?eventid=us6000dzil&format=geojson",
        "felt": null,
        "cdi": null,
        "mmi": null,
        "alert": null,
        "status": "reviewed",
        "tsunami": 0,
        "sig": 385,
        "net": "us",
        "code": "6000dzil",
        "ids": ",iscgem620227313,us6000dzil,",
        "sources": ",iscgem,us,",
        "types": ",origin,phase-data,",
        "nst": null,
        "dmin": 2.65,
        "rms": 0.73,
        "gap": 33,
        "magType": "mww",
        "type": "earthquake",
        "title": "M 5.0 - 92 km ENE of Nagqu, China"
      },
      "geometry": {
        "type": "Point",
        "coordinates": [
          92.9137,
          31.8686,
          10
        ]
      },
      "id": "us6000dzil"
    },
    {
      "type": "Feature",
      "properties": {
        "mag": 5.2,
        "place": "35 km NNW of Samtse, Bhutan",
        "time": 1617635997976,
        "updated": 1766429741148,
        "tz": null,
        "url": "https://earthquake.usgs.gov/earthquakes/eventpage/us6000dz5d",
        "detail": "https://earthquake.usgs.gov/fdsnws/event/1/query?eventid=us6000dz5d&format=geojson",
        "felt": 161,
        "cdi": 5.8,
        "mmi": null,
        "alert": null,
        "status": "reviewed",
        "tsunami": 0,
        "sig": 509,
        "net": "us",
        "code": "6000dz5d",
        "ids": ",us6000dz5d,iscgem620223033,",
        "sources": ",us,iscgem,",
        "types": ",dyfi,origin,phase-data,",
        "nst": null,
        "dmin": 2.04,
        "rms": 0.66,
        "gap": 45,
        "magType": "mb",
        "type": "earthquake",
        "title": "M 5.2 - 35 km NNW of Samtse, Bhutan"
      },
      "geometry": {
        "type": "Point",
        "coordinates": [
          88.9412,
          27.1863,
          10
        ]
      },
      "id": "us6000dz5d"
    },
    {
      "type": "Feature",
      "properties": {
        "mag": 5.5,
        "place": "western Xizang",
        "time": 1617038843269,
        "updated": 1766429717027,
        "tz": null,
        "url": "https://earthquake.usgs.gov/earthquakes/eventpage/us6000dxge",
        "detail": "https://earthquake.usgs.gov/fdsnws/event/1/query?eventid=us6000dxge&format=geojson",
        "felt": null,
        "cdi": null,
        "mmi": 6.986,
        "alert": "green",
        "status": "reviewed",
        "tsunami": 0,
        "sig": 465,
        "net": "us",
        "code": "6000dxge",
        "ids": ",usauto6000dxge,pt21088002,us6000dxge,iscgem620187634,",
        "sources": ",usauto,pt,us,iscgem,",
        "types": ",internal-moment-tensor,internal-origin,losspager,moment-tensor,origin,phase-data,shakemap,",
        "nst": null,
        "dmin": 5.478,
        "rms": 0.73,
        "gap": 46,
        "magType": "mww",
        "type": "earthquake",
        "title": "M 5.5 - western Xizang"
      },
      "geometry": {
        "type": "Point",
        "coordinates": [
          87.6921,
          34.3549,
          8
        ]
      },
      "id": "us6000dxge"
    },
    {
      "type": "Feature",
      "properties": {
        "mag": 5,
        "place": "47 km NNE of Bomdila, India",
        "time": 1616785327885,
        "updated": 1623175117040,
        "tz": null,
        "url": "https://earthquake.usgs.gov/earthquakes/eventpage/us6000dwue",
        "detail": "https://earthquake.usgs.gov/fdsnws/event/1/query?eventid=us6000dwue&format=geojson",
        "felt": 25,
        "cdi": 4.1,
        "mmi": null,
        "alert": null,
        "status": "reviewed",
        "tsunami": 0,
        "sig": 395,
        "net": "us",
        "code": "6000dwue",
        "ids": ",us6000dwue,",
        "sources": ",us,",
        "types": ",dyfi,origin,phase-data,",
        "nst": null,
        "dmin": 2.179,
        "rms": 0.53,
        "gap": 25,
        "magType": "mww",
        "type": "earthquake",
        "title": "M 5.0 - 47 km NNE of Bomdila, India"
      },
      "geometry": {
        "type": "Point",
        "coordinates": [
          92.6692,
          27.6289,
          29.81
        ]
      },
      "id": "us6000dwue"
    },
    {
      "type": "Feature",
      "properties": {
        "mag": 5,
        "place": "97 km ENE of Nagqu, China",
        "time": 1616433815795,
        "updated": 1622647332040,
        "tz": null,
        "url": "https://earthquake.usgs.gov/earthquakes/eventpage/us6000dvi9",
        "detail": "https://earthquake.usgs.gov/fdsnws/event/1/query?eventid=us6000dvi9&format=geojson",
        "felt": null,
        "cdi": null,
        "mmi": null,
        "alert": null,
        "status": "reviewed",
        "tsunami": 0,
        "sig": 385,
        "net": "us",
        "code": "6000dvi9",
        "ids": ",us6000dvi9,",
        "sources": ",us,",
        "types": ",origin,phase-data,",
        "nst": null,
        "dmin": 2.727,
        "rms": 0.86,
        "gap": 58,
        "magType": "mb",
        "type": "earthquake",
        "title": "M 5.0 - 97 km ENE of Nagqu, China"
      },
      "geometry": {
        "type": "Point",
        "coordinates": [
          92.9084,
          31.9664,
          10
        ]
      },
      "id": "us6000dvi9"
    },
    {
      "type": "Feature",
      "properties": {
        "mag": 5.2,
        "place": "western Xizang",
        "time": 1616254222366,
        "updated": 1766429694105,
        "tz": null,
        "url": "https://earthquake.usgs.gov/earthquakes/eventpage/us7000dl8t",
        "detail": "https://earthquake.usgs.gov/fdsnws/event/1/query?eventid=us7000dl8t&format=geojson",
        "felt": null,
        "cdi": null,
        "mmi": null,
        "alert": null,
        "status": "reviewed",
        "tsunami": 0,
        "sig": 416,
        "net": "us",
        "code": "7000dl8t",
        "ids": ",iscgem620172310,us7000dl8t,",
        "sources": ",iscgem,us,",
        "types": ",origin,phase-data,",
        "nst": null,
        "dmin": 7.299,
        "rms": 0.55,
        "gap": 28,
        "magType": "mb",
        "type": "earthquake",
        "title": "M 5.2 - western Xizang"
      },
      "geometry": {
        "type": "Point",
        "coordinates": [
          83.4724,
          34.7094,
          15.11
        ]
      },
      "id": "us7000dl8t"
    },
    {
      "type": "Feature",
      "properties": {
        "mag": 5.7,
        "place": "95 km ENE of Nagqu, China",
        "time": 1616134287113,
        "updated": 1766429677042,
        "tz": null,
        "url": "https://earthquake.usgs.gov/earthquakes/eventpage/us7000dkv0",
        "detail": "https://earthquake.usgs.gov/fdsnws/event/1/query?eventid=us7000dkv0&format=geojson",
        "felt": 3,
        "cdi": 8.2,
        "mmi": 6.862,
        "alert": "yellow",
        "status": "reviewed",
        "tsunami": 0,
        "sig": 652,
        "net": "us",
        "code": "7000dkv0",
        "ids": ",us7000dkv0,usauto7000dkv0,iscgem619961130,",
        "sources": ",us,usauto,iscgem,",
        "types": ",dyfi,internal-moment-tensor,losspager,moment-tensor,origin,phase-data,shakemap,",
        "nst": null,
        "dmin": 2.696,
        "rms": 0.59,
        "gap": 19,
        "magType": "mww",
        "type": "earthquake",
        "title": "M 5.7 - 95 km ENE of Nagqu, China"
      },
      "geometry": {
        "type": "Point",
        "coordinates": [
          92.9151,
          31.9246,
          8
        ]
      },
      "id": "us7000dkv0"
    },
    {
      "type": "Feature",
      "properties": {
        "mag": 5.1,
        "place": "104 km NNE of Lobujya, Nepal",
        "time": 1612415183654,
        "updated": 1618599804040,
        "tz": null,
        "url": "https://earthquake.usgs.gov/earthquakes/eventpage/us6000decu",
        "detail": "https://earthquake.usgs.gov/fdsnws/event/1/query?eventid=us6000decu&format=geojson",
        "felt": 1,
        "cdi": 5.3,
        "mmi": null,
        "alert": null,
        "status": "reviewed",
        "tsunami": 0,
        "sig": 401,
        "net": "us",
        "code": "6000decu",
        "ids": ",us6000decu,",
        "sources": ",us,",
        "types": ",dyfi,origin,phase-data,",
        "nst": null,
        "dmin": 0.93,
        "rms": 0.47,
        "gap": 64,
        "magType": "mb",
        "type": "earthquake",
        "title": "M 5.1 - 104 km NNE of Lobujya, Nepal"
      },
      "geometry": {
        "type": "Point",
        "coordinates": [
          87.3785,
          28.7463,
          10
        ]
      },
      "id": "us6000decu"
    },
    {
      "type": "Feature",
      "properties": {
        "mag": 5,
        "place": "110 km NNE of Lobujya, Nepal",
        "time": 1612233073845,
        "updated": 1766429355444,
        "tz": null,
        "url": "https://earthquake.usgs.gov/earthquakes/eventpage/us6000ddsr",
        "detail": "https://earthquake.usgs.gov/fdsnws/event/1/query?eventid=us6000ddsr&format=geojson",
        "felt": 3,
        "cdi": 3.3,
        "mmi": null,
        "alert": null,
        "status": "reviewed",
        "tsunami": 0,
        "sig": 386,
        "net": "us",
        "code": "6000ddsr",
        "ids": ",us6000ddsr,iscgem619793785,",
        "sources": ",us,iscgem,",
        "types": ",dyfi,origin,phase-data,",
        "nst": null,
        "dmin": 3.404,
        "rms": 0.58,
        "gap": 64,
        "magType": "mww",
        "type": "earthquake",
        "title": "M 5.0 - 110 km NNE of Lobujya, Nepal"
      },
      "geometry": {
        "type": "Point",
        "coordinates": [
          87.362,
          28.8225,
          8.7
        ]
      },
      "id": "us6000ddsr"
    },
    {
      "type": "Feature",
      "properties": {
        "mag": 5,
        "place": "41 km S of Khorugh, Tajikistan",
        "time": 1611514882737,
        "updated": 1766429331640,
        "tz": null,
        "url": "https://earthquake.usgs.gov/earthquakes/eventpage/us7000d2ye",
        "detail": "https://earthquake.usgs.gov/fdsnws/event/1/query?eventid=us7000d2ye&format=geojson",
        "felt": 1,
        "cdi": 4.6,
        "mmi": null,
        "alert": null,
        "status": "reviewed",
        "tsunami": 0,
        "sig": 385,
        "net": "us",
        "code": "7000d2ye",
        "ids": ",us7000d2ye,iscgem619763827,",
        "sources": ",us,iscgem,",
        "types": ",dyfi,origin,phase-data,",
        "nst": null,
        "dmin": 3.313,
        "rms": 1.03,
        "gap": 62,
        "magType": "mb",
        "type": "earthquake",
        "title": "M 5.0 - 41 km S of Khorugh, Tajikistan"
      },
      "geometry": {
        "type": "Point",
        "coordinates": [
          71.6199,
          37.1151,
          117.26
        ]
      },
      "id": "us7000d2ye"
    },
    {
      "type": "Feature",
      "properties": {
        "mag": 5.5,
        "place": "47 km SSW of Jurm, Afghanistan",
        "time": 1610827366900,
        "updated": 1766429313644,
        "tz": null,
        "url": "https://earthquake.usgs.gov/earthquakes/eventpage/us7000d0pq",
        "detail": "https://earthquake.usgs.gov/fdsnws/event/1/query?eventid=us7000d0pq&format=geojson",
        "felt": 37,
        "cdi": 4.9,
        "mmi": 4.403,
        "alert": "green",
        "status": "reviewed",
        "tsunami": 0,
        "sig": 484,
        "net": "us",
        "code": "7000d0pq",
        "ids": ",us7000d0pq,usauto7000d0pq,iscgem619720908,",
        "sources": ",us,usauto,iscgem,",
        "types": ",dyfi,internal-moment-tensor,losspager,moment-tensor,origin,phase-data,shakemap,",
        "nst": null,
        "dmin": 2.334,
        "rms": 0.69,
        "gap": 18,
        "magType": "mww",
        "type": "earthquake",
        "title": "M 5.5 - 47 km SSW of Jurm, Afghanistan"
      },
      "geometry": {
        "type": "Point",
        "coordinates": [
          70.6979,
          36.4494,
          204
        ]
      },
      "id": "us7000d0pq"
    },
    {
      "type": "Feature",
      "properties": {
        "mag": 5.1,
        "place": "16 km W of Kishtw?r, India",
        "time": 1610373723048,
        "updated": 1766429291706,
        "tz": null,
        "url": "https://earthquake.usgs.gov/earthquakes/eventpage/us6000d7f5",
        "detail": "https://earthquake.usgs.gov/fdsnws/event/1/query?eventid=us6000d7f5&format=geojson",
        "felt": 27,
        "cdi": 6.1,
        "mmi": null,
        "alert": null,
        "status": "reviewed",
        "tsunami": 0,
        "sig": 417,
        "net": "us",
        "code": "6000d7f5",
        "ids": ",us6000d7f5,iscgem619647295,",
        "sources": ",us,iscgem,",
        "types": ",dyfi,origin,phase-data,",
        "nst": null,
        "dmin": 1.968,
        "rms": 0.47,
        "gap": 66,
        "magType": "mb",
        "type": "earthquake",
        "title": "M 5.1 - 16 km W of Kishtw?r, India"
      },
      "geometry": {
        "type": "Point",
        "coordinates": [
          75.5872,
          33.3042,
          10
        ]
      },
      "id": "us6000d7f5"
    },
    {
      "type": "Feature",
      "properties": {
        "mag": 5,
        "place": "130 km WNW of Sabang, Indonesia",
        "time": 1609982851280,
        "updated": 1615676381040,
        "tz": null,
        "url": "https://earthquake.usgs.gov/earthquakes/eventpage/us6000d6bs",
        "detail": "https://earthquake.usgs.gov/fdsnws/event/1/query?eventid=us6000d6bs&format=geojson",
        "felt": 1,
        "cdi": 2,
        "mmi": null,
        "alert": null,
        "status": "reviewed",
        "tsunami": 0,
        "sig": 385,
        "net": "us",
        "code": "6000d6bs",
        "ids": ",us6000d6bs,",
        "sources": ",us,",
        "types": ",dyfi,origin,phase-data,",
        "nst": null,
        "dmin": 2.925,
        "rms": 0.75,
        "gap": 49,
        "magType": "mb",
        "type": "earthquake",
        "title": "M 5.0 - 130 km WNW of Sabang, Indonesia"
      },
      "geometry": {
        "type": "Point",
        "coordinates": [
          94.2415,
          6.3819,
          78.43
        ]
      },
      "id": "us6000d6bs"
    },
    {
      "type": "Feature",
      "properties": {
        "mag": 5,
        "place": "7 km NNW of Shingli Bala, Pakistan",
        "time": 1609306423546,
        "updated": 1615072835040,
        "tz": null,
        "url": "https://earthquake.usgs.gov/earthquakes/eventpage/us6000d49f",
        "detail": "https://earthquake.usgs.gov/fdsnws/event/1/query?eventid=us6000d49f&format=geojson",
        "felt": 2,
        "cdi": 3.8,
        "mmi": null,
        "alert": null,
        "status": "reviewed",
        "tsunami": 0,
        "sig": 385,
        "net": "us",
        "code": "6000d49f",
        "ids": ",us6000d49f,",
        "sources": ",us,",
        "types": ",dyfi,origin,phase-data,",
        "nst": null,
        "dmin": 1.119,
        "rms": 1.18,
        "gap": 42,
        "magType": "mb",
        "type": "earthquake",
        "title": "M 5.0 - 7 km NNW of Shingli Bala, Pakistan"
      },
      "geometry": {
        "type": "Point",
        "coordinates": [
          72.9466,
          34.741,
          10
        ]
      },
      "id": "us6000d49f"
    },
    {
      "type": "Feature",
      "properties": {
        "mag": 5.1,
        "place": "77 km W of Monywa, Myanmar",
        "time": 1607404475415,
        "updated": 1613169622040,
        "tz": null,
        "url": "https://earthquake.usgs.gov/earthquakes/eventpage/us7000cp2v",
        "detail": "https://earthquake.usgs.gov/fdsnws/event/1/query?eventid=us7000cp2v&format=geojson",
        "felt": null,
        "cdi": null,
        "mmi": null,
        "alert": null,
        "status": "reviewed",
        "tsunami": 0,
        "sig": 400,
        "net": "us",
        "code": "7000cp2v",
        "ids": ",us7000cp2v,",
        "sources": ",us,",
        "types": ",origin,phase-data,",
        "nst": null,
        "dmin": 0.847,
        "rms": 0.6,
        "gap": 25,
        "magType": "mb",
        "type": "earthquake",
        "title": "M 5.1 - 77 km W of Monywa, Myanmar"
      },
      "geometry": {
        "type": "Point",
        "coordinates": [
          94.3877,
          22.2089,
          90.82
        ]
      },
      "id": "us7000cp2v"
    },
    {
      "type": "Feature",
      "properties": {
        "mag": 5,
        "place": "22 km E of Mawlaik, Myanmar",
        "time": 1605343826186,
        "updated": 1611768553040,
        "tz": null,
        "url": "https://earthquake.usgs.gov/earthquakes/eventpage/us7000cevs",
        "detail": "https://earthquake.usgs.gov/fdsnws/event/1/query?eventid=us7000cevs&format=geojson",
        "felt": 4,
        "cdi": 2.6,
        "mmi": null,
        "alert": null,
        "status": "reviewed",
        "tsunami": 0,
        "sig": 386,
        "net": "us",
        "code": "7000cevs",
        "ids": ",us7000cevs,",
        "sources": ",us,",
        "types": ",dyfi,origin,phase-data,",
        "nst": null,
        "dmin": 0.682,
        "rms": 0.89,
        "gap": 37,
        "magType": "mww",
        "type": "earthquake",
        "title": "M 5.0 - 22 km E of Mawlaik, Myanmar"
      },
      "geometry": {
        "type": "Point",
        "coordinates": [
          94.6188,
          23.6092,
          103.66
        ]
      },
      "id": "us7000cevs"
    },
    {
      "type": "Feature",
      "properties": {
        "mag": 5.5,
        "place": "33 km WNW of Moir?ng, India",
        "time": 1602351480765,
        "updated": 1766426343200,
        "tz": null,
        "url": "https://earthquake.usgs.gov/earthquakes/eventpage/us6000c7ce",
        "detail": "https://earthquake.usgs.gov/fdsnws/event/1/query?eventid=us6000c7ce&format=geojson",
        "felt": 87,
        "cdi": 4.8,
        "mmi": 4.24,
        "alert": "green",
        "status": "reviewed",
        "tsunami": 0,
        "sig": 507,
        "net": "us",
        "code": "6000c7ce",
        "ids": ",us6000c7ce,pt20284000,iscgem619479207,",
        "sources": ",us,pt,iscgem,",
        "types": ",dyfi,internal-origin,losspager,moment-tensor,origin,phase-data,shakemap,",
        "nst": null,
        "dmin": 0.849,
        "rms": 0.65,
        "gap": 22,
        "magType": "mww",
        "type": "earthquake",
        "title": "M 5.5 - 33 km WNW of Moir?ng, India"
      },
      "geometry": {
        "type": "Point",
        "coordinates": [
          93.4997,
          24.6661,
          53
        ]
      },
      "id": "us6000c7ce"
    },
    {
      "type": "Feature",
      "properties": {
        "mag": 5,
        "place": "150 km E of Leh, India",
        "time": 1601941400846,
        "updated": 1766429003313,
        "tz": null,
        "url": "https://earthquake.usgs.gov/earthquakes/eventpage/us6000c5y3",
        "detail": "https://earthquake.usgs.gov/fdsnws/event/1/query?eventid=us6000c5y3&format=geojson",
        "felt": null,
        "cdi": null,
        "mmi": null,
        "alert": null,
        "status": "reviewed",
        "tsunami": 0,
        "sig": 385,
        "net": "us",
        "code": "6000c5y3",
        "ids": ",iscgem619458588,us6000c5y3,",
        "sources": ",iscgem,us,",
        "types": ",origin,phase-data,",
        "nst": null,
        "dmin": 4.971,
        "rms": 0.62,
        "gap": 21,
        "magType": "mww",
        "type": "earthquake",
        "title": "M 5.0 - 150 km E of Leh, India"
      },
      "geometry": {
        "type": "Point",
        "coordinates": [
          79.2141,
          34.1788,
          10
        ]
      },
      "id": "us6000c5y3"
    },
    {
      "type": "Feature",
      "properties": {
        "mag": 5,
        "place": "52 km E of Leh, India",
        "time": 1601227662182,
        "updated": 1766428974752,
        "tz": null,
        "url": "https://earthquake.usgs.gov/earthquakes/eventpage/us6000c1yn",
        "detail": "https://earthquake.usgs.gov/fdsnws/event/1/query?eventid=us6000c1yn&format=geojson",
        "felt": 11,
        "cdi": 4.7,
        "mmi": null,
        "alert": null,
        "status": "reviewed",
        "tsunami": 0,
        "sig": 390,
        "net": "us",
        "code": "6000c1yn",
        "ids": ",us6000c1yn,iscgem619394656,",
        "sources": ",us,iscgem,",
        "types": ",dyfi,origin,phase-data,",
        "nst": null,
        "dmin": 4.091,
        "rms": 1.35,
        "gap": 98,
        "magType": "mww",
        "type": "earthquake",
        "title": "M 5.0 - 52 km E of Leh, India"
      },
      "geometry": {
        "type": "Point",
        "coordinates": [
          78.1519,
          34.1448,
          10
        ]
      },
      "id": "us6000c1yn"
    },
    {
      "type": "Feature",
      "properties": {
        "mag": 5.3,
        "place": "58 km E of Leh, India",
        "time": 1601031433221,
        "updated": 1766428970044,
        "tz": null,
        "url": "https://earthquake.usgs.gov/earthquakes/eventpage/us6000c13w",
        "detail": "https://earthquake.usgs.gov/fdsnws/event/1/query?eventid=us6000c13w&format=geojson",
        "felt": 8,
        "cdi": 5.3,
        "mmi": null,
        "alert": null,
        "status": "reviewed",
        "tsunami": 0,
        "sig": 436,
        "net": "us",
        "code": "6000c13w",
        "ids": ",us6000c13w,iscgem619321061,",
        "sources": ",us,iscgem,",
        "types": ",dyfi,origin,phase-data,",
        "nst": null,
        "dmin": 4.146,
        "rms": 0.61,
        "gap": 38,
        "magType": "mww",
        "type": "earthquake",
        "title": "M 5.3 - 58 km E of Leh, India"
      },
      "geometry": {
        "type": "Point",
        "coordinates": [
          78.2058,
          34.2487,
          10
        ]
      },
      "id": "us6000c13w"
    },
    {
      "type": "Feature",
      "properties": {
        "mag": 5.1,
        "place": "12 km NE of Falam, Myanmar",
        "time": 1600567145610,
        "updated": 1606599116040,
        "tz": null,
        "url": "https://earthquake.usgs.gov/earthquakes/eventpage/us7000bqcm",
        "detail": "https://earthquake.usgs.gov/fdsnws/event/1/query?eventid=us7000bqcm&format=geojson",
        "felt": null,
        "cdi": null,
        "mmi": null,
        "alert": null,
        "status": "reviewed",
        "tsunami": 0,
        "sig": 400,
        "net": "us",
        "code": "7000bqcm",
        "ids": ",us7000bqcm,",
        "sources": ",us,",
        "types": ",origin,phase-data,",
        "nst": null,
        "dmin": 0.375,
        "rms": 0.81,
        "gap": 38,
        "magType": "mb",
        "type": "earthquake",
        "title": "M 5.1 - 12 km NE of Falam, Myanmar"
      },
      "geometry": {
        "type": "Point",
        "coordinates": [
          93.7677,
          22.9861,
          53.56
        ]
      },
      "id": "us7000bqcm"
    },
    {
      "type": "Feature",
      "properties": {
        "mag": 5.3,
        "place": "14 km SSW of Kod?ri??, Nepal",
        "time": 1600212843386,
        "updated": 1766428930660,
        "tz": null,
        "url": "https://earthquake.usgs.gov/earthquakes/eventpage/us7000bnsh",
        "detail": "https://earthquake.usgs.gov/fdsnws/event/1/query?eventid=us7000bnsh&format=geojson",
        "felt": 186,
        "cdi": 4.6,
        "mmi": null,
        "alert": null,
        "status": "reviewed",
        "tsunami": 0,
        "sig": 518,
        "net": "us",
        "code": "7000bnsh",
        "ids": ",us7000bnsh,iscgem619040514,",
        "sources": ",us,iscgem,",
        "types": ",dyfi,origin,phase-data,",
        "nst": null,
        "dmin": 0.835,
        "rms": 0.85,
        "gap": 39,
        "magType": "mb",
        "type": "earthquake",
        "title": "M 5.3 - 14 km SSW of Kod?ri??, Nepal"
      },
      "geometry": {
        "type": "Point",
        "coordinates": [
          85.8765,
          27.8464,
          10
        ]
      },
      "id": "us7000bnsh"
    },
    {
      "type": "Feature",
      "properties": {
        "mag": 5.3,
        "place": "26 km E of North Vanlaiphai, India",
        "time": 1598530035628,
        "updated": 1766428867453,
        "tz": null,
        "url": "https://earthquake.usgs.gov/earthquakes/eventpage/us7000bdnu",
        "detail": "https://earthquake.usgs.gov/fdsnws/event/1/query?eventid=us7000bdnu&format=geojson",
        "felt": 6,
        "cdi": 6.7,
        "mmi": 6.248,
        "alert": "green",
        "status": "reviewed",
        "tsunami": 0,
        "sig": 436,
        "net": "us",
        "code": "7000bdnu",
        "ids": ",us7000bdnu,iscgem618929849,",
        "sources": ",us,iscgem,",
        "types": ",dyfi,losspager,moment-tensor,origin,phase-data,shakemap,",
        "nst": null,
        "dmin": 0.577,
        "rms": 1.04,
        "gap": 23,
        "magType": "mww",
        "type": "earthquake",
        "title": "M 5.3 - 26 km E of North Vanlaiphai, India"
      },
      "geometry": {
        "type": "Point",
        "coordinates": [
          93.3258,
          23.1636,
          10
        ]
      },
      "id": "us7000bdnu"
    },
    {
      "type": "Feature",
      "properties": {
        "mag": 5.1,
        "place": "western Xizang",
        "time": 1595501409085,
        "updated": 1766428717638,
        "tz": null,
        "url": "https://earthquake.usgs.gov/earthquakes/eventpage/us6000b2l7",
        "detail": "https://earthquake.usgs.gov/fdsnws/event/1/query?eventid=us6000b2l7&format=geojson",
        "felt": null,
        "cdi": null,
        "mmi": null,
        "alert": null,
        "status": "reviewed",
        "tsunami": 0,
        "sig": 400,
        "net": "us",
        "code": "6000b2l7",
        "ids": ",iscgem618690753,us6000b2l7,",
        "sources": ",iscgem,us,",
        "types": ",origin,phase-data,",
        "nst": null,
        "dmin": 5.175,
        "rms": 0.8,
        "gap": 51,
        "magType": "mww",
        "type": "earthquake",
        "title": "M 5.1 - western Xizang"
      },
      "geometry": {
        "type": "Point",
        "coordinates": [
          86.8235,
          33.1508,
          10
        ]
      },
      "id": "us6000b2l7"
    },
    {
      "type": "Feature",
      "properties": {
        "mag": 5,
        "place": "western Xizang",
        "time": 1595448884728,
        "updated": 1601746350040,
        "tz": null,
        "url": "https://earthquake.usgs.gov/earthquakes/eventpage/us6000b5xr",
        "detail": "https://earthquake.usgs.gov/fdsnws/event/1/query?eventid=us6000b5xr&format=geojson",
        "felt": null,
        "cdi": null,
        "mmi": null,
        "alert": null,
        "status": "reviewed",
        "tsunami": 0,
        "sig": 385,
        "net": "us",
        "code": "6000b5xr",
        "ids": ",us6000b5xr,",
        "sources": ",us,",
        "types": ",origin,phase-data,",
        "nst": null,
        "dmin": 5.103,
        "rms": 0.87,
        "gap": 59,
        "magType": "mb",
        "type": "earthquake",
        "title": "M 5.0 - western Xizang"
      },
      "geometry": {
        "type": "Point",
        "coordinates": [
          86.773,
          33.2088,
          10
        ]
      },
      "id": "us6000b5xr"
    },
    {
      "type": "Feature",
      "properties": {
        "mag": 6.3,
        "place": "western Xizang",
        "time": 1595448439194,
        "updated": 1766428715515,
        "tz": null,
        "url": "https://earthquake.usgs.gov/earthquakes/eventpage/us6000b26j",
        "detail": "https://earthquake.usgs.gov/fdsnws/event/1/query?eventid=us6000b26j&format=geojson",
        "felt": 2,
        "cdi": 2,
        "mmi": 7.345,
        "alert": "yellow",
        "status": "reviewed",
        "tsunami": 0,
        "sig": 650,
        "net": "us",
        "code": "6000b26j",
        "ids": ",us6000b26j,at00qdvzwb,pt20204001,iscgem618690538,",
        "sources": ",us,at,pt,iscgem,",
        "types": ",dyfi,ground-failure,internal-origin,losspager,moment-tensor,origin,phase-data,shakemap,",
        "nst": null,
        "dmin": 5.168,
        "rms": 0.88,
        "gap": 14,
        "magType": "mww",
        "type": "earthquake",
        "title": "M 6.3 - western Xizang"
      },
      "geometry": {
        "type": "Point",
        "coordinates": [
          86.8637,
          33.1438,
          10
        ]
      },
      "id": "us6000b26j"
    },
    {
      "type": "Feature",
      "properties": {
        "mag": 5,
        "place": "213 km NNE of Shi Yomi, India",
        "time": 1595153747711,
        "updated": 1601139518040,
        "tz": null,
        "url": "https://earthquake.usgs.gov/earthquakes/eventpage/us7000ar7l",
        "detail": "https://earthquake.usgs.gov/fdsnws/event/1/query?eventid=us7000ar7l&format=geojson",
        "felt": null,
        "cdi": null,
        "mmi": null,
        "alert": null,
        "status": "reviewed",
        "tsunami": 0,
        "sig": 385,
        "net": "us",
        "code": "7000ar7l",
        "ids": ",us7000ar7l,",
        "sources": ",us,",
        "types": ",origin,phase-data,",
        "nst": null,
        "dmin": 3.313,
        "rms": 0.6,
        "gap": 31,
        "magType": "mb",
        "type": "earthquake",
        "title": "M 5.0 - 213 km NNE of Shi Yomi, India"
      },
      "geometry": {
        "type": "Point",
        "coordinates": [
          94.8613,
          30.412,
          10
        ]
      },
      "id": "us7000ar7l"
    },
    {
      "type": "Feature",
      "properties": {
        "mag": 5.7,
        "place": "247 km E of Port Blair, India",
        "time": 1595010778716,
        "updated": 1766426286845,
        "tz": null,
        "url": "https://earthquake.usgs.gov/earthquakes/eventpage/us7000aqj0",
        "detail": "https://earthquake.usgs.gov/fdsnws/event/1/query?eventid=us7000aqj0&format=geojson",
        "felt": null,
        "cdi": null,
        "mmi": 0,
        "alert": "green",
        "status": "reviewed",
        "tsunami": 0,
        "sig": 500,
        "net": "us",
        "code": "7000aqj0",
        "ids": ",pt20199004,us7000aqj0,iscgem618684830,",
        "sources": ",pt,us,iscgem,",
        "types": ",internal-origin,losspager,moment-tensor,origin,phase-data,shakemap,",
        "nst": null,
        "dmin": 2.227,
        "rms": 1.18,
        "gap": 33,
        "magType": "mww",
        "type": "earthquake",
        "title": "M 5.7 - 247 km E of Port Blair, India"
      },
      "geometry": {
        "type": "Point",
        "coordinates": [
          94.9745,
          12.0979,
          5.07
        ]
      },
      "id": "us7000aqj0"
    },
    {
      "type": "Feature",
      "properties": {
        "mag": 5.1,
        "place": "25 km E of North Vanlaiphai, India",
        "time": 1595003633474,
        "updated": 1766428694089,
        "tz": null,
        "url": "https://earthquake.usgs.gov/earthquakes/eventpage/us7000aqg3",
        "detail": "https://earthquake.usgs.gov/fdsnws/event/1/query?eventid=us7000aqg3&format=geojson",
        "felt": 4,
        "cdi": 3.4,
        "mmi": null,
        "alert": null,
        "status": "reviewed",
        "tsunami": 0,
        "sig": 402,
        "net": "us",
        "code": "7000aqg3",
        "ids": ",us7000aqg3,iscgem618684844,",
        "sources": ",us,iscgem,",
        "types": ",dyfi,origin,phase-data,",
        "nst": null,
        "dmin": 0.542,
        "rms": 0.86,
        "gap": 63,
        "magType": "mww",
        "type": "earthquake",
        "title": "M 5.1 - 25 km E of North Vanlaiphai, India"
      },
      "geometry": {
        "type": "Point",
        "coordinates": [
          93.3092,
          23.1162,
          10
        ]
      },
      "id": "us7000aqg3"
    },
    {
      "type": "Feature",
      "properties": {
        "mag": 5,
        "place": "228 km E of Port Blair, India",
        "time": 1594996997244,
        "updated": 1766428693377,
        "tz": null,
        "url": "https://earthquake.usgs.gov/earthquakes/eventpage/us7000aqc9",
        "detail": "https://earthquake.usgs.gov/fdsnws/event/1/query?eventid=us7000aqc9&format=geojson",
        "felt": null,
        "cdi": null,
        "mmi": null,
        "alert": null,
        "status": "reviewed",
        "tsunami": 0,
        "sig": 385,
        "net": "us",
        "code": "7000aqc9",
        "ids": ",iscgem618684840,us7000aqc9,",
        "sources": ",iscgem,us,",
        "types": ",origin,phase-data,",
        "nst": null,
        "dmin": 2.053,
        "rms": 0.92,
        "gap": 130,
        "magType": "mww",
        "type": "earthquake",
        "title": "M 5.0 - 228 km E of Port Blair, India"
      },
      "geometry": {
        "type": "Point",
        "coordinates": [
          94.8316,
          11.8485,
          10
        ]
      },
      "id": "us7000aqc9"
    },
    {
      "type": "Feature",
      "properties": {
        "mag": 6.1,
        "place": "239 km E of Port Blair, India",
        "time": 1594994620437,
        "updated": 1766428692579,
        "tz": null,
        "url": "https://earthquake.usgs.gov/earthquakes/eventpage/us7000aqaw",
        "detail": "https://earthquake.usgs.gov/fdsnws/event/1/query?eventid=us7000aqaw&format=geojson",
        "felt": 4,
        "cdi": 2.5,
        "mmi": 0,
        "alert": "green",
        "status": "reviewed",
        "tsunami": 0,
        "sig": 573,
        "net": "us",
        "code": "7000aqaw",
        "ids": ",us7000aqaw,pt20199003,at00qdm9qe,iscgem618684837,",
        "sources": ",us,pt,at,iscgem,",
        "types": ",dyfi,ground-failure,internal-origin,losspager,moment-tensor,origin,phase-data,shakemap,",
        "nst": null,
        "dmin": 2.155,
        "rms": 0.84,
        "gap": 61,
        "magType": "mww",
        "type": "earthquake",
        "title": "M 6.1 - 239 km E of Port Blair, India"
      },
      "geometry": {
        "type": "Point",
        "coordinates": [
          94.9362,
          11.8485,
          10
        ]
      },
      "id": "us7000aqaw"
    },
    {
      "type": "Feature",
      "properties": {
        "mag": 5.1,
        "place": "243 km E of Port Blair, India",
        "time": 1594992544589,
        "updated": 1766428691920,
        "tz": null,
        "url": "https://earthquake.usgs.gov/earthquakes/eventpage/us7000aqal",
        "detail": "https://earthquake.usgs.gov/fdsnws/event/1/query?eventid=us7000aqal&format=geojson",
        "felt": null,
        "cdi": null,
        "mmi": null,
        "alert": null,
        "status": "reviewed",
        "tsunami": 0,
        "sig": 400,
        "net": "us",
        "code": "7000aqal",
        "ids": ",us7000aqal,iscgem618684835,",
        "sources": ",us,iscgem,",
        "types": ",moment-tensor,origin,phase-data,",
        "nst": null,
        "dmin": 2.194,
        "rms": 0.71,
        "gap": 59,
        "magType": "mww",
        "type": "earthquake",
        "title": "M 5.1 - 243 km E of Port Blair, India"
      },
      "geometry": {
        "type": "Point",
        "coordinates": [
          94.9771,
          11.8395,
          10
        ]
      },
      "id": "us7000aqal"
    },
    {
      "type": "Feature",
      "properties": {
        "mag": 5,
        "place": "276 km SE of Hotan, China",
        "time": 1593119824425,
        "updated": 1766428630045,
        "tz": null,
        "url": "https://earthquake.usgs.gov/earthquakes/eventpage/us7000abn0",
        "detail": "https://earthquake.usgs.gov/fdsnws/event/1/query?eventid=us7000abn0&format=geojson",
        "felt": null,
        "cdi": null,
        "mmi": null,
        "alert": null,
        "status": "reviewed",
        "tsunami": 0,
        "sig": 385,
        "net": "us",
        "code": "7000abn0",
        "ids": ",iscgem618591140,us7000abn0,",
        "sources": ",iscgem,us,",
        "types": ",origin,phase-data,",
        "nst": null,
        "dmin": 6.077,
        "rms": 0.65,
        "gap": 46,
        "magType": "mb",
        "type": "earthquake",
        "title": "M 5.0 - 276 km SE of Hotan, China"
      },
      "geometry": {
        "type": "Point",
        "coordinates": [
          82.4472,
          35.6685,
          10
        ]
      },
      "id": "us7000abn0"
    },
    {
      "type": "Feature",
      "properties": {
        "mag": 6.3,
        "place": "278 km SE of Hotan, China",
        "time": 1593119118140,
        "updated": 1766428630742,
        "tz": null,
        "url": "https://earthquake.usgs.gov/earthquakes/eventpage/us7000abmk",
        "detail": "https://earthquake.usgs.gov/fdsnws/event/1/query?eventid=us7000abmk&format=geojson",
        "felt": 22,
        "cdi": 8.2,
        "mmi": 8.263,
        "alert": "yellow",
        "status": "reviewed",
        "tsunami": 0,
        "sig": 668,
        "net": "us",
        "code": "7000abmk",
        "ids": ",us7000abmk,pt20177000,at00qci2kx,iscgem618591141,",
        "sources": ",us,pt,at,iscgem,",
        "types": ",dyfi,ground-failure,internal-origin,losspager,moment-tensor,origin,phase-data,shakemap,",
        "nst": null,
        "dmin": 6.134,
        "rms": 0.63,
        "gap": 24,
        "magType": "mww",
        "type": "earthquake",
        "title": "M 6.3 - 278 km SE of Hotan, China"
      },
      "geometry": {
        "type": "Point",
        "coordinates": [
          82.4158,
          35.5948,
          10
        ]
      },
      "id": "us7000abmk"
    },
    {
      "type": "Feature",
      "properties": {
        "mag": 5.6,
        "place": "22 km E of North Vanlaiphai, India",
        "time": 1592779252633,
        "updated": 1766428612154,
        "tz": null,
        "url": "https://earthquake.usgs.gov/earthquakes/eventpage/us6000ag4u",
        "detail": "https://earthquake.usgs.gov/fdsnws/event/1/query?eventid=us6000ag4u&format=geojson",
        "felt": 52,
        "cdi": 3.9,
        "mmi": 6.548,
        "alert": "green",
        "status": "reviewed",
        "tsunami": 0,
        "sig": 503,
        "net": "us",
        "code": "6000ag4u",
        "ids": ",us6000ag4u,iscgem618560738,",
        "sources": ",us,iscgem,",
        "types": ",dyfi,impact-text,losspager,moment-tensor,origin,phase-data,shakemap,",
        "nst": null,
        "dmin": 0.578,
        "rms": 0.64,
        "gap": 23,
        "magType": "mww",
        "type": "earthquake",
        "title": "M 5.6 - 22 km E of North Vanlaiphai, India"
      },
      "geometry": {
        "type": "Point",
        "coordinates": [
          93.2856,
          23.1449,
          10.84
        ]
      },
      "id": "us6000ag4u"
    },
    {
      "type": "Feature",
      "properties": {
        "mag": 5,
        "place": "27 km SE of Jurm, Afghanistan",
        "time": 1592299297394,
        "updated": 1598123696040,
        "tz": null,
        "url": "https://earthquake.usgs.gov/earthquakes/eventpage/us6000acq5",
        "detail": "https://earthquake.usgs.gov/fdsnws/event/1/query?eventid=us6000acq5&format=geojson",
        "felt": 1,
        "cdi": 2,
        "mmi": null,
        "alert": null,
        "status": "reviewed",
        "tsunami": 0,
        "sig": 385,
        "net": "us",
        "code": "6000acq5",
        "ids": ",us6000acq5,",
        "sources": ",us,",
        "types": ",dyfi,origin,phase-data,",
        "nst": null,
        "dmin": 0.992,
        "rms": 0.8,
        "gap": 51,
        "magType": "mb",
        "type": "earthquake",
        "title": "M 5.0 - 27 km SE of Jurm, Afghanistan"
      },
      "geometry": {
        "type": "Point",
        "coordinates": [
          71.0335,
          36.6712,
          229.31
        ]
      },
      "id": "us6000acq5"
    },
    {
      "type": "Feature",
      "properties": {
        "mag": 5.6,
        "place": "68 km ENE of Khorugh, Tajikistan",
        "time": 1592271048397,
        "updated": 1766428592316,
        "tz": null,
        "url": "https://earthquake.usgs.gov/earthquakes/eventpage/us6000ack0",
        "detail": "https://earthquake.usgs.gov/fdsnws/event/1/query?eventid=us6000ack0&format=geojson",
        "felt": 21,
        "cdi": 4.7,
        "mmi": 3.959,
        "alert": "green",
        "status": "reviewed",
        "tsunami": 0,
        "sig": 492,
        "net": "us",
        "code": "6000ack0",
        "ids": ",us6000ack0,at00qbzw7b,iscgem618542971,",
        "sources": ",us,at,iscgem,",
        "types": ",dyfi,internal-origin,losspager,moment-tensor,origin,phase-data,shakemap,",
        "nst": null,
        "dmin": 0.527,
        "rms": 0.97,
        "gap": 18,
        "magType": "mww",
        "type": "earthquake",
        "title": "M 5.6 - 68 km ENE of Khorugh, Tajikistan"
      },
      "geometry": {
        "type": "Point",
        "coordinates": [
          72.2035,
          37.8342,
          127
        ]
      },
      "id": "us6000ack0"
    },
    {
      "type": "Feature",
      "properties": {
        "mag": 5.1,
        "place": "9 km N of Bhach?u, India",
        "time": 1592145788390,
        "updated": 1766428583212,
        "tz": null,
        "url": "https://earthquake.usgs.gov/earthquakes/eventpage/us6000abp7",
        "detail": "https://earthquake.usgs.gov/fdsnws/event/1/query?eventid=us6000abp7&format=geojson",
        "felt": 434,
        "cdi": 5.4,
        "mmi": 6.065,
        "alert": "green",
        "status": "reviewed",
        "tsunami": 0,
        "sig": 635,
        "net": "us",
        "code": "6000abp7",
        "ids": ",us6000abp7,iscgem618541935,",
        "sources": ",us,iscgem,",
        "types": ",dyfi,losspager,origin,phase-data,shakemap,",
        "nst": null,
        "dmin": 11.178,
        "rms": 0.74,
        "gap": 40,
        "magType": "mb",
        "type": "earthquake",
        "title": "M 5.1 - 9 km N of Bhach?u, India"
      },
      "geometry": {
        "type": "Point",
        "coordinates": [
          70.3548,
          23.3821,
          10
        ]
      },
      "id": "us6000abp7"
    },
    {
      "type": "Feature",
      "properties": {
        "mag": 5.1,
        "place": "13 km SSW of Kakching, India",
        "time": 1590417737395,
        "updated": 1766428492374,
        "tz": null,
        "url": "https://earthquake.usgs.gov/earthquakes/eventpage/us70009q28",
        "detail": "https://earthquake.usgs.gov/fdsnws/event/1/query?eventid=us70009q28&format=geojson",
        "felt": 68,
        "cdi": 5,
        "mmi": null,
        "alert": null,
        "status": "reviewed",
        "tsunami": 0,
        "sig": 434,
        "net": "us",
        "code": "70009q28",
        "ids": ",us70009q28,iscgem618326027,",
        "sources": ",us,iscgem,",
        "types": ",dyfi,origin,phase-data,",
        "nst": null,
        "dmin": 0.38,
        "rms": 0.51,
        "gap": 25,
        "magType": "mww",
        "type": "earthquake",
        "title": "M 5.1 - 13 km SSW of Kakching, India"
      },
      "geometry": {
        "type": "Point",
        "coordinates": [
          93.9197,
          24.3856,
          57.89
        ]
      },
      "id": "us70009q28"
    },
    {
      "type": "Feature",
      "properties": {
        "mag": 5.9,
        "place": "38 km ESE of Falam, Myanmar",
        "time": 1587037523960,
        "updated": 1766428363933,
        "tz": null,
        "url": "https://earthquake.usgs.gov/earthquakes/eventpage/us70008xhp",
        "detail": "https://earthquake.usgs.gov/fdsnws/event/1/query?eventid=us70008xhp&format=geojson",
        "felt": 35,
        "cdi": 5.6,
        "mmi": 6.578,
        "alert": "yellow",
        "status": "reviewed",
        "tsunami": 0,
        "sig": 670,
        "net": "us",
        "code": "70008xhp",
        "ids": ",us70008xhp,at00q8vpzt,pt20107001,iscgem618102373,",
        "sources": ",us,at,pt,iscgem,",
        "types": ",dyfi,internal-origin,losspager,moment-tensor,origin,phase-data,shakemap,",
        "nst": null,
        "dmin": 0.426,
        "rms": 0.93,
        "gap": 25,
        "magType": "mww",
        "type": "earthquake",
        "title": "M 5.9 - 38 km ESE of Falam, Myanmar"
      },
      "geometry": {
        "type": "Point",
        "coordinates": [
          94.0292,
          22.8004,
          10
        ]
      },
      "id": "us70008xhp"
    },
    {
      "type": "Feature",
      "properties": {
        "mag": 5.7,
        "place": "85 km NE of Lobujya, Nepal",
        "time": 1584667995443,
        "updated": 1766428283016,
        "tz": null,
        "url": "https://earthquake.usgs.gov/earthquakes/eventpage/us70008cld",
        "detail": "https://earthquake.usgs.gov/fdsnws/event/1/query?eventid=us70008cld&format=geojson",
        "felt": 12,
        "cdi": 8.6,
        "mmi": 6.738,
        "alert": "yellow",
        "status": "reviewed",
        "tsunami": 0,
        "sig": 660,
        "net": "us",
        "code": "70008cld",
        "ids": ",us70008cld,pt20080000,iscgem617805561,",
        "sources": ",us,pt,iscgem,",
        "types": ",dyfi,internal-origin,losspager,moment-tensor,origin,phase-data,shakemap,",
        "nst": null,
        "dmin": 0.766,
        "rms": 1.02,
        "gap": 18,
        "magType": "mww",
        "type": "earthquake",
        "title": "M 5.7 - 85 km NE of Lobujya, Nepal"
      },
      "geometry": {
        "type": "Point",
        "coordinates": [
          87.3081,
          28.5896,
          10
        ]
      },
      "id": "us70008cld"
    },
    {
      "type": "Feature",
      "properties": {
        "mag": 5.4,
        "place": "western Xizang",
        "time": 1584027842770,
        "updated": 1766426231496,
        "tz": null,
        "url": "https://earthquake.usgs.gov/earthquakes/eventpage/us60008ecp",
        "detail": "https://earthquake.usgs.gov/fdsnws/event/1/query?eventid=us60008ecp&format=geojson",
        "felt": null,
        "cdi": null,
        "mmi": 6.629,
        "alert": "green",
        "status": "reviewed",
        "tsunami": 0,
        "sig": 449,
        "net": "us",
        "code": "60008ecp",
        "ids": ",us60008ecp,iscgem617742336,",
        "sources": ",us,iscgem,",
        "types": ",losspager,moment-tensor,origin,phase-data,shakemap,",
        "nst": null,
        "dmin": 4.91,
        "rms": 0.71,
        "gap": 26,
        "magType": "mww",
        "type": "earthquake",
        "title": "M 5.4 - western Xizang"
      },
      "geometry": {
        "type": "Point",
        "coordinates": [
          85.3323,
          32.7152,
          10
        ]
      },
      "id": "us60008ecp"
    },
    {
      "type": "Feature",
      "properties": {
        "mag": 5.2,
        "place": "western Xizang",
        "time": 1583777529419,
        "updated": 1766428248564,
        "tz": null,
        "url": "https://earthquake.usgs.gov/earthquakes/eventpage/us60008clh",
        "detail": "https://earthquake.usgs.gov/fdsnws/event/1/query?eventid=us60008clh&format=geojson",
        "felt": null,
        "cdi": null,
        "mmi": null,
        "alert": null,
        "status": "reviewed",
        "tsunami": 0,
        "sig": 416,
        "net": "us",
        "code": "60008clh",
        "ids": ",us60008clh,iscgem617629190,",
        "sources": ",us,iscgem,",
        "types": ",moment-tensor,origin,phase-data,",
        "nst": null,
        "dmin": 4.948,
        "rms": 0.81,
        "gap": 37,
        "magType": "mww",
        "type": "earthquake",
        "title": "M 5.2 - western Xizang"
      },
      "geometry": {
        "type": "Point",
        "coordinates": [
          85.5456,
          32.8006,
          10
        ]
      },
      "id": "us60008clh"
    },
    {
      "type": "Feature",
      "properties": {
        "mag": 5,
        "place": "47 km NNE of Chamba, India",
        "time": 1582729448953,
        "updated": 1766428204841,
        "tz": null,
        "url": "https://earthquake.usgs.gov/earthquakes/eventpage/us600084lt",
        "detail": "https://earthquake.usgs.gov/fdsnws/event/1/query?eventid=us600084lt&format=geojson",
        "felt": 23,
        "cdi": 3.8,
        "mmi": null,
        "alert": null,
        "status": "reviewed",
        "tsunami": 0,
        "sig": 393,
        "net": "us",
        "code": "600084lt",
        "ids": ",us600084lt,iscgem617575860,",
        "sources": ",us,iscgem,",
        "types": ",dyfi,origin,phase-data,",
        "nst": null,
        "dmin": 2.583,
        "rms": 0.85,
        "gap": 37,
        "magType": "mb",
        "type": "earthquake",
        "title": "M 5.0 - 47 km NNE of Chamba, India"
      },
      "geometry": {
        "type": "Point",
        "coordinates": [
          76.2474,
          32.9752,
          10
        ]
      },
      "id": "us600084lt"
    },
    {
      "type": "Feature",
      "properties": {
        "mag": 5.1,
        "place": "western Xizang",
        "time": 1582221695341,
        "updated": 1766428175385,
        "tz": null,
        "url": "https://earthquake.usgs.gov/earthquakes/eventpage/us70007tnv",
        "detail": "https://earthquake.usgs.gov/fdsnws/event/1/query?eventid=us70007tnv&format=geojson",
        "felt": null,
        "cdi": null,
        "mmi": 6.111,
        "alert": "green",
        "status": "reviewed",
        "tsunami": 0,
        "sig": 400,
        "net": "us",
        "code": "70007tnv",
        "ids": ",us70007tnv,iscgem617532745,",
        "sources": ",us,iscgem,",
        "types": ",losspager,origin,phase-data,shakemap,",
        "nst": null,
        "dmin": 6.608,
        "rms": 0.85,
        "gap": 61,
        "magType": "mb",
        "type": "earthquake",
        "title": "M 5.1 - western Xizang"
      },
      "geometry": {
        "type": "Point",
        "coordinates": [
          85.6961,
          34.5182,
          10
        ]
      },
      "id": "us70007tnv"
    },
    {
      "type": "Feature",
      "properties": {
        "mag": 5,
        "place": "10 km E of Abhay?puri, India",
        "time": 1581166021887,
        "updated": 1766428221703,
        "tz": null,
        "url": "https://earthquake.usgs.gov/earthquakes/eventpage/us70007li1",
        "detail": "https://earthquake.usgs.gov/fdsnws/event/1/query?eventid=us70007li1&format=geojson",
        "felt": 37,
        "cdi": 4.8,
        "mmi": null,
        "alert": null,
        "status": "reviewed",
        "tsunami": 0,
        "sig": 402,
        "net": "us",
        "code": "70007li1",
        "ids": ",us70007li1,iscgem617594977,",
        "sources": ",us,iscgem,",
        "types": ",dyfi,origin,phase-data,",
        "nst": null,
        "dmin": 1.233,
        "rms": 0.82,
        "gap": 73,
        "magType": "mb",
        "type": "earthquake",
        "title": "M 5.0 - 10 km E of Abhay?puri, India"
      },
      "geometry": {
        "type": "Point",
        "coordinates": [
          90.7847,
          26.3386,
          10
        ]
      },
      "id": "us70007li1"
    },
    {
      "type": "Feature",
      "properties": {
        "mag": 5,
        "place": "187 km SE of Port Blair, India",
        "time": 1580310653203,
        "updated": 1587247793040,
        "tz": null,
        "url": "https://earthquake.usgs.gov/earthquakes/eventpage/us60007j4e",
        "detail": "https://earthquake.usgs.gov/fdsnws/event/1/query?eventid=us60007j4e&format=geojson",
        "felt": null,
        "cdi": null,
        "mmi": null,
        "alert": null,
        "status": "reviewed",
        "tsunami": 0,
        "sig": 385,
        "net": "us",
        "code": "60007j4e",
        "ids": ",us60007j4e,",
        "sources": ",us,",
        "types": ",origin,phase-data,",
        "nst": null,
        "dmin": 1.681,
        "rms": 0.88,
        "gap": 58,
        "magType": "mb",
        "type": "earthquake",
        "title": "M 5.0 - 187 km SE of Port Blair, India"
      },
      "geometry": {
        "type": "Point",
        "coordinates": [
          93.7827,
          10.3105,
          10
        ]
      },
      "id": "us60007j4e"
    },
    {
      "type": "Feature",
      "properties": {
        "mag": 5.1,
        "place": "Nicobar Islands, India region",
        "time": 1580243376992,
        "updated": 1586629263040,
        "tz": null,
        "url": "https://earthquake.usgs.gov/earthquakes/eventpage/us60007ifv",
        "detail": "https://earthquake.usgs.gov/fdsnws/event/1/query?eventid=us60007ifv&format=geojson",
        "felt": null,
        "cdi": null,
        "mmi": null,
        "alert": null,
        "status": "reviewed",
        "tsunami": 0,
        "sig": 400,
        "net": "us",
        "code": "60007ifv",
        "ids": ",us60007ifv,",
        "sources": ",us,",
        "types": ",origin,phase-data,",
        "nst": null,
        "dmin": 4.364,
        "rms": 1.09,
        "gap": 98,
        "magType": "mb",
        "type": "earthquake",
        "title": "M 5.1 - Nicobar Islands, India region"
      },
      "geometry": {
        "type": "Point",
        "coordinates": [
          92.0905,
          7.3115,
          10
        ]
      },
      "id": "us60007ifv"
    },
    {
      "type": "Feature",
      "properties": {
        "mag": 5.2,
        "place": "223 km WNW of Qamdo, China",
        "time": 1579906565315,
        "updated": 1766426207982,
        "tz": null,
        "url": "https://earthquake.usgs.gov/earthquakes/eventpage/us60007f7v",
        "detail": "https://earthquake.usgs.gov/fdsnws/event/1/query?eventid=us60007f7v&format=geojson",
        "felt": null,
        "cdi": null,
        "mmi": 6.117,
        "alert": "green",
        "status": "reviewed",
        "tsunami": 0,
        "sig": 416,
        "net": "us",
        "code": "60007f7v",
        "ids": ",us60007f7v,iscgem617204713,",
        "sources": ",us,iscgem,",
        "types": ",losspager,moment-tensor,origin,phase-data,shakemap,",
        "nst": null,
        "dmin": 4.079,
        "rms": 0.68,
        "gap": 22,
        "magType": "mww",
        "type": "earthquake",
        "title": "M 5.2 - 223 km WNW of Qamdo, China"
      },
      "geometry": {
        "type": "Point",
        "coordinates": [
          95.0575,
          31.995,
          10
        ]
      },
      "id": "us60007f7v"
    },
    {
      "type": "Feature",
      "properties": {
        "mag": 5.1,
        "place": "68 km NNW of Bandipura, India",
        "time": 1578806636526,
        "updated": 1766427976874,
        "tz": null,
        "url": "https://earthquake.usgs.gov/earthquakes/eventpage/us70006ymh",
        "detail": "https://earthquake.usgs.gov/fdsnws/event/1/query?eventid=us70006ymh&format=geojson",
        "felt": 2,
        "cdi": 3.1,
        "mmi": null,
        "alert": null,
        "status": "reviewed",
        "tsunami": 0,
        "sig": 401,
        "net": "us",
        "code": "70006ymh",
        "ids": ",us70006ymh,iscgem617174614,",
        "sources": ",us,iscgem,",
        "types": ",dyfi,origin,phase-data,",
        "nst": null,
        "dmin": 1.687,
        "rms": 0.67,
        "gap": 68,
        "magType": "mb",
        "type": "earthquake",
        "title": "M 5.1 - 68 km NNW of Bandipura, India"
      },
      "geometry": {
        "type": "Point",
        "coordinates": [
          74.474,
          35.0149,
          10
        ]
      },
      "id": "us70006ymh"
    },
    {
      "type": "Feature",
      "properties": {
        "mag": 5,
        "place": "43 km SE of Gilgit, Pakistan",
        "time": 1577728199468,
        "updated": 1766427899407,
        "tz": null,
        "url": "https://earthquake.usgs.gov/earthquakes/eventpage/us70006sjv",
        "detail": "https://earthquake.usgs.gov/fdsnws/event/1/query?eventid=us70006sjv&format=geojson",
        "felt": 3,
        "cdi": 4.2,
        "mmi": null,
        "alert": null,
        "status": "reviewed",
        "tsunami": 0,
        "sig": 386,
        "net": "us",
        "code": "70006sjv",
        "ids": ",us70006sjv,iscgem617005824,",
        "sources": ",us,iscgem,",
        "types": ",dyfi,moment-tensor,origin,phase-data,",
        "nst": null,
        "dmin": 2.275,
        "rms": 0.66,
        "gap": 43,
        "magType": "mww",
        "type": "earthquake",
        "title": "M 5.0 - 43 km SE of Gilgit, Pakistan"
      },
      "geometry": {
        "type": "Point",
        "coordinates": [
          74.6387,
          35.6305,
          24.32
        ]
      },
      "id": "us70006sjv"
    },
    {
      "type": "Feature",
      "properties": {
        "mag": 5.6,
        "place": "46 km SE of Gilgit, Pakistan",
        "time": 1577726337445,
        "updated": 1766427897099,
        "tz": null,
        "url": "https://earthquake.usgs.gov/earthquakes/eventpage/us70006sj8",
        "detail": "https://earthquake.usgs.gov/fdsnws/event/1/query?eventid=us70006sj8&format=geojson",
        "felt": 38,
        "cdi": 6.3,
        "mmi": 6.641,
        "alert": "green",
        "status": "reviewed",
        "tsunami": 0,
        "sig": 506,
        "net": "us",
        "code": "70006sj8",
        "ids": ",us70006sj8,iscgem617005802,",
        "sources": ",us,iscgem,",
        "types": ",dyfi,losspager,moment-tensor,origin,phase-data,shakemap,",
        "nst": null,
        "dmin": 2.236,
        "rms": 0.74,
        "gap": 41,
        "magType": "mww",
        "type": "earthquake",
        "title": "M 5.6 - 46 km SE of Gilgit, Pakistan"
      },
      "geometry": {
        "type": "Point",
        "coordinates": [
          74.628,
          35.5909,
          13.82
        ]
      },
      "id": "us70006sj8"
    },
    {
      "type": "Feature",
      "properties": {
        "mag": 5.1,
        "place": "Nicobar Islands, India region",
        "time": 1577166776405,
        "updated": 1584224720040,
        "tz": null,
        "url": "https://earthquake.usgs.gov/earthquakes/eventpage/us70006qg6",
        "detail": "https://earthquake.usgs.gov/fdsnws/event/1/query?eventid=us70006qg6&format=geojson",
        "felt": 0,
        "cdi": 1,
        "mmi": null,
        "alert": null,
        "status": "reviewed",
        "tsunami": 0,
        "sig": 400,
        "net": "us",
        "code": "70006qg6",
        "ids": ",us70006qg6,",
        "sources": ",us,",
        "types": ",dyfi,moment-tensor,origin,phase-data,",
        "nst": null,
        "dmin": 4.561,
        "rms": 1.06,
        "gap": 34,
        "magType": "mww",
        "type": "earthquake",
        "title": "M 5.1 - Nicobar Islands, India region"
      },
      "geometry": {
        "type": "Point",
        "coordinates": [
          92.4071,
          7.0773,
          10
        ]
      },
      "id": "us70006qg6"
    },
    {
      "type": "Feature",
      "properties": {
        "mag": 6.1,
        "place": "49 km SW of Jurm, Afghanistan",
        "time": 1576841992874,
        "updated": 1766427847830,
        "tz": null,
        "url": "https://earthquake.usgs.gov/earthquakes/eventpage/us70006p18",
        "detail": "https://earthquake.usgs.gov/fdsnws/event/1/query?eventid=us70006p18&format=geojson",
        "felt": 249,
        "cdi": 5.6,
        "mmi": 3.72,
        "alert": "green",
        "status": "reviewed",
        "tsunami": 0,
        "sig": 712,
        "net": "us",
        "code": "70006p18",
        "ids": ",us70006p18,iscgem616997721,",
        "sources": ",us,iscgem,",
        "types": ",dyfi,ground-failure,impact-text,losspager,moment-tensor,origin,phase-data,shakemap,",
        "nst": null,
        "dmin": 1.382,
        "rms": 0.87,
        "gap": 18,
        "magType": "mww",
        "type": "earthquake",
        "title": "M 6.1 - 49 km SW of Jurm, Afghanistan"
      },
      "geometry": {
        "type": "Point",
        "coordinates": [
          70.4555,
          36.5374,
          212
        ]
      },
      "id": "us70006p18"
    },
    {
      "type": "Feature",
      "properties": {
        "mag": 5,
        "place": "43 km S of Jurm, Afghanistan",
        "time": 1575449176588,
        "updated": 1583005963040,
        "tz": null,
        "url": "https://earthquake.usgs.gov/earthquakes/eventpage/us60006lwg",
        "detail": "https://earthquake.usgs.gov/fdsnws/event/1/query?eventid=us60006lwg&format=geojson",
        "felt": 2,
        "cdi": 2.2,
        "mmi": null,
        "alert": null,
        "status": "reviewed",
        "tsunami": 0,
        "sig": 385,
        "net": "us",
        "code": "60006lwg",
        "ids": ",us60006lwg,",
        "sources": ",us,",
        "types": ",dyfi,origin,phase-data,",
        "nst": null,
        "dmin": 1.259,
        "rms": 0.9,
        "gap": 36,
        "magType": "mb",
        "type": "earthquake",
        "title": "M 5.0 - 43 km S of Jurm, Afghanistan"
      },
      "geometry": {
        "type": "Point",
        "coordinates": [
          70.7941,
          36.4769,
          141.79
        ]
      },
      "id": "us60006lwg"
    },
    {
      "type": "Feature",
      "properties": {
        "mag": 5,
        "place": "285 km NNW of Sabang, Indonesia",
        "time": 1575309209969,
        "updated": 1582138710040,
        "tz": null,
        "url": "https://earthquake.usgs.gov/earthquakes/eventpage/us70006fb6",
        "detail": "https://earthquake.usgs.gov/fdsnws/event/1/query?eventid=us70006fb6&format=geojson",
        "felt": null,
        "cdi": null,
        "mmi": null,
        "alert": null,
        "status": "reviewed",
        "tsunami": 0,
        "sig": 385,
        "net": "us",
        "code": "70006fb6",
        "ids": ",us70006fb6,",
        "sources": ",us,",
        "types": ",origin,phase-data,",
        "nst": null,
        "dmin": 3.725,
        "rms": 0.95,
        "gap": 59,
        "magType": "mb",
        "type": "earthquake",
        "title": "M 5.0 - 285 km NNW of Sabang, Indonesia"
      },
      "geometry": {
        "type": "Point",
        "coordinates": [
          94.5307,
          8.351,
          186.14
        ]
      },
      "id": "us70006fb6"
    },
    {
      "type": "Feature",
      "properties": {
        "mag": 5.2,
        "place": "56 km WNW of Mogok, Myanmar",
        "time": 1574951953828,
        "updated": 1766427755813,
        "tz": null,
        "url": "https://earthquake.usgs.gov/earthquakes/eventpage/us70006e6m",
        "detail": "https://earthquake.usgs.gov/fdsnws/event/1/query?eventid=us70006e6m&format=geojson",
        "felt": 16,
        "cdi": 3.8,
        "mmi": null,
        "alert": null,
        "status": "reviewed",
        "tsunami": 0,
        "sig": 422,
        "net": "us",
        "code": "70006e6m",
        "ids": ",us70006e6m,iscgem616930267,",
        "sources": ",us,iscgem,",
        "types": ",dyfi,moment-tensor,origin,phase-data,",
        "nst": null,
        "dmin": 1.903,
        "rms": 0.72,
        "gap": 62,
        "magType": "mww",
        "type": "earthquake",
        "title": "M 5.2 - 56 km WNW of Mogok, Myanmar"
      },
      "geometry": {
        "type": "Point",
        "coordinates": [
          96.0354,
          23.1791,
          10
        ]
      },
      "id": "us70006e6m"
    },
    {
      "type": "Feature",
      "properties": {
        "mag": 5.3,
        "place": "27 km WSW of Thayetmyo, Myanmar",
        "time": 1574766357604,
        "updated": 1766427748396,
        "tz": null,
        "url": "https://earthquake.usgs.gov/earthquakes/eventpage/us70006d5e",
        "detail": "https://earthquake.usgs.gov/fdsnws/event/1/query?eventid=us70006d5e&format=geojson",
        "felt": 11,
        "cdi": 4.6,
        "mmi": 4.029,
        "alert": "green",
        "status": "reviewed",
        "tsunami": 0,
        "sig": 437,
        "net": "us",
        "code": "70006d5e",
        "ids": ",us70006d5e,iscgem616921229,",
        "sources": ",us,iscgem,",
        "types": ",dyfi,losspager,moment-tensor,origin,phase-data,shakemap,",
        "nst": null,
        "dmin": 2.497,
        "rms": 0.92,
        "gap": 26,
        "magType": "mww",
        "type": "earthquake",
        "title": "M 5.3 - 27 km WSW of Thayetmyo, Myanmar"
      },
      "geometry": {
        "type": "Point",
        "coordinates": [
          94.9378,
          19.2269,
          60.78
        ]
      },
      "id": "us70006d5e"
    },
    {
      "type": "Feature",
      "properties": {
        "mag": 5,
        "place": "20 km ENE of Dipayal, Nepal",
        "time": 1574170255900,
        "updated": 1581717724040,
        "tz": null,
        "url": "https://earthquake.usgs.gov/earthquakes/eventpage/us700069vd",
        "detail": "https://earthquake.usgs.gov/fdsnws/event/1/query?eventid=us700069vd&format=geojson",
        "felt": 21,
        "cdi": 4.2,
        "mmi": 5.351,
        "alert": "green",
        "status": "reviewed",
        "tsunami": 0,
        "sig": 393,
        "net": "us",
        "code": "700069vd",
        "ids": ",us700069vd,",
        "sources": ",us,",
        "types": ",dyfi,losspager,origin,phase-data,shakemap,",
        "nst": null,
        "dmin": 5.163,
        "rms": 0.63,
        "gap": 33,
        "magType": "mww",
        "type": "earthquake",
        "title": "M 5.0 - 20 km ENE of Dipayal, Nepal"
      },
      "geometry": {
        "type": "Point",
        "coordinates": [
          81.1433,
          29.3228,
          10
        ]
      },
      "id": "us700069vd"
    },
    {
      "type": "Feature",
      "properties": {
        "mag": 5.1,
        "place": "47 km SSE of Port Blair, India",
        "time": 1574031955674,
        "updated": 1766427717285,
        "tz": null,
        "url": "https://earthquake.usgs.gov/earthquakes/eventpage/us7000699n",
        "detail": "https://earthquake.usgs.gov/fdsnws/event/1/query?eventid=us7000699n&format=geojson",
        "felt": 3,
        "cdi": 2.2,
        "mmi": null,
        "alert": null,
        "status": "reviewed",
        "tsunami": 0,
        "sig": 401,
        "net": "us",
        "code": "7000699n",
        "ids": ",us7000699n,iscgem616790413,",
        "sources": ",us,iscgem,",
        "types": ",dyfi,origin,phase-data,",
        "nst": null,
        "dmin": 0.422,
        "rms": 0.95,
        "gap": 85,
        "magType": "mb",
        "type": "earthquake",
        "title": "M 5.1 - 47 km SSE of Port Blair, India"
      },
      "geometry": {
        "type": "Point",
        "coordinates": [
          92.9571,
          11.2863,
          53.39
        ]
      },
      "id": "us7000699n"
    },
    {
      "type": "Feature",
      "properties": {
        "mag": 5.2,
        "place": "169 km NNW of Sabang, Indonesia",
        "time": 1573954135472,
        "updated": 1766427714937,
        "tz": null,
        "url": "https://earthquake.usgs.gov/earthquakes/eventpage/us7000690l",
        "detail": "https://earthquake.usgs.gov/fdsnws/event/1/query?eventid=us7000690l&format=geojson",
        "felt": null,
        "cdi": null,
        "mmi": null,
        "alert": null,
        "status": "reviewed",
        "tsunami": 0,
        "sig": 416,
        "net": "us",
        "code": "7000690l",
        "ids": ",us7000690l,iscgem616788143,",
        "sources": ",us,iscgem,",
        "types": ",moment-tensor,origin,phase-data,",
        "nst": null,
        "dmin": 3.103,
        "rms": 1.17,
        "gap": 54,
        "magType": "mww",
        "type": "earthquake",
        "title": "M 5.2 - 169 km NNW of Sabang, Indonesia"
      },
      "geometry": {
        "type": "Point",
        "coordinates": [
          94.5282,
          7.2027,
          10
        ]
      },
      "id": "us7000690l"
    },
    {
      "type": "Feature",
      "properties": {
        "mag": 5.1,
        "place": "24 km S of Ashk?sham, Afghanistan",
        "time": 1573723413739,
        "updated": 1581106850040,
        "tz": null,
        "url": "https://earthquake.usgs.gov/earthquakes/eventpage/us60006bff",
        "detail": "https://earthquake.usgs.gov/fdsnws/event/1/query?eventid=us60006bff&format=geojson",
        "felt": 11,
        "cdi": 2.5,
        "mmi": null,
        "alert": null,
        "status": "reviewed",
        "tsunami": 0,
        "sig": 403,
        "net": "us",
        "code": "60006bff",
        "ids": ",us60006bff,",
        "sources": ",us,",
        "types": ",dyfi,origin,phase-data,",
        "nst": null,
        "dmin": 1.068,
        "rms": 1.02,
        "gap": 41,
        "magType": "mb",
        "type": "earthquake",
        "title": "M 5.1 - 24 km S of Ashk?sham, Afghanistan"
      },
      "geometry": {
        "type": "Point",
        "coordinates": [
          71.5096,
          36.4665,
          97.63
        ]
      },
      "id": "us60006bff"
    },
    {
      "type": "Feature",
      "properties": {
        "mag": 5.1,
        "place": "23 km E of Farkh?r, Afghanistan",
        "time": 1572987142290,
        "updated": 1766426166234,
        "tz": null,
        "url": "https://earthquake.usgs.gov/earthquakes/eventpage/us700063mc",
        "detail": "https://earthquake.usgs.gov/fdsnws/event/1/query?eventid=us700063mc&format=geojson",
        "felt": null,
        "cdi": null,
        "mmi": null,
        "alert": null,
        "status": "reviewed",
        "tsunami": 0,
        "sig": 400,
        "net": "us",
        "code": "700063mc",
        "ids": ",us700063mc,iscgem616751936,",
        "sources": ",us,iscgem,",
        "types": ",moment-tensor,origin,phase-data,",
        "nst": null,
        "dmin": 1.576,
        "rms": 0.97,
        "gap": 22,
        "magType": "mww",
        "type": "earthquake",
        "title": "M 5.1 - 23 km E of Farkh?r, Afghanistan"
      },
      "geometry": {
        "type": "Point",
        "coordinates": [
          70.1149,
          36.5503,
          209.88
        ]
      },
      "id": "us700063mc"
    },
    {
      "type": "Feature",
      "properties": {
        "mag": 5,
        "place": "42 km SSW of Jurm, Afghanistan",
        "time": 1571015489005,
        "updated": 1766427506909,
        "tz": null,
        "url": "https://earthquake.usgs.gov/earthquakes/eventpage/us70005tzl",
        "detail": "https://earthquake.usgs.gov/fdsnws/event/1/query?eventid=us70005tzl&format=geojson",
        "felt": null,
        "cdi": null,
        "mmi": null,
        "alert": null,
        "status": "reviewed",
        "tsunami": 0,
        "sig": 385,
        "net": "us",
        "code": "70005tzl",
        "ids": ",us70005tzl,iscgem616623803,",
        "sources": ",us,iscgem,",
        "types": ",moment-tensor,origin,phase-data,",
        "nst": null,
        "dmin": 1.309,
        "rms": 0.85,
        "gap": 26,
        "magType": "mww",
        "type": "earthquake",
        "title": "M 5.0 - 42 km SSW of Jurm, Afghanistan"
      },
      "geometry": {
        "type": "Point",
        "coordinates": [
          70.6021,
          36.5287,
          202.56
        ]
      },
      "id": "us70005tzl"
    },
    {
      "type": "Feature",
      "properties": {
        "mag": 5.1,
        "place": "43 km SSW of Jurm, Afghanistan",
        "time": 1570617875740,
        "updated": 1766426147209,
        "tz": null,
        "url": "https://earthquake.usgs.gov/earthquakes/eventpage/us70005sii",
        "detail": "https://earthquake.usgs.gov/fdsnws/event/1/query?eventid=us70005sii&format=geojson",
        "felt": 13,
        "cdi": 4.8,
        "mmi": null,
        "alert": null,
        "status": "reviewed",
        "tsunami": 0,
        "sig": 406,
        "net": "us",
        "code": "70005sii",
        "ids": ",us70005sii,iscgem616618909,",
        "sources": ",us,iscgem,",
        "types": ",dyfi,moment-tensor,origin,phase-data,",
        "nst": null,
        "dmin": 1.306,
        "rms": 0.82,
        "gap": 20,
        "magType": "mww",
        "type": "earthquake",
        "title": "M 5.1 - 43 km SSW of Jurm, Afghanistan"
      },
      "geometry": {
        "type": "Point",
        "coordinates": [
          70.6409,
          36.5069,
          203.28
        ]
      },
      "id": "us70005sii"
    },
    {
      "type": "Feature",
      "properties": {
        "mag": 5.4,
        "place": "8 km SSE of New Mirpur, Pakistan",
        "time": 1569322914990,
        "updated": 1766427443790,
        "tz": null,
        "url": "https://earthquake.usgs.gov/earthquakes/eventpage/us60005mqp",
        "detail": "https://earthquake.usgs.gov/fdsnws/event/1/query?eventid=us60005mqp&format=geojson",
        "felt": 478,
        "cdi": 6.6,
        "mmi": 7.188,
        "alert": "orange",
        "status": "reviewed",
        "tsunami": 0,
        "sig": 1315,
        "net": "us",
        "code": "60005mqp",
        "ids": ",us60005mqp,iscgem616494857,",
        "sources": ",us,iscgem,",
        "types": ",dyfi,general-text,ground-failure,impact-text,losspager,moment-tensor,origin,phase-data,shakemap,",
        "nst": null,
        "dmin": 0.72,
        "rms": 0.87,
        "gap": 21,
        "magType": "mww",
        "type": "earthquake",
        "title": "M 5.4 - 8 km SSE of New Mirpur, Pakistan"
      },
      "geometry": {
        "type": "Point",
        "coordinates": [
          73.7936,
          33.0779,
          10
        ]
      },
      "id": "us60005mqp"
    },
    {
      "type": "Feature",
      "properties": {
        "mag": 5.4,
        "place": "26 km NW of Shwebo, Myanmar",
        "time": 1567264161828,
        "updated": 1766428573211,
        "tz": null,
        "url": "https://earthquake.usgs.gov/earthquakes/eventpage/us70005alm",
        "detail": "https://earthquake.usgs.gov/fdsnws/event/1/query?eventid=us70005alm&format=geojson",
        "felt": 50,
        "cdi": 5.4,
        "mmi": 6.728,
        "alert": "yellow",
        "status": "reviewed",
        "tsunami": 0,
        "sig": 677,
        "net": "us",
        "code": "70005alm",
        "ids": ",us70005alm,iscgem618541582,",
        "sources": ",us,iscgem,",
        "types": ",dyfi,impact-text,losspager,moment-tensor,origin,phase-data,shakemap,",
        "nst": null,
        "dmin": 1.778,
        "rms": 0.67,
        "gap": 31,
        "magType": "mww",
        "type": "earthquake",
        "title": "M 5.4 - 26 km NW of Shwebo, Myanmar"
      },
      "geometry": {
        "type": "Point",
        "coordinates": [
          95.522,
          22.7414,
          10
        ]
      },
      "id": "us70005alm"
    },
    {
      "type": "Feature",
      "properties": {
        "mag": 5,
        "place": "38 km SSE of Khanabad, Afghanistan",
        "time": 1566418250400,
        "updated": 1573251218040,
        "tz": null,
        "url": "https://earthquake.usgs.gov/earthquakes/eventpage/us700056qp",
        "detail": "https://earthquake.usgs.gov/fdsnws/event/1/query?eventid=us700056qp&format=geojson",
        "felt": null,
        "cdi": null,
        "mmi": null,
        "alert": null,
        "status": "reviewed",
        "tsunami": 0,
        "sig": 385,
        "net": "us",
        "code": "700056qp",
        "ids": ",us700056qp,",
        "sources": ",us,",
        "types": ",origin,phase-data,",
        "nst": null,
        "dmin": 1.522,
        "rms": 0.94,
        "gap": 48,
        "magType": "mb",
        "type": "earthquake",
        "title": "M 5.0 - 38 km SSE of Khanabad, Afghanistan"
      },
      "geometry": {
        "type": "Point",
        "coordinates": [
          69.3398,
          36.3898,
          42.93
        ]
      },
      "id": "us700056qp"
    },
    {
      "type": "Feature",
      "properties": {
        "mag": 5,
        "place": "39 km SSE of Chur?ch?ndpur, India",
        "time": 1566109714730,
        "updated": 1572708373040,
        "tz": null,
        "url": "https://earthquake.usgs.gov/earthquakes/eventpage/us600056lz",
        "detail": "https://earthquake.usgs.gov/fdsnws/event/1/query?eventid=us600056lz&format=geojson",
        "felt": null,
        "cdi": null,
        "mmi": null,
        "alert": null,
        "status": "reviewed",
        "tsunami": 0,
        "sig": 385,
        "net": "us",
        "code": "600056lz",
        "ids": ",us600056lz,",
        "sources": ",us,",
        "types": ",origin,phase-data,",
        "nst": null,
        "dmin": 1.391,
        "rms": 0.78,
        "gap": 43,
        "magType": "mb",
        "type": "earthquake",
        "title": "M 5.0 - 39 km SSE of Chur?ch?ndpur, India"
      },
      "geometry": {
        "type": "Point",
        "coordinates": [
          93.858,
          24.0196,
          63.38
        ]
      },
      "id": "us600056lz"
    },
    {
      "type": "Feature",
      "properties": {
        "mag": 5.2,
        "place": "81 km WSW of Pyay, Myanmar",
        "time": 1566098661878,
        "updated": 1766427305856,
        "tz": null,
        "url": "https://earthquake.usgs.gov/earthquakes/eventpage/us600056k3",
        "detail": "https://earthquake.usgs.gov/fdsnws/event/1/query?eventid=us600056k3&format=geojson",
        "felt": 5,
        "cdi": 3.8,
        "mmi": null,
        "alert": null,
        "status": "reviewed",
        "tsunami": 0,
        "sig": 418,
        "net": "us",
        "code": "600056k3",
        "ids": ",us600056k3,iscgem616239616,",
        "sources": ",us,iscgem,",
        "types": ",dyfi,moment-tensor,origin,phase-data,",
        "nst": null,
        "dmin": 3.277,
        "rms": 0.88,
        "gap": 27,
        "magType": "mww",
        "type": "earthquake",
        "title": "M 5.2 - 81 km WSW of Pyay, Myanmar"
      },
      "geometry": {
        "type": "Point",
        "coordinates": [
          94.5394,
          18.4733,
          26.14
        ]
      },
      "id": "us600056k3"
    },
    {
      "type": "Feature",
      "properties": {
        "mag": 5.1,
        "place": "48 km SSW of Jurm, Afghanistan",
        "time": 1565921360364,
        "updated": 1766427304888,
        "tz": null,
        "url": "https://earthquake.usgs.gov/earthquakes/eventpage/us600055rs",
        "detail": "https://earthquake.usgs.gov/fdsnws/event/1/query?eventid=us600055rs&format=geojson",
        "felt": 18,
        "cdi": 5,
        "mmi": null,
        "alert": null,
        "status": "reviewed",
        "tsunami": 0,
        "sig": 409,
        "net": "us",
        "code": "600055rs",
        "ids": ",us600055rs,iscgem616239463,",
        "sources": ",us,iscgem,",
        "types": ",dyfi,moment-tensor,origin,phase-data,",
        "nst": null,
        "dmin": 1.336,
        "rms": 0.8,
        "gap": 38,
        "magType": "mww",
        "type": "earthquake",
        "title": "M 5.1 - 48 km SSW of Jurm, Afghanistan"
      },
      "geometry": {
        "type": "Point",
        "coordinates": [
          70.693,
          36.4389,
          207.71
        ]
      },
      "id": "us600055rs"
    },
    {
      "type": "Feature",
      "properties": {
        "mag": 5,
        "place": "206 km NNE of Shi Yomi, India",
        "time": 1565489606332,
        "updated": 1572381237040,
        "tz": null,
        "url": "https://earthquake.usgs.gov/earthquakes/eventpage/us600053la",
        "detail": "https://earthquake.usgs.gov/fdsnws/event/1/query?eventid=us600053la&format=geojson",
        "felt": 1,
        "cdi": 2,
        "mmi": null,
        "alert": null,
        "status": "reviewed",
        "tsunami": 0,
        "sig": 385,
        "net": "us",
        "code": "600053la",
        "ids": ",us600053la,",
        "sources": ",us,",
        "types": ",dyfi,origin,phase-data,",
        "nst": null,
        "dmin": 3.311,
        "rms": 1.11,
        "gap": 68,
        "magType": "mb",
        "type": "earthquake",
        "title": "M 5.0 - 206 km NNE of Shi Yomi, India"
      },
      "geometry": {
        "type": "Point",
        "coordinates": [
          94.8731,
          30.3447,
          10
        ]
      },
      "id": "us600053la"
    },
    {
      "type": "Feature",
      "properties": {
        "mag": 5.3,
        "place": "35 km S of Khorugh, Tajikistan",
        "time": 1565419392326,
        "updated": 1766426115802,
        "tz": null,
        "url": "https://earthquake.usgs.gov/earthquakes/eventpage/us600053at",
        "detail": "https://earthquake.usgs.gov/fdsnws/event/1/query?eventid=us600053at&format=geojson",
        "felt": 7,
        "cdi": 4.6,
        "mmi": null,
        "alert": null,
        "status": "reviewed",
        "tsunami": 0,
        "sig": 435,
        "net": "us",
        "code": "600053at",
        "ids": ",us600053at,iscgem616223949,",
        "sources": ",us,iscgem,",
        "types": ",dyfi,moment-tensor,origin,phase-data,",
        "nst": null,
        "dmin": 0.373,
        "rms": 0.65,
        "gap": 56,
        "magType": "mww",
        "type": "earthquake",
        "title": "M 5.3 - 35 km S of Khorugh, Tajikistan"
      },
      "geometry": {
        "type": "Point",
        "coordinates": [
          71.5345,
          37.1698,
          110.74
        ]
      },
      "id": "us600053at"
    },
    {
      "type": "Feature",
      "properties": {
        "mag": 5.8,
        "place": "18 km ESE of Farkh?r, Afghanistan",
        "time": 1565225126713,
        "updated": 1766426114717,
        "tz": null,
        "url": "https://earthquake.usgs.gov/earthquakes/eventpage/us60005247",
        "detail": "https://earthquake.usgs.gov/fdsnws/event/1/query?eventid=us60005247&format=geojson",
        "felt": 50,
        "cdi": 5,
        "mmi": 3.4,
        "alert": "green",
        "status": "reviewed",
        "tsunami": 0,
        "sig": 543,
        "net": "us",
        "code": "60005247",
        "ids": ",us60005247,iscgem616220687,",
        "sources": ",us,iscgem,",
        "types": ",dyfi,losspager,moment-tensor,origin,phase-data,shakemap,",
        "nst": null,
        "dmin": 1.627,
        "rms": 0.74,
        "gap": 12,
        "magType": "mww",
        "type": "earthquake",
        "title": "M 5.8 - 18 km ESE of Farkh?r, Afghanistan"
      },
      "geometry": {
        "type": "Point",
        "coordinates": [
          70.0571,
          36.5272,
          226
        ]
      },
      "id": "us60005247"
    },
    {
      "type": "Feature",
      "properties": {
        "mag": 5.1,
        "place": "23 km W of Ashk?sham, Afghanistan",
        "time": 1564945494307,
        "updated": 1766427269832,
        "tz": null,
        "url": "https://earthquake.usgs.gov/earthquakes/eventpage/us600050ld",
        "detail": "https://earthquake.usgs.gov/fdsnws/event/1/query?eventid=us600050ld&format=geojson",
        "felt": 24,
        "cdi": 4.8,
        "mmi": null,
        "alert": null,
        "status": "reviewed",
        "tsunami": 0,
        "sig": 412,
        "net": "us",
        "code": "600050ld",
        "ids": ",us600050ld,iscgem616200899,",
        "sources": ",us,iscgem,",
        "types": ",dyfi,moment-tensor,origin,phase-data,",
        "nst": null,
        "dmin": 0.906,
        "rms": 0.9,
        "gap": 43,
        "magType": "mww",
        "type": "earthquake",
        "title": "M 5.1 - 23 km W of Ashk?sham, Afghanistan"
      },
      "geometry": {
        "type": "Point",
        "coordinates": [
          71.2747,
          36.6761,
          226.29
        ]
      },
      "id": "us600050ld"
    },
    {
      "type": "Feature",
      "properties": {
        "mag": 5,
        "place": "248 km E of Port Blair, India",
        "time": 1564881974607,
        "updated": 1659972383807,
        "tz": null,
        "url": "https://earthquake.usgs.gov/earthquakes/eventpage/us600050es",
        "detail": "https://earthquake.usgs.gov/fdsnws/event/1/query?eventid=us600050es&format=geojson",
        "felt": 1,
        "cdi": 3.8,
        "mmi": null,
        "alert": null,
        "status": "reviewed",
        "tsunami": 0,
        "sig": 385,
        "net": "us",
        "code": "600050es",
        "ids": ",us600050es,",
        "sources": ",us,",
        "types": ",dyfi,origin,phase-data,",
        "nst": null,
        "dmin": 5.594,
        "rms": 1.05,
        "gap": 101,
        "magType": "mb",
        "type": "earthquake",
        "title": "M 5.0 - 248 km E of Port Blair, India"
      },
      "geometry": {
        "type": "Point",
        "coordinates": [
          95.0085,
          11.9126,
          10
        ]
      },
      "id": "us600050es"
    },
    {
      "type": "Feature",
      "properties": {
        "mag": 5.5,
        "place": "64 km NE of Bomdila, India",
        "time": 1563528135514,
        "updated": 1766427218404,
        "tz": null,
        "url": "https://earthquake.usgs.gov/earthquakes/eventpage/us70004nrn",
        "detail": "https://earthquake.usgs.gov/fdsnws/event/1/query?eventid=us70004nrn&format=geojson",
        "felt": 75,
        "cdi": 4.9,
        "mmi": 6.734,
        "alert": "green",
        "status": "reviewed",
        "tsunami": 0,
        "sig": 502,
        "net": "us",
        "code": "70004nrn",
        "ids": ",us70004nrn,iscgem616066956,",
        "sources": ",us,iscgem,",
        "types": ",dyfi,losspager,moment-tensor,origin,phase-data,shakemap,",
        "nst": null,
        "dmin": 2.313,
        "rms": 0.54,
        "gap": 17,
        "magType": "mww",
        "type": "earthquake",
        "title": "M 5.5 - 64 km NE of Bomdila, India"
      },
      "geometry": {
        "type": "Point",
        "coordinates": [
          92.8302,
          27.7188,
          15
        ]
      },
      "id": "us70004nrn"
    },
    {
      "type": "Feature",
      "properties": {
        "mag": 5,
        "place": "Bay of Bengal",
        "time": 1562346507085,
        "updated": 1569508221040,
        "tz": null,
        "url": "https://earthquake.usgs.gov/earthquakes/eventpage/us70004b9y",
        "detail": "https://earthquake.usgs.gov/fdsnws/event/1/query?eventid=us70004b9y&format=geojson",
        "felt": 1,
        "cdi": 2.2,
        "mmi": null,
        "alert": null,
        "status": "reviewed",
        "tsunami": 0,
        "sig": 385,
        "net": "us",
        "code": "70004b9y",
        "ids": ",us70004b9y,",
        "sources": ",us,",
        "types": ",dyfi,origin,phase-data,",
        "nst": null,
        "dmin": 6.678,
        "rms": 0.72,
        "gap": 47,
        "magType": "mb",
        "type": "earthquake",
        "title": "M 5.0 - Bay of Bengal"
      },
      "geometry": {
        "type": "Point",
        "coordinates": [
          87.1121,
          9.3763,
          10
        ]
      },
      "id": "us70004b9y"
    },
    {
      "type": "Feature",
      "properties": {
        "mag": 5.2,
        "place": "11 km W of Shingli Bala, Pakistan",
        "time": 1560309024900,
        "updated": 1766427046410,
        "tz": null,
        "url": "https://earthquake.usgs.gov/earthquakes/eventpage/us70003ydx",
        "detail": "https://earthquake.usgs.gov/fdsnws/event/1/query?eventid=us70003ydx&format=geojson",
        "felt": 10,
        "cdi": 4.8,
        "mmi": null,
        "alert": null,
        "status": "reviewed",
        "tsunami": 0,
        "sig": 421,
        "net": "us",
        "code": "70003ydx",
        "ids": ",us70003ydx,iscgem615948145,",
        "sources": ",us,iscgem,",
        "types": ",dyfi,origin,phase-data,",
        "nst": null,
        "dmin": 1.083,
        "rms": 0.65,
        "gap": 67,
        "magType": "mb",
        "type": "earthquake",
        "title": "M 5.2 - 11 km W of Shingli Bala, Pakistan"
      },
      "geometry": {
        "type": "Point",
        "coordinates": [
          72.8572,
          34.6813,
          12.9
        ]
      },
      "id": "us70003ydx"
    },
    {
      "type": "Feature",
      "properties": {
        "mag": 5,
        "place": "178 km WNW of Sabang, Indonesia",
        "time": 1559094186336,
        "updated": 1566681450040,
        "tz": null,
        "url": "https://earthquake.usgs.gov/earthquakes/eventpage/us70003wcs",
        "detail": "https://earthquake.usgs.gov/fdsnws/event/1/query?eventid=us70003wcs&format=geojson",
        "felt": null,
        "cdi": null,
        "mmi": null,
        "alert": null,
        "status": "reviewed",
        "tsunami": 0,
        "sig": 385,
        "net": "us",
        "code": "70003wcs",
        "ids": ",us70003wcs,",
        "sources": ",us,",
        "types": ",origin,phase-data,",
        "nst": null,
        "dmin": 3.345,
        "rms": 0.64,
        "gap": 190,
        "magType": "mb",
        "type": "earthquake",
        "title": "M 5.0 - 178 km WNW of Sabang, Indonesia"
      },
      "geometry": {
        "type": "Point",
        "coordinates": [
          93.767,
          6.3225,
          35
        ]
      },
      "id": "us70003wcs"
    },
    {
      "type": "Feature",
      "properties": {
        "mag": 5,
        "place": "241 km N of Bamboo Flat, India",
        "time": 1558733014749,
        "updated": 1766426998167,
        "tz": null,
        "url": "https://earthquake.usgs.gov/earthquakes/eventpage/us60003rwt",
        "detail": "https://earthquake.usgs.gov/fdsnws/event/1/query?eventid=us60003rwt&format=geojson",
        "felt": 2,
        "cdi": 2.2,
        "mmi": null,
        "alert": null,
        "status": "reviewed",
        "tsunami": 0,
        "sig": 385,
        "net": "us",
        "code": "60003rwt",
        "ids": ",us60003rwt,iscgem615747881,",
        "sources": ",us,iscgem,",
        "types": ",dyfi,origin,phase-data,",
        "nst": null,
        "dmin": 7.235,
        "rms": 0.77,
        "gap": 36,
        "magType": "mb",
        "type": "earthquake",
        "title": "M 5.0 - 241 km N of Bamboo Flat, India"
      },
      "geometry": {
        "type": "Point",
        "coordinates": [
          92.9509,
          13.8733,
          10
        ]
      },
      "id": "us60003rwt"
    },
    {
      "type": "Feature",
      "properties": {
        "mag": 5.6,
        "place": "244 km N of Bamboo Flat, India",
        "time": 1558485574963,
        "updated": 1766427281284,
        "tz": null,
        "url": "https://earthquake.usgs.gov/earthquakes/eventpage/us60003qg7",
        "detail": "https://earthquake.usgs.gov/fdsnws/event/1/query?eventid=us60003qg7&format=geojson",
        "felt": 4,
        "cdi": 3.8,
        "mmi": 4.38,
        "alert": "green",
        "status": "reviewed",
        "tsunami": 0,
        "sig": 484,
        "net": "us",
        "code": "60003qg7",
        "ids": ",us60003qg7,iscgem616217921,",
        "sources": ",us,iscgem,",
        "types": ",dyfi,losspager,moment-tensor,origin,phase-data,shakemap,",
        "nst": null,
        "dmin": 7.195,
        "rms": 1.05,
        "gap": 21,
        "magType": "mww",
        "type": "earthquake",
        "title": "M 5.6 - 244 km N of Bamboo Flat, India"
      },
      "geometry": {
        "type": "Point",
        "coordinates": [
          92.9916,
          13.8921,
          29
        ]
      },
      "id": "us60003qg7"
    },
    {
      "type": "Feature",
      "properties": {
        "mag": 5.1,
        "place": "220 km NNW of Sabang, Indonesia",
        "time": 1558119919114,
        "updated": 1766426981740,
        "tz": null,
        "url": "https://earthquake.usgs.gov/earthquakes/eventpage/usd000a22m",
        "detail": "https://earthquake.usgs.gov/fdsnws/event/1/query?eventid=usd000a22m&format=geojson",
        "felt": null,
        "cdi": null,
        "mmi": null,
        "alert": null,
        "status": "reviewed",
        "tsunami": 0,
        "sig": 400,
        "net": "us",
        "code": "d000a22m",
        "ids": ",iscgem615738390,usd000a22m,",
        "sources": ",iscgem,us,",
        "types": ",origin,phase-data,",
        "nst": null,
        "dmin": 3.528,
        "rms": 0.88,
        "gap": 53,
        "magType": "mb",
        "type": "earthquake",
        "title": "M 5.1 - 220 km NNW of Sabang, Indonesia"
      },
      "geometry": {
        "type": "Point",
        "coordinates": [
          94.3069,
          7.6041,
          10
        ]
      },
      "id": "usd000a22m"
    },
    {
      "type": "Feature",
      "properties": {
        "mag": 5.2,
        "place": "86 km SE of Mon, India",
        "time": 1556967841133,
        "updated": 1766426946546,
        "tz": null,
        "url": "https://earthquake.usgs.gov/earthquakes/eventpage/us70003gm1",
        "detail": "https://earthquake.usgs.gov/fdsnws/event/1/query?eventid=us70003gm1&format=geojson",
        "felt": 47,
        "cdi": 4.3,
        "mmi": null,
        "alert": null,
        "status": "reviewed",
        "tsunami": 0,
        "sig": 436,
        "net": "us",
        "code": "70003gm1",
        "ids": ",us70003gm1,iscgem615497824,",
        "sources": ",us,iscgem,",
        "types": ",dyfi,moment-tensor,origin,phase-data,",
        "nst": null,
        "dmin": 2.37,
        "rms": 0.94,
        "gap": 16,
        "magType": "mww",
        "type": "earthquake",
        "title": "M 5.2 - 86 km SE of Mon, India"
      },
      "geometry": {
        "type": "Point",
        "coordinates": [
          95.7216,
          26.2288,
          85.93
        ]
      },
      "id": "us70003gm1"
    },
    {
      "type": "Feature",
      "properties": {
        "mag": 5.9,
        "place": "22 km SE of Shi Yomi, India",
        "time": 1556050550777,
        "updated": 1766426055702,
        "tz": null,
        "url": "https://earthquake.usgs.gov/earthquakes/eventpage/us70003axc",
        "detail": "https://earthquake.usgs.gov/fdsnws/event/1/query?eventid=us70003axc&format=geojson",
        "felt": 260,
        "cdi": 6.7,
        "mmi": 7.31,
        "alert": "green",
        "status": "reviewed",
        "tsunami": 0,
        "sig": 710,
        "net": "us",
        "code": "70003axc",
        "ids": ",us70003axc,iscgem615414244,",
        "sources": ",us,iscgem,",
        "types": ",dyfi,ground-failure,impact-text,losspager,moment-tensor,origin,phase-data,shakemap,",
        "nst": null,
        "dmin": 3.271,
        "rms": 0.85,
        "gap": 20,
        "magType": "mww",
        "type": "earthquake",
        "title": "M 5.9 - 22 km SE of Shi Yomi, India"
      },
      "geometry": {
        "type": "Point",
        "coordinates": [
          94.5605,
          28.4073,
          14
        ]
      },
      "id": "us70003axc"
    },
    {
      "type": "Feature",
      "properties": {
        "mag": 5,
        "place": "215 km NNW of Sabang, Indonesia",
        "time": 1555624330465,
        "updated": 1766426883581,
        "tz": null,
        "url": "https://earthquake.usgs.gov/earthquakes/eventpage/us700038y8",
        "detail": "https://earthquake.usgs.gov/fdsnws/event/1/query?eventid=us700038y8&format=geojson",
        "felt": null,
        "cdi": null,
        "mmi": null,
        "alert": null,
        "status": "reviewed",
        "tsunami": 0,
        "sig": 385,
        "net": "us",
        "code": "700038y8",
        "ids": ",us700038y8,iscgem615411490,",
        "sources": ",us,iscgem,",
        "types": ",moment-tensor,origin,phase-data,",
        "nst": null,
        "dmin": 3.473,
        "rms": 0.97,
        "gap": 47,
        "magType": "mww",
        "type": "earthquake",
        "title": "M 5.0 - 215 km NNW of Sabang, Indonesia"
      },
      "geometry": {
        "type": "Point",
        "coordinates": [
          94.3706,
          7.5912,
          10
        ]
      },
      "id": "us700038y8"
    },
    {
      "type": "Feature",
      "properties": {
        "mag": 5.1,
        "place": "192 km NNW of Sabang, Indonesia",
        "time": 1555188210319,
        "updated": 1766426867944,
        "tz": null,
        "url": "https://earthquake.usgs.gov/earthquakes/eventpage/us700035j6",
        "detail": "https://earthquake.usgs.gov/fdsnws/event/1/query?eventid=us700035j6&format=geojson",
        "felt": null,
        "cdi": null,
        "mmi": null,
        "alert": null,
        "status": "reviewed",
        "tsunami": 0,
        "sig": 400,
        "net": "us",
        "code": "700035j6",
        "ids": ",us700035j6,iscgem615393752,",
        "sources": ",us,iscgem,",
        "types": ",moment-tensor,origin,phase-data,",
        "nst": null,
        "dmin": 3.314,
        "rms": 0.61,
        "gap": 63,
        "magType": "mww",
        "type": "earthquake",
        "title": "M 5.1 - 192 km NNW of Sabang, Indonesia"
      },
      "geometry": {
        "type": "Point",
        "coordinates": [
          94.3786,
          7.3554,
          10
        ]
      },
      "id": "us700035j6"
    },
    {
      "type": "Feature",
      "properties": {
        "mag": 5,
        "place": "187 km NNW of Sabang, Indonesia",
        "time": 1555172416399,
        "updated": 1561057410040,
        "tz": null,
        "url": "https://earthquake.usgs.gov/earthquakes/eventpage/us700035gd",
        "detail": "https://earthquake.usgs.gov/fdsnws/event/1/query?eventid=us700035gd&format=geojson",
        "felt": null,
        "cdi": null,
        "mmi": null,
        "alert": null,
        "status": "reviewed",
        "tsunami": 0,
        "sig": 385,
        "net": "us",
        "code": "700035gd",
        "ids": ",us700035gd,",
        "sources": ",us,",
        "types": ",origin,phase-data,",
        "nst": null,
        "dmin": 3.259,
        "rms": 0.96,
        "gap": 110,
        "magType": "mb",
        "type": "earthquake",
        "title": "M 5.0 - 187 km NNW of Sabang, Indonesia"
      },
      "geometry": {
        "type": "Point",
        "coordinates": [
          94.4406,
          7.3444,
          10
        ]
      },
      "id": "us700035gd"
    },
    {
      "type": "Feature",
      "properties": {
        "mag": 5.4,
        "place": "196 km NNW of Sabang, Indonesia",
        "time": 1555171975522,
        "updated": 1766426868670,
        "tz": null,
        "url": "https://earthquake.usgs.gov/earthquakes/eventpage/us700035g9",
        "detail": "https://earthquake.usgs.gov/fdsnws/event/1/query?eventid=us700035g9&format=geojson",
        "felt": null,
        "cdi": null,
        "mmi": 3.741,
        "alert": "green",
        "status": "reviewed",
        "tsunami": 0,
        "sig": 449,
        "net": "us",
        "code": "700035g9",
        "ids": ",us700035g9,iscgem615393770,",
        "sources": ",us,iscgem,",
        "types": ",losspager,moment-tensor,origin,phase-data,shakemap,",
        "nst": null,
        "dmin": 3.334,
        "rms": 1.06,
        "gap": 50,
        "magType": "mww",
        "type": "earthquake",
        "title": "M 5.4 - 196 km NNW of Sabang, Indonesia"
      },
      "geometry": {
        "type": "Point",
        "coordinates": [
          94.4056,
          7.4194,
          10
        ]
      },
      "id": "us700035g9"
    },
    {
      "type": "Feature",
      "properties": {
        "mag": 5.1,
        "place": "226 km NNW of Sabang, Indonesia",
        "time": 1554954638660,
        "updated": 1766426860069,
        "tz": null,
        "url": "https://earthquake.usgs.gov/earthquakes/eventpage/us7000349v",
        "detail": "https://earthquake.usgs.gov/fdsnws/event/1/query?eventid=us7000349v&format=geojson",
        "felt": null,
        "cdi": null,
        "mmi": null,
        "alert": null,
        "status": "reviewed",
        "tsunami": 0,
        "sig": 400,
        "net": "us",
        "code": "7000349v",
        "ids": ",iscgem615390162,us7000349v,",
        "sources": ",iscgem,us,",
        "types": ",origin,phase-data,",
        "nst": null,
        "dmin": 3.591,
        "rms": 0.89,
        "gap": 57,
        "magType": "mb",
        "type": "earthquake",
        "title": "M 5.1 - 226 km NNW of Sabang, Indonesia"
      },
      "geometry": {
        "type": "Point",
        "coordinates": [
          94.2502,
          7.6359,
          10
        ]
      },
      "id": "us7000349v"
    },
    {
      "type": "Feature",
      "properties": {
        "mag": 5,
        "place": "225 km NNW of Sabang, Indonesia",
        "time": 1554950369509,
        "updated": 1561057395040,
        "tz": null,
        "url": "https://earthquake.usgs.gov/earthquakes/eventpage/us7000348u",
        "detail": "https://earthquake.usgs.gov/fdsnws/event/1/query?eventid=us7000348u&format=geojson",
        "felt": null,
        "cdi": null,
        "mmi": null,
        "alert": null,
        "status": "reviewed",
        "tsunami": 0,
        "sig": 385,
        "net": "us",
        "code": "7000348u",
        "ids": ",us7000348u,",
        "sources": ",us,",
        "types": ",moment-tensor,origin,phase-data,",
        "nst": null,
        "dmin": 3.562,
        "rms": 0.72,
        "gap": 71,
        "magType": "mww",
        "type": "earthquake",
        "title": "M 5.0 - 225 km NNW of Sabang, Indonesia"
      },
      "geometry": {
        "type": "Point",
        "coordinates": [
          94.3251,
          7.6737,
          10
        ]
      },
      "id": "us7000348u"
    },
    {
      "type": "Feature",
      "properties": {
        "mag": 5.1,
        "place": "Andaman Islands, India region",
        "time": 1554688492330,
        "updated": 1766426843362,
        "tz": null,
        "url": "https://earthquake.usgs.gov/earthquakes/eventpage/us2000kc24",
        "detail": "https://earthquake.usgs.gov/fdsnws/event/1/query?eventid=us2000kc24&format=geojson",
        "felt": 1,
        "cdi": 2.5,
        "mmi": null,
        "alert": null,
        "status": "reviewed",
        "tsunami": 0,
        "sig": 400,
        "net": "us",
        "code": "2000kc24",
        "ids": ",us2000kc24,iscgem615372862,",
        "sources": ",us,iscgem,",
        "types": ",dyfi,moment-tensor,origin,phase-data,",
        "nst": null,
        "dmin": 2.999,
        "rms": 0.98,
        "gap": 31,
        "magType": "mww",
        "type": "earthquake",
        "title": "M 5.1 - Andaman Islands, India region"
      },
      "geometry": {
        "type": "Point",
        "coordinates": [
          95.4198,
          13.1345,
          10
        ]
      },
      "id": "us2000kc24"
    },
    {
      "type": "Feature",
      "properties": {
        "mag": 5.1,
        "place": "25 km SSW of Phek, India",
        "time": 1554363930378,
        "updated": 1766426829171,
        "tz": null,
        "url": "https://earthquake.usgs.gov/earthquakes/eventpage/us2000ka3r",
        "detail": "https://earthquake.usgs.gov/fdsnws/event/1/query?eventid=us2000ka3r&format=geojson",
        "felt": 41,
        "cdi": 4.6,
        "mmi": null,
        "alert": null,
        "status": "reviewed",
        "tsunami": 0,
        "sig": 419,
        "net": "us",
        "code": "2000ka3r",
        "ids": ",us2000ka3r,iscgem615358403,",
        "sources": ",us,iscgem,",
        "types": ",dyfi,moment-tensor,origin,phase-data,",
        "nst": null,
        "dmin": 1.217,
        "rms": 0.52,
        "gap": 23,
        "magType": "mww",
        "type": "earthquake",
        "title": "M 5.1 - 25 km SSW of Phek, India"
      },
      "geometry": {
        "type": "Point",
        "coordinates": [
          94.4235,
          25.4467,
          61.78
        ]
      },
      "id": "us2000ka3r"
    },
    {
      "type": "Feature",
      "properties": {
        "mag": 5.5,
        "place": "215 km NNW of Sabang, Indonesia",
        "time": 1554106292416,
        "updated": 1766427629150,
        "tz": null,
        "url": "https://earthquake.usgs.gov/earthquakes/eventpage/us2000k8e8",
        "detail": "https://earthquake.usgs.gov/fdsnws/event/1/query?eventid=us2000k8e8&format=geojson",
        "felt": null,
        "cdi": null,
        "mmi": 0,
        "alert": "green",
        "status": "reviewed",
        "tsunami": 0,
        "sig": 465,
        "net": "us",
        "code": "2000k8e8",
        "ids": ",us2000k8e8,iscgem616742780,",
        "sources": ",us,iscgem,",
        "types": ",losspager,moment-tensor,origin,phase-data,shakemap,",
        "nst": null,
        "dmin": 3.489,
        "rms": 0.85,
        "gap": 27,
        "magType": "mww",
        "type": "earthquake",
        "title": "M 5.5 - 215 km NNW of Sabang, Indonesia"
      },
      "geometry": {
        "type": "Point",
        "coordinates": [
          94.3371,
          7.5782,
          10
        ]
      },
      "id": "us2000k8e8"
    },
    {
      "type": "Feature",
      "properties": {
        "mag": 5.1,
        "place": "209 km NNW of Sabang, Indonesia",
        "time": 1554097958792,
        "updated": 1766426820085,
        "tz": null,
        "url": "https://earthquake.usgs.gov/earthquakes/eventpage/us2000k8cy",
        "detail": "https://earthquake.usgs.gov/fdsnws/event/1/query?eventid=us2000k8cy&format=geojson",
        "felt": 1,
        "cdi": 1,
        "mmi": null,
        "alert": null,
        "status": "reviewed",
        "tsunami": 0,
        "sig": 400,
        "net": "us",
        "code": "2000k8cy",
        "ids": ",us2000k8cy,iscgem615332819,",
        "sources": ",us,iscgem,",
        "types": ",dyfi,moment-tensor,origin,phase-data,",
        "nst": null,
        "dmin": 3.425,
        "rms": 0.87,
        "gap": 24,
        "magType": "mww",
        "type": "earthquake",
        "title": "M 5.1 - 209 km NNW of Sabang, Indonesia"
      },
      "geometry": {
        "type": "Point",
        "coordinates": [
          94.3882,
          7.538,
          10
        ]
      },
      "id": "us2000k8cy"
    },
    {
      "type": "Feature",
      "properties": {
        "mag": 5,
        "place": "216 km NW of Sabang, Indonesia",
        "time": 1554091754377,
        "updated": 1560027090040,
        "tz": null,
        "url": "https://earthquake.usgs.gov/earthquakes/eventpage/us2000k8c0",
        "detail": "https://earthquake.usgs.gov/fdsnws/event/1/query?eventid=us2000k8c0&format=geojson",
        "felt": null,
        "cdi": null,
        "mmi": null,
        "alert": null,
        "status": "reviewed",
        "tsunami": 0,
        "sig": 385,
        "net": "us",
        "code": "2000k8c0",
        "ids": ",us2000k8c0,",
        "sources": ",us,",
        "types": ",origin,phase-data,",
        "nst": null,
        "dmin": 3.536,
        "rms": 0.71,
        "gap": 59,
        "magType": "mb",
        "type": "earthquake",
        "title": "M 5.0 - 216 km NW of Sabang, Indonesia"
      },
      "geometry": {
        "type": "Point",
        "coordinates": [
          94.2064,
          7.4984,
          10
        ]
      },
      "id": "us2000k8c0"
    },
    {
      "type": "Feature",
      "properties": {
        "mag": 5,
        "place": "222 km NW of Sabang, Indonesia",
        "time": 1554089887453,
        "updated": 1560027089040,
        "tz": null,
        "url": "https://earthquake.usgs.gov/earthquakes/eventpage/us2000k8be",
        "detail": "https://earthquake.usgs.gov/fdsnws/event/1/query?eventid=us2000k8be&format=geojson",
        "felt": null,
        "cdi": null,
        "mmi": null,
        "alert": null,
        "status": "reviewed",
        "tsunami": 0,
        "sig": 385,
        "net": "us",
        "code": "2000k8be",
        "ids": ",us2000k8be,",
        "sources": ",us,",
        "types": ",origin,phase-data,",
        "nst": null,
        "dmin": 3.595,
        "rms": 0.64,
        "gap": 57,
        "magType": "mb",
        "type": "earthquake",
        "title": "M 5.0 - 222 km NW of Sabang, Indonesia"
      },
      "geometry": {
        "type": "Point",
        "coordinates": [
          94.1618,
          7.5378,
          10
        ]
      },
      "id": "us2000k8be"
    },
    {
      "type": "Feature",
      "properties": {
        "mag": 5.2,
        "place": "227 km NNW of Sabang, Indonesia",
        "time": 1554081838459,
        "updated": 1766426879324,
        "tz": null,
        "url": "https://earthquake.usgs.gov/earthquakes/eventpage/us2000k897",
        "detail": "https://earthquake.usgs.gov/fdsnws/event/1/query?eventid=us2000k897&format=geojson",
        "felt": null,
        "cdi": null,
        "mmi": null,
        "alert": null,
        "status": "reviewed",
        "tsunami": 0,
        "sig": 416,
        "net": "us",
        "code": "2000k897",
        "ids": ",us2000k897,iscgem615409786,",
        "sources": ",us,iscgem,",
        "types": ",moment-tensor,origin,phase-data,",
        "nst": null,
        "dmin": 3.6,
        "rms": 0.95,
        "gap": 32,
        "magType": "mww",
        "type": "earthquake",
        "title": "M 5.2 - 227 km NNW of Sabang, Indonesia"
      },
      "geometry": {
        "type": "Point",
        "coordinates": [
          94.2566,
          7.6564,
          10
        ]
      },
      "id": "us2000k897"
    },
    {
      "type": "Feature",
      "properties": {
        "mag": 5.2,
        "place": "231 km NNW of Sabang, Indonesia",
        "time": 1554081691079,
        "updated": 1766426819383,
        "tz": null,
        "url": "https://earthquake.usgs.gov/earthquakes/eventpage/us2000k896",
        "detail": "https://earthquake.usgs.gov/fdsnws/event/1/query?eventid=us2000k896&format=geojson",
        "felt": null,
        "cdi": null,
        "mmi": null,
        "alert": null,
        "status": "reviewed",
        "tsunami": 0,
        "sig": 416,
        "net": "us",
        "code": "2000k896",
        "ids": ",us2000k896,iscgem615332788,",
        "sources": ",us,iscgem,",
        "types": ",moment-tensor,origin,phase-data,",
        "nst": null,
        "dmin": 3.623,
        "rms": 0.9,
        "gap": 45,
        "magType": "mww",
        "type": "earthquake",
        "title": "M 5.2 - 231 km NNW of Sabang, Indonesia"
      },
      "geometry": {
        "type": "Point",
        "coordinates": [
          94.2614,
          7.6959,
          10
        ]
      },
      "id": "us2000k896"
    },
    {
      "type": "Feature",
      "properties": {
        "mag": 5.1,
        "place": "212 km NNW of Sabang, Indonesia",
        "time": 1554081103111,
        "updated": 1766426878633,
        "tz": null,
        "url": "https://earthquake.usgs.gov/earthquakes/eventpage/us2000k88y",
        "detail": "https://earthquake.usgs.gov/fdsnws/event/1/query?eventid=us2000k88y&format=geojson",
        "felt": null,
        "cdi": null,
        "mmi": null,
        "alert": null,
        "status": "reviewed",
        "tsunami": 0,
        "sig": 400,
        "net": "us",
        "code": "2000k88y",
        "ids": ",iscgem615409780,us2000k88y,",
        "sources": ",iscgem,us,",
        "types": ",origin,phase-data,",
        "nst": null,
        "dmin": 3.459,
        "rms": 0.97,
        "gap": 63,
        "magType": "mb",
        "type": "earthquake",
        "title": "M 5.1 - 212 km NNW of Sabang, Indonesia"
      },
      "geometry": {
        "type": "Point",
        "coordinates": [
          94.3508,
          7.5485,
          10
        ]
      },
      "id": "us2000k88y"
    },
    {
      "type": "Feature",
      "properties": {
        "mag": 5,
        "place": "225 km NNW of Sabang, Indonesia",
        "time": 1554078343450,
        "updated": 1766426817702,
        "tz": null,
        "url": "https://earthquake.usgs.gov/earthquakes/eventpage/us2000k88n",
        "detail": "https://earthquake.usgs.gov/fdsnws/event/1/query?eventid=us2000k88n&format=geojson",
        "felt": 1,
        "cdi": 3.1,
        "mmi": null,
        "alert": null,
        "status": "reviewed",
        "tsunami": 0,
        "sig": 385,
        "net": "us",
        "code": "2000k88n",
        "ids": ",us2000k88n,iscgem615332785,",
        "sources": ",us,iscgem,",
        "types": ",dyfi,origin,phase-data,",
        "nst": null,
        "dmin": 3.568,
        "rms": 0.7,
        "gap": 64,
        "magType": "mb",
        "type": "earthquake",
        "title": "M 5.0 - 225 km NNW of Sabang, Indonesia"
      },
      "geometry": {
        "type": "Point",
        "coordinates": [
          94.3113,
          7.6688,
          10
        ]
      },
      "id": "us2000k88n"
    },
    {
      "type": "Feature",
      "properties": {
        "mag": 5,
        "place": "236 km NNW of Sabang, Indonesia",
        "time": 1554077023547,
        "updated": 1766428081693,
        "tz": null,
        "url": "https://earthquake.usgs.gov/earthquakes/eventpage/us2000k87i",
        "detail": "https://earthquake.usgs.gov/fdsnws/event/1/query?eventid=us2000k87i&format=geojson",
        "felt": null,
        "cdi": null,
        "mmi": null,
        "alert": null,
        "status": "reviewed",
        "tsunami": 0,
        "sig": 385,
        "net": "us",
        "code": "2000k87i",
        "ids": ",us2000k87i,iscgem617417485,",
        "sources": ",us,iscgem,",
        "types": ",moment-tensor,origin,phase-data,",
        "nst": null,
        "dmin": 3.625,
        "rms": 0.79,
        "gap": 26,
        "magType": "mww",
        "type": "earthquake",
        "title": "M 5.0 - 236 km NNW of Sabang, Indonesia"
      },
      "geometry": {
        "type": "Point",
        "coordinates": [
          94.364,
          7.806,
          10
        ]
      },
      "id": "us2000k87i"
    },
    {
      "type": "Feature",
      "properties": {
        "mag": 5,
        "place": "216 km NNW of Sabang, Indonesia",
        "time": 1554076603440,
        "updated": 1560027100040,
        "tz": null,
        "url": "https://earthquake.usgs.gov/earthquakes/eventpage/us2000kcfj",
        "detail": "https://earthquake.usgs.gov/fdsnws/event/1/query?eventid=us2000kcfj&format=geojson",
        "felt": null,
        "cdi": null,
        "mmi": null,
        "alert": null,
        "status": "reviewed",
        "tsunami": 0,
        "sig": 385,
        "net": "us",
        "code": "2000kcfj",
        "ids": ",us2000kcfj,",
        "sources": ",us,",
        "types": ",origin,phase-data,",
        "nst": null,
        "dmin": 3.495,
        "rms": 0.77,
        "gap": 80,
        "magType": "mb",
        "type": "earthquake",
        "title": "M 5.0 - 216 km NNW of Sabang, Indonesia"
      },
      "geometry": {
        "type": "Point",
        "coordinates": [
          94.3296,
          7.5796,
          10
        ]
      },
      "id": "us2000kcfj"
    },
    {
      "type": "Feature",
      "properties": {
        "mag": 5.2,
        "place": "245 km NNW of Sabang, Indonesia",
        "time": 1554076001494,
        "updated": 1766426816352,
        "tz": null,
        "url": "https://earthquake.usgs.gov/earthquakes/eventpage/us2000k87x",
        "detail": "https://earthquake.usgs.gov/fdsnws/event/1/query?eventid=us2000k87x&format=geojson",
        "felt": null,
        "cdi": null,
        "mmi": null,
        "alert": null,
        "status": "reviewed",
        "tsunami": 0,
        "sig": 416,
        "net": "us",
        "code": "2000k87x",
        "ids": ",us2000k87x,iscgem615332755,",
        "sources": ",us,iscgem,",
        "types": ",moment-tensor,origin,phase-data,",
        "nst": null,
        "dmin": 3.728,
        "rms": 0.89,
        "gap": 26,
        "magType": "mww",
        "type": "earthquake",
        "title": "M 5.2 - 245 km NNW of Sabang, Indonesia"
      },
      "geometry": {
        "type": "Point",
        "coordinates": [
          94.2402,
          7.8278,
          10
        ]
      },
      "id": "us2000k87x"
    },
    {
      "type": "Feature",
      "properties": {
        "mag": 5,
        "place": "211 km NNW of Sabang, Indonesia",
        "time": 1554075721540,
        "updated": 1560027100040,
        "tz": null,
        "url": "https://earthquake.usgs.gov/earthquakes/eventpage/us2000kcff",
        "detail": "https://earthquake.usgs.gov/fdsnws/event/1/query?eventid=us2000kcff&format=geojson",
        "felt": null,
        "cdi": null,
        "mmi": null,
        "alert": null,
        "status": "reviewed",
        "tsunami": 0,
        "sig": 385,
        "net": "us",
        "code": "2000kcff",
        "ids": ",us2000kcff,",
        "sources": ",us,",
        "types": ",origin,phase-data,",
        "nst": null,
        "dmin": 3.441,
        "rms": 0.62,
        "gap": 94,
        "magType": "mb",
        "type": "earthquake",
        "title": "M 5.0 - 211 km NNW of Sabang, Indonesia"
      },
      "geometry": {
        "type": "Point",
        "coordinates": [
          94.3894,
          7.5642,
          10
        ]
      },
      "id": "us2000kcff"
    },
    {
      "type": "Feature",
      "properties": {
        "mag": 5.2,
        "place": "268 km ESE of Port Blair, India",
        "time": 1553742493487,
        "updated": 1560027078040,
        "tz": null,
        "url": "https://earthquake.usgs.gov/earthquakes/eventpage/us2000k69x",
        "detail": "https://earthquake.usgs.gov/fdsnws/event/1/query?eventid=us2000k69x&format=geojson",
        "felt": 1,
        "cdi": 2,
        "mmi": null,
        "alert": null,
        "status": "reviewed",
        "tsunami": 0,
        "sig": 416,
        "net": "us",
        "code": "2000k69x",
        "ids": ",us2000k69x,",
        "sources": ",us,",
        "types": ",dyfi,origin,phase-data,",
        "nst": null,
        "dmin": 5.034,
        "rms": 0.88,
        "gap": 35,
        "magType": "mb",
        "type": "earthquake",
        "title": "M 5.2 - 268 km ESE of Port Blair, India"
      },
      "geometry": {
        "type": "Point",
        "coordinates": [
          95.1558,
          11.1534,
          10
        ]
      },
      "id": "us2000k69x"
    },
    {
      "type": "Feature",
      "properties": {
        "mag": 5.2,
        "place": "269 km N of Bamboo Flat, India",
        "time": 1553340567136,
        "updated": 1766426044786,
        "tz": null,
        "url": "https://earthquake.usgs.gov/earthquakes/eventpage/us1000jkn9",
        "detail": "https://earthquake.usgs.gov/fdsnws/event/1/query?eventid=us1000jkn9&format=geojson",
        "felt": null,
        "cdi": null,
        "mmi": null,
        "alert": null,
        "status": "reviewed",
        "tsunami": 0,
        "sig": 416,
        "net": "us",
        "code": "1000jkn9",
        "ids": ",us1000jkn9,iscgem615301128,",
        "sources": ",us,iscgem,",
        "types": ",moment-tensor,origin,phase-data,",
        "nst": null,
        "dmin": 5.899,
        "rms": 0.63,
        "gap": 56,
        "magType": "mww",
        "type": "earthquake",
        "title": "M 5.2 - 269 km N of Bamboo Flat, India"
      },
      "geometry": {
        "type": "Point",
        "coordinates": [
          93.0433,
          14.1145,
          10
        ]
      },
      "id": "us1000jkn9"
    },
    {
      "type": "Feature",
      "properties": {
        "mag": 5,
        "place": "189 km NNW of Sabang, Indonesia",
        "time": 1551312052290,
        "updated": 1557858971040,
        "tz": null,
        "url": "https://earthquake.usgs.gov/earthquakes/eventpage/us1000j8e4",
        "detail": "https://earthquake.usgs.gov/fdsnws/event/1/query?eventid=us1000j8e4&format=geojson",
        "felt": null,
        "cdi": null,
        "mmi": null,
        "alert": null,
        "status": "reviewed",
        "tsunami": 0,
        "sig": 385,
        "net": "us",
        "code": "1000j8e4",
        "ids": ",us1000j8e4,",
        "sources": ",us,",
        "types": ",origin,phase-data,",
        "nst": null,
        "dmin": 3.294,
        "rms": 0.71,
        "gap": 83,
        "magType": "mb",
        "type": "earthquake",
        "title": "M 5.0 - 189 km NNW of Sabang, Indonesia"
      },
      "geometry": {
        "type": "Point",
        "coordinates": [
          94.3711,
          7.3155,
          108.23
        ]
      },
      "id": "us1000j8e4"
    },
    {
      "type": "Feature",
      "properties": {
        "mag": 5,
        "place": "68 km SSE of Tezu, India",
        "time": 1549768925370,
        "updated": 1766426591879,
        "tz": null,
        "url": "https://earthquake.usgs.gov/earthquakes/eventpage/us2000jfur",
        "detail": "https://earthquake.usgs.gov/fdsnws/event/1/query?eventid=us2000jfur&format=geojson",
        "felt": 4,
        "cdi": 2.1,
        "mmi": null,
        "alert": null,
        "status": "reviewed",
        "tsunami": 0,
        "sig": 385,
        "net": "us",
        "code": "2000jfur",
        "ids": ",us2000jfur,iscgem614620206,",
        "sources": ",us,iscgem,",
        "types": ",dyfi,moment-tensor,origin,phase-data,",
        "nst": null,
        "dmin": 3.608,
        "rms": 1.25,
        "gap": 35,
        "magType": "mww",
        "type": "earthquake",
        "title": "M 5.0 - 68 km SSE of Tezu, India"
      },
      "geometry": {
        "type": "Point",
        "coordinates": [
          96.3645,
          27.3345,
          10
        ]
      },
      "id": "us2000jfur"
    },
    {
      "type": "Feature",
      "properties": {
        "mag": 5.2,
        "place": "87 km NNW of Bandipura, India",
        "time": 1549385226750,
        "updated": 1766426565781,
        "tz": null,
        "url": "https://earthquake.usgs.gov/earthquakes/eventpage/us2000jdp4",
        "detail": "https://earthquake.usgs.gov/fdsnws/event/1/query?eventid=us2000jdp4&format=geojson",
        "felt": 81,
        "cdi": 4.6,
        "mmi": null,
        "alert": null,
        "status": "reviewed",
        "tsunami": 0,
        "sig": 453,
        "net": "us",
        "code": "2000jdp4",
        "ids": ",us2000jdp4,iscgem614613022,",
        "sources": ",us,iscgem,",
        "types": ",dyfi,moment-tensor,origin,phase-data,",
        "nst": null,
        "dmin": 1.629,
        "rms": 0.85,
        "gap": 19,
        "magType": "mww",
        "type": "earthquake",
        "title": "M 5.2 - 87 km NNW of Bandipura, India"
      },
      "geometry": {
        "type": "Point",
        "coordinates": [
          74.1694,
          35.103,
          20.67
        ]
      },
      "id": "us2000jdp4"
    },
    {
      "type": "Feature",
      "properties": {
        "mag": 5.6,
        "place": "46 km SSW of Jurm, Afghanistan",
        "time": 1549109074470,
        "updated": 1766426557791,
        "tz": null,
        "url": "https://earthquake.usgs.gov/earthquakes/eventpage/us2000jcds",
        "detail": "https://earthquake.usgs.gov/fdsnws/event/1/query?eventid=us2000jcds&format=geojson",
        "felt": 62,
        "cdi": 4.1,
        "mmi": 1.55,
        "alert": "green",
        "status": "reviewed",
        "tsunami": 0,
        "sig": 508,
        "net": "us",
        "code": "2000jcds",
        "ids": ",us2000jcds,iscgem614610388,",
        "sources": ",us,iscgem,",
        "types": ",dyfi,losspager,moment-tensor,origin,phase-data,shakemap,",
        "nst": null,
        "dmin": 1.312,
        "rms": 0.74,
        "gap": 20,
        "magType": "mww",
        "type": "earthquake",
        "title": "M 5.6 - 46 km SSW of Jurm, Afghanistan"
      },
      "geometry": {
        "type": "Point",
        "coordinates": [
          70.7006,
          36.4642,
          211.72
        ]
      },
      "id": "us2000jcds"
    },
    {
      "type": "Feature",
      "properties": {
        "mag": 5.2,
        "place": "175 km NW of Rikaze, China",
        "time": 1547994510290,
        "updated": 1766426015935,
        "tz": null,
        "url": "https://earthquake.usgs.gov/earthquakes/eventpage/us2000j6mf",
        "detail": "https://earthquake.usgs.gov/fdsnws/event/1/query?eventid=us2000j6mf&format=geojson",
        "felt": null,
        "cdi": null,
        "mmi": null,
        "alert": null,
        "status": "reviewed",
        "tsunami": 0,
        "sig": 416,
        "net": "us",
        "code": "2000j6mf",
        "ids": ",iscgem614576795,us2000j6mf,",
        "sources": ",iscgem,us,",
        "types": ",origin,phase-data,",
        "nst": null,
        "dmin": 6.09,
        "rms": 0.67,
        "gap": 37,
        "magType": "mb",
        "type": "earthquake",
        "title": "M 5.2 - 175 km NW of Rikaze, China"
      },
      "geometry": {
        "type": "Point",
        "coordinates": [
          87.6229,
          30.3908,
          9.85
        ]
      },
      "id": "us2000j6mf"
    },
    {
      "type": "Feature",
      "properties": {
        "mag": 5.4,
        "place": "197 km NNW of Sabang, Indonesia",
        "time": 1547693586400,
        "updated": 1766426576585,
        "tz": null,
        "url": "https://earthquake.usgs.gov/earthquakes/eventpage/us2000j4uw",
        "detail": "https://earthquake.usgs.gov/fdsnws/event/1/query?eventid=us2000j4uw&format=geojson",
        "felt": null,
        "cdi": null,
        "mmi": 0,
        "alert": "green",
        "status": "reviewed",
        "tsunami": 0,
        "sig": 449,
        "net": "us",
        "code": "2000j4uw",
        "ids": ",us2000j4uw,iscgem614617814,",
        "sources": ",us,iscgem,",
        "types": ",losspager,moment-tensor,origin,phase-data,shakemap,",
        "nst": null,
        "dmin": 3.348,
        "rms": 0.91,
        "gap": 25,
        "magType": "mww",
        "type": "earthquake",
        "title": "M 5.4 - 197 km NNW of Sabang, Indonesia"
      },
      "geometry": {
        "type": "Point",
        "coordinates": [
          94.3739,
          7.4036,
          88
        ]
      },
      "id": "us2000j4uw"
    },
    {
      "type": "Feature",
      "properties": {
        "mag": 5,
        "place": "32 km SSE of Mawlaik, Myanmar",
        "time": 1545870950380,
        "updated": 1551807995040,
        "tz": null,
        "url": "https://earthquake.usgs.gov/earthquakes/eventpage/us2000ixwx",
        "detail": "https://earthquake.usgs.gov/fdsnws/event/1/query?eventid=us2000ixwx&format=geojson",
        "felt": null,
        "cdi": null,
        "mmi": null,
        "alert": null,
        "status": "reviewed",
        "tsunami": 0,
        "sig": 385,
        "net": "us",
        "code": "2000ixwx",
        "ids": ",us2000ixwx,",
        "sources": ",us,",
        "types": ",origin,phase-data,",
        "nst": null,
        "dmin": 0.873,
        "rms": 0.71,
        "gap": 42,
        "magType": "mb",
        "type": "earthquake",
        "title": "M 5.0 - 32 km SSE of Mawlaik, Myanmar"
      },
      "geometry": {
        "type": "Point",
        "coordinates": [
          94.5614,
          23.3862,
          90.96
        ]
      },
      "id": "us2000ixwx"
    },
    {
      "type": "Feature",
      "properties": {
        "mag": 5,
        "place": "197 km NE of Saga, China",
        "time": 1545593720200,
        "updated": 1550953415040,
        "tz": null,
        "url": "https://earthquake.usgs.gov/earthquakes/eventpage/us2000j2xb",
        "detail": "https://earthquake.usgs.gov/fdsnws/event/1/query?eventid=us2000j2xb&format=geojson",
        "felt": null,
        "cdi": null,
        "mmi": null,
        "alert": null,
        "status": "reviewed",
        "tsunami": 0,
        "sig": 385,
        "net": "us",
        "code": "2000j2xb",
        "ids": ",us2000j2xb,",
        "sources": ",us,",
        "types": ",origin,phase-data,",
        "nst": null,
        "dmin": 2.501,
        "rms": 1.44,
        "gap": 110,
        "magType": "mb",
        "type": "earthquake",
        "title": "M 5.0 - 197 km NE of Saga, China"
      },
      "geometry": {
        "type": "Point",
        "coordinates": [
          86.7946,
          30.4684,
          10
        ]
      },
      "id": "us2000j2xb"
    },
    {
      "type": "Feature",
      "properties": {
        "mag": 5.8,
        "place": "177 km NW of Rikaze, China",
        "time": 1545593542060,
        "updated": 1651606946122,
        "tz": null,
        "url": "https://earthquake.usgs.gov/earthquakes/eventpage/us2000iws8",
        "detail": "https://earthquake.usgs.gov/fdsnws/event/1/query?eventid=us2000iws8&format=geojson",
        "felt": null,
        "cdi": null,
        "mmi": 6.821,
        "alert": "green",
        "status": "reviewed",
        "tsunami": 0,
        "sig": 518,
        "net": "us",
        "code": "2000iws8",
        "ids": ",us2000iws8,iscgem614460381,",
        "sources": ",us,iscgem,",
        "types": ",losspager,moment-tensor,origin,phase-data,shakemap,",
        "nst": null,
        "dmin": 2.54,
        "rms": 1.18,
        "gap": 32,
        "magType": "mww",
        "type": "earthquake",
        "title": "M 5.8 - 177 km NW of Rikaze, China"
      },
      "geometry": {
        "type": "Point",
        "coordinates": [
          87.62,
          30.4079,
          10
        ]
      },
      "id": "us2000iws8"
    },
    {
      "type": "Feature",
      "properties": {
        "mag": 5.4,
        "place": "103 km SSE of Hayuliang, India",
        "time": 1543400226970,
        "updated": 1659953958314,
        "tz": null,
        "url": "https://earthquake.usgs.gov/earthquakes/eventpage/us1000hxdh",
        "detail": "https://earthquake.usgs.gov/fdsnws/event/1/query?eventid=us1000hxdh&format=geojson",
        "felt": 3,
        "cdi": 2,
        "mmi": 6.514,
        "alert": "green",
        "status": "reviewed",
        "tsunami": 0,
        "sig": 449,
        "net": "us",
        "code": "1000hxdh",
        "ids": ",us1000hxdh,iscgem616643610,",
        "sources": ",us,iscgem,",
        "types": ",dyfi,losspager,moment-tensor,origin,phase-data,shakemap,",
        "nst": null,
        "dmin": 3.783,
        "rms": 0.83,
        "gap": 18,
        "magType": "mww",
        "type": "earthquake",
        "title": "M 5.4 - 103 km SSE of Hayuliang, India"
      },
      "geometry": {
        "type": "Point",
        "coordinates": [
          96.9185,
          27.1986,
          11
        ]
      },
      "id": "us1000hxdh"
    },
    {
      "type": "Feature",
      "properties": {
        "mag": 5.2,
        "place": "245 km W of Sabang, Indonesia",
        "time": 1542256284890,
        "updated": 1548873384040,
        "tz": null,
        "url": "https://earthquake.usgs.gov/earthquakes/eventpage/us1000hs1b",
        "detail": "https://earthquake.usgs.gov/fdsnws/event/1/query?eventid=us1000hs1b&format=geojson",
        "felt": null,
        "cdi": null,
        "mmi": null,
        "alert": null,
        "status": "reviewed",
        "tsunami": 0,
        "sig": 416,
        "net": "us",
        "code": "1000hs1b",
        "ids": ",us1000hs1b,",
        "sources": ",us,",
        "types": ",origin,phase-data,",
        "nst": null,
        "dmin": 3.927,
        "rms": 0.5,
        "gap": 174,
        "magType": "mb",
        "type": "earthquake",
        "title": "M 5.2 - 245 km W of Sabang, Indonesia"
      },
      "geometry": {
        "type": "Point",
        "coordinates": [
          93.1185,
          6.19,
          23.21
        ]
      },
      "id": "us1000hs1b"
    },
    {
      "type": "Feature",
      "properties": {
        "mag": 5.2,
        "place": "47 km E of Darlawn, India",
        "time": 1541870146730,
        "updated": 1651606724891,
        "tz": null,
        "url": "https://earthquake.usgs.gov/earthquakes/eventpage/us1000hqbh",
        "detail": "https://earthquake.usgs.gov/fdsnws/event/1/query?eventid=us1000hqbh&format=geojson",
        "felt": 75,
        "cdi": 4.2,
        "mmi": null,
        "alert": null,
        "status": "reviewed",
        "tsunami": 0,
        "sig": 448,
        "net": "us",
        "code": "1000hqbh",
        "ids": ",us1000hqbh,iscgem614172744,",
        "sources": ",us,iscgem,",
        "types": ",dyfi,origin,phase-data,",
        "nst": null,
        "dmin": 0.868,
        "rms": 0.7,
        "gap": 60,
        "magType": "mww",
        "type": "earthquake",
        "title": "M 5.2 - 47 km E of Darlawn, India"
      },
      "geometry": {
        "type": "Point",
        "coordinates": [
          93.3925,
          23.9724,
          52.39
        ]
      },
      "id": "us1000hqbh"
    },
    {
      "type": "Feature",
      "properties": {
        "mag": 5,
        "place": "179 km NW of Rikaze, China",
        "time": 1541027341530,
        "updated": 1548080981040,
        "tz": null,
        "url": "https://earthquake.usgs.gov/earthquakes/eventpage/us2000i4zp",
        "detail": "https://earthquake.usgs.gov/fdsnws/event/1/query?eventid=us2000i4zp&format=geojson",
        "felt": null,
        "cdi": null,
        "mmi": null,
        "alert": null,
        "status": "reviewed",
        "tsunami": 0,
        "sig": 385,
        "net": "us",
        "code": "2000i4zp",
        "ids": ",us2000i4zp,",
        "sources": ",us,",
        "types": ",origin,phase-data,",
        "nst": null,
        "dmin": 3.23,
        "rms": 0.93,
        "gap": 63,
        "magType": "mb",
        "type": "earthquake",
        "title": "M 5.0 - 179 km NW of Rikaze, China"
      },
      "geometry": {
        "type": "Point",
        "coordinates": [
          87.4647,
          30.2891,
          10
        ]
      },
      "id": "us2000i4zp"
    },
    {
      "type": "Feature",
      "properties": {
        "mag": 5.1,
        "place": "46 km ENE of Pyay, Myanmar",
        "time": 1539167284560,
        "updated": 1651606489245,
        "tz": null,
        "url": "https://earthquake.usgs.gov/earthquakes/eventpage/us1000h9ws",
        "detail": "https://earthquake.usgs.gov/fdsnws/event/1/query?eventid=us1000h9ws&format=geojson",
        "felt": null,
        "cdi": null,
        "mmi": null,
        "alert": null,
        "status": "reviewed",
        "tsunami": 0,
        "sig": 400,
        "net": "us",
        "code": "1000h9ws",
        "ids": ",iscgem613407652,us1000h9ws,",
        "sources": ",iscgem,us,",
        "types": ",origin,phase-data,",
        "nst": null,
        "dmin": 2.186,
        "rms": 0.76,
        "gap": 63,
        "magType": "mb",
        "type": "earthquake",
        "title": "M 5.1 - 46 km ENE of Pyay, Myanmar"
      },
      "geometry": {
        "type": "Point",
        "coordinates": [
          95.6084,
          19.0329,
          10
        ]
      },
      "id": "us1000h9ws"
    },
    {
      "type": "Feature",
      "properties": {
        "mag": 5.1,
        "place": "143 km NNW of Bamboo Flat, India",
        "time": 1538400284800,
        "updated": 1544819558040,
        "tz": null,
        "url": "https://earthquake.usgs.gov/earthquakes/eventpage/us1000h4z5",
        "detail": "https://earthquake.usgs.gov/fdsnws/event/1/query?eventid=us1000h4z5&format=geojson",
        "felt": null,
        "cdi": null,
        "mmi": null,
        "alert": null,
        "status": "reviewed",
        "tsunami": 0,
        "sig": 400,
        "net": "us",
        "code": "1000h4z5",
        "ids": ",us1000h4z5,",
        "sources": ",us,",
        "types": ",origin,phase-data,",
        "nst": null,
        "dmin": 1.337,
        "rms": 0.88,
        "gap": 77,
        "magType": "mb",
        "type": "earthquake",
        "title": "M 5.1 - 143 km NNW of Bamboo Flat, India"
      },
      "geometry": {
        "type": "Point",
        "coordinates": [
          92.2347,
          12.9046,
          25.65
        ]
      },
      "id": "us1000h4z5"
    },
    {
      "type": "Feature",
      "properties": {
        "mag": 5,
        "place": "286 km E of Leh, India",
        "time": 1538082799900,
        "updated": 1651606320059,
        "tz": null,
        "url": "https://earthquake.usgs.gov/earthquakes/eventpage/us1000h3gn",
        "detail": "https://earthquake.usgs.gov/fdsnws/event/1/query?eventid=us1000h3gn&format=geojson",
        "felt": null,
        "cdi": null,
        "mmi": null,
        "alert": null,
        "status": "reviewed",
        "tsunami": 0,
        "sig": 385,
        "net": "us",
        "code": "1000h3gn",
        "ids": ",us1000h3gn,iscgem612757169,",
        "sources": ",us,iscgem,",
        "types": ",moment-tensor,origin,phase-data,",
        "nst": null,
        "dmin": 6.194,
        "rms": 0.66,
        "gap": 29,
        "magType": "mww",
        "type": "earthquake",
        "title": "M 5.0 - 286 km E of Leh, India"
      },
      "geometry": {
        "type": "Point",
        "coordinates": [
          80.6903,
          34.2169,
          10
        ]
      },
      "id": "us1000h3gn"
    },
    {
      "type": "Feature",
      "properties": {
        "mag": 5.1,
        "place": "180 km NW of Sabang, Indonesia",
        "time": 1536911484640,
        "updated": 1766425844628,
        "tz": null,
        "url": "https://earthquake.usgs.gov/earthquakes/eventpage/us2000heil",
        "detail": "https://earthquake.usgs.gov/fdsnws/event/1/query?eventid=us2000heil&format=geojson",
        "felt": 2,
        "cdi": 6.2,
        "mmi": null,
        "alert": null,
        "status": "reviewed",
        "tsunami": 0,
        "sig": 401,
        "net": "us",
        "code": "2000heil",
        "ids": ",us2000heil,iscgem612715245,",
        "sources": ",us,iscgem,",
        "types": ",dyfi,moment-tensor,origin,phase-data,",
        "nst": null,
        "dmin": 3.299,
        "rms": 0.73,
        "gap": 57,
        "magType": "mww",
        "type": "earthquake",
        "title": "M 5.1 - 180 km NW of Sabang, Indonesia"
      },
      "geometry": {
        "type": "Point",
        "coordinates": [
          94.1798,
          7.0619,
          75.76
        ]
      },
      "id": "us2000heil"
    },
    {
      "type": "Feature",
      "properties": {
        "mag": 5.3,
        "place": "5 km NE of Sapatgr?m, India",
        "time": 1536727846570,
        "updated": 1651606195826,
        "tz": null,
        "url": "https://earthquake.usgs.gov/earthquakes/eventpage/us2000hd8v",
        "detail": "https://earthquake.usgs.gov/fdsnws/event/1/query?eventid=us2000hd8v&format=geojson",
        "felt": 142,
        "cdi": 6,
        "mmi": 5.735,
        "alert": "green",
        "status": "reviewed",
        "tsunami": 0,
        "sig": 517,
        "net": "us",
        "code": "2000hd8v",
        "ids": ",us2000hd8v,iscgem612710914,",
        "sources": ",us,iscgem,",
        "types": ",dyfi,ground-failure,impact-text,losspager,moment-tensor,origin,phase-data,shakemap,",
        "nst": null,
        "dmin": 1.723,
        "rms": 0.64,
        "gap": 18,
        "magType": "mww",
        "type": "earthquake",
        "title": "M 5.3 - 5 km NE of Sapatgr?m, India"
      },
      "geometry": {
        "type": "Point",
        "coordinates": [
          90.1611,
          26.3711,
          10
        ]
      },
      "id": "us2000hd8v"
    },
    {
      "type": "Feature",
      "properties": {
        "mag": 5.5,
        "place": "168 km SW of Port Blair, India",
        "time": 1535107767510,
        "updated": 1659943570819,
        "tz": null,
        "url": "https://earthquake.usgs.gov/earthquakes/eventpage/us1000ggp5",
        "detail": "https://earthquake.usgs.gov/fdsnws/event/1/query?eventid=us1000ggp5&format=geojson",
        "felt": 2,
        "cdi": 3.8,
        "mmi": 3.62,
        "alert": "green",
        "status": "reviewed",
        "tsunami": 0,
        "sig": 466,
        "net": "us",
        "code": "1000ggp5",
        "ids": ",us1000ggp5,iscgem612637312,",
        "sources": ",us,iscgem,",
        "types": ",dyfi,ground-failure,losspager,origin,phase-data,shakemap,",
        "nst": null,
        "dmin": 1.501,
        "rms": 0.95,
        "gap": 29,
        "magType": "mb",
        "type": "earthquake",
        "title": "M 5.5 - 168 km SW of Port Blair, India"
      },
      "geometry": {
        "type": "Point",
        "coordinates": [
          91.7115,
          10.5407,
          10
        ]
      },
      "id": "us1000ggp5"
    },
    {
      "type": "Feature",
      "properties": {
        "mag": 5,
        "place": "Nicobar Islands, India region",
        "time": 1533530150040,
        "updated": 1766428113136,
        "tz": null,
        "url": "https://earthquake.usgs.gov/earthquakes/eventpage/us1000g3zs",
        "detail": "https://earthquake.usgs.gov/fdsnws/event/1/query?eventid=us1000g3zs&format=geojson",
        "felt": 1,
        "cdi": 2,
        "mmi": null,
        "alert": null,
        "status": "reviewed",
        "tsunami": 0,
        "sig": 385,
        "net": "us",
        "code": "1000g3zs",
        "ids": ",us1000g3zs,iscgem617455494,",
        "sources": ",us,iscgem,",
        "types": ",dyfi,origin,phase-data,",
        "nst": null,
        "dmin": 4.319,
        "rms": 0.69,
        "gap": 127,
        "magType": "mb",
        "type": "earthquake",
        "title": "M 5.0 - Nicobar Islands, India region"
      },
      "geometry": {
        "type": "Point",
        "coordinates": [
          91.7686,
          7.4174,
          26.49
        ]
      },
      "id": "us1000g3zs"
    },
    {
      "type": "Feature",
      "properties": {
        "mag": 5.1,
        "place": "249 km SSE of Hotan, China",
        "time": 1533355450210,
        "updated": 1651605943319,
        "tz": null,
        "url": "https://earthquake.usgs.gov/earthquakes/eventpage/us1000g38h",
        "detail": "https://earthquake.usgs.gov/fdsnws/event/1/query?eventid=us1000g38h&format=geojson",
        "felt": null,
        "cdi": null,
        "mmi": null,
        "alert": null,
        "status": "reviewed",
        "tsunami": 0,
        "sig": 400,
        "net": "us",
        "code": "1000g38h",
        "ids": ",iscgem612451593,us1000g38h,",
        "sources": ",iscgem,us,",
        "types": ",origin,phase-data,",
        "nst": null,
        "dmin": 6.574,
        "rms": 0.65,
        "gap": 83,
        "magType": "mb",
        "type": "earthquake",
        "title": "M 5.1 - 249 km SSE of Hotan, China"
      },
      "geometry": {
        "type": "Point",
        "coordinates": [
          81.0371,
          35.0467,
          10
        ]
      },
      "id": "us1000g38h"
    },
    {
      "type": "Feature",
      "properties": {
        "mag": 5.2,
        "place": "Southern Qinghai, China",
        "time": 1533260062350,
        "updated": 1651605930792,
        "tz": null,
        "url": "https://earthquake.usgs.gov/earthquakes/eventpage/us1000g2c1",
        "detail": "https://earthquake.usgs.gov/fdsnws/event/1/query?eventid=us1000g2c1&format=geojson",
        "felt": null,
        "cdi": null,
        "mmi": null,
        "alert": null,
        "status": "reviewed",
        "tsunami": 0,
        "sig": 416,
        "net": "us",
        "code": "1000g2c1",
        "ids": ",us1000g2c1,iscgem612426742,",
        "sources": ",us,iscgem,",
        "types": ",moment-tensor,origin,phase-data,",
        "nst": null,
        "dmin": 5.289,
        "rms": 0.84,
        "gap": 28,
        "magType": "mww",
        "type": "earthquake",
        "title": "M 5.2 - Southern Qinghai, China"
      },
      "geometry": {
        "type": "Point",
        "coordinates": [
          92.1552,
          34.9356,
          18.74
        ]
      },
      "id": "us1000g2c1"
    },
    {
      "type": "Feature",
      "properties": {
        "mag": 5.2,
        "place": "173 km NW of Rikaze, China",
        "time": 1533138383750,
        "updated": 1651606029892,
        "tz": null,
        "url": "https://earthquake.usgs.gov/earthquakes/eventpage/us2000gj0i",
        "detail": "https://earthquake.usgs.gov/fdsnws/event/1/query?eventid=us2000gj0i&format=geojson",
        "felt": null,
        "cdi": null,
        "mmi": null,
        "alert": null,
        "status": "reviewed",
        "tsunami": 0,
        "sig": 416,
        "net": "us",
        "code": "2000gj0i",
        "ids": ",us2000gj0i,iscgem612518624,",
        "sources": ",us,iscgem,",
        "types": ",moment-tensor,origin,phase-data,",
        "nst": null,
        "dmin": 2.48,
        "rms": 0.92,
        "gap": 45,
        "magType": "mww",
        "type": "earthquake",
        "title": "M 5.2 - 173 km NW of Rikaze, China"
      },
      "geometry": {
        "type": "Point",
        "coordinates": [
          87.6027,
          30.3493,
          10
        ]
      },
      "id": "us2000gj0i"
    },
    {
      "type": "Feature",
      "properties": {
        "mag": 5.1,
        "place": "192 km WNW of Dawei, Myanmar",
        "time": 1530736491770,
        "updated": 1766425636186,
        "tz": null,
        "url": "https://earthquake.usgs.gov/earthquakes/eventpage/us2000fx4h",
        "detail": "https://earthquake.usgs.gov/fdsnws/event/1/query?eventid=us2000fx4h&format=geojson",
        "felt": null,
        "cdi": null,
        "mmi": null,
        "alert": null,
        "status": "reviewed",
        "tsunami": 0,
        "sig": 400,
        "net": "us",
        "code": "2000fx4h",
        "ids": ",us2000fx4h,iscgem612264397,",
        "sources": ",us,iscgem,",
        "types": ",moment-tensor,origin,phase-data,",
        "nst": null,
        "dmin": 2.574,
        "rms": 0.97,
        "gap": 23,
        "magType": "mww",
        "type": "earthquake",
        "title": "M 5.1 - 192 km WNW of Dawei, Myanmar"
      },
      "geometry": {
        "type": "Point",
        "coordinates": [
          96.4672,
          14.5358,
          8.36
        ]
      },
      "id": "us2000fx4h"
    },
    {
      "type": "Feature",
      "properties": {
        "mag": 5.1,
        "place": "41 km W of Dera Ghazi Khan, Pakistan",
        "time": 1529245288910,
        "updated": 1659934423408,
        "tz": null,
        "url": "https://earthquake.usgs.gov/earthquakes/eventpage/us1000etwv",
        "detail": "https://earthquake.usgs.gov/fdsnws/event/1/query?eventid=us1000etwv&format=geojson",
        "felt": 11,
        "cdi": 4.6,
        "mmi": null,
        "alert": null,
        "status": "reviewed",
        "tsunami": 0,
        "sig": 405,
        "net": "us",
        "code": "1000etwv",
        "ids": ",us1000etwv,iscgem612142154,",
        "sources": ",us,iscgem,",
        "types": ",dyfi,moment-tensor,origin,phase-data,",
        "nst": null,
        "dmin": 4.411,
        "rms": 0.99,
        "gap": 114,
        "magType": "mww",
        "type": "earthquake",
        "title": "M 5.1 - 41 km W of Dera Ghazi Khan, Pakistan"
      },
      "geometry": {
        "type": "Point",
        "coordinates": [
          70.2093,
          30.0772,
          10
        ]
      },
      "id": "us1000etwv"
    },
    {
      "type": "Feature",
      "properties": {
        "mag": 5,
        "place": "45 km WSW of Pyu, Myanmar",
        "time": 1529241690230,
        "updated": 1651605556829,
        "tz": null,
        "url": "https://earthquake.usgs.gov/earthquakes/eventpage/us1000etva",
        "detail": "https://earthquake.usgs.gov/fdsnws/event/1/query?eventid=us1000etva&format=geojson",
        "felt": 7,
        "cdi": 3.1,
        "mmi": null,
        "alert": null,
        "status": "reviewed",
        "tsunami": 0,
        "sig": 387,
        "net": "us",
        "code": "1000etva",
        "ids": ",us1000etva,iscgem612142163,",
        "sources": ",us,iscgem,",
        "types": ",dyfi,moment-tensor,origin,phase-data,",
        "nst": null,
        "dmin": 2.641,
        "rms": 0.45,
        "gap": 62,
        "magType": "mww",
        "type": "earthquake",
        "title": "M 5.0 - 45 km WSW of Pyu, Myanmar"
      },
      "geometry": {
        "type": "Point",
        "coordinates": [
          96.0703,
          18.2751,
          10
        ]
      },
      "id": "us1000etva"
    },
    {
      "type": "Feature",
      "properties": {
        "mag": 5,
        "place": "170 km SSW of Zangguy, China",
        "time": 1528308952060,
        "updated": 1659932943901,
        "tz": null,
        "url": "https://earthquake.usgs.gov/earthquakes/eventpage/us1000ejuj",
        "detail": "https://earthquake.usgs.gov/fdsnws/event/1/query?eventid=us1000ejuj&format=geojson",
        "felt": 1,
        "cdi": 3.1,
        "mmi": null,
        "alert": null,
        "status": "reviewed",
        "tsunami": 0,
        "sig": 385,
        "net": "us",
        "code": "1000ejuj",
        "ids": ",us1000ejuj,iscgem612025539,",
        "sources": ",us,iscgem,",
        "types": ",dyfi,origin,phase-data,",
        "nst": null,
        "dmin": 4.695,
        "rms": 0.63,
        "gap": 48,
        "magType": "mww",
        "type": "earthquake",
        "title": "M 5.0 - 170 km SSW of Zangguy, China"
      },
      "geometry": {
        "type": "Point",
        "coordinates": [
          78.3493,
          35.7873,
          23.01
        ]
      },
      "id": "us1000ejuj"
    },
    {
      "type": "Feature",
      "properties": {
        "mag": 5.2,
        "place": "248 km SSE of Port Blair, India",
        "time": 1527472800470,
        "updated": 1535473647040,
        "tz": null,
        "url": "https://earthquake.usgs.gov/earthquakes/eventpage/us1000ed54",
        "detail": "https://earthquake.usgs.gov/fdsnws/event/1/query?eventid=us1000ed54&format=geojson",
        "felt": null,
        "cdi": null,
        "mmi": null,
        "alert": null,
        "status": "reviewed",
        "tsunami": 0,
        "sig": 416,
        "net": "us",
        "code": "1000ed54",
        "ids": ",us1000ed54,",
        "sources": ",us,",
        "types": ",origin,phase-data,",
        "nst": null,
        "dmin": 2.224,
        "rms": 0.98,
        "gap": 39,
        "magType": "mb",
        "type": "earthquake",
        "title": "M 5.2 - 248 km SSE of Port Blair, India"
      },
      "geometry": {
        "type": "Point",
        "coordinates": [
          93.4269,
          9.5212,
          88.88
        ]
      },
      "id": "us1000ed54"
    },
    {
      "type": "Feature",
      "properties": {
        "mag": 5,
        "place": "263 km NW of Sabang, Indonesia",
        "time": 1526237167260,
        "updated": 1533741702040,
        "tz": null,
        "url": "https://earthquake.usgs.gov/earthquakes/eventpage/us1000e47e",
        "detail": "https://earthquake.usgs.gov/fdsnws/event/1/query?eventid=us1000e47e&format=geojson",
        "felt": null,
        "cdi": null,
        "mmi": null,
        "alert": null,
        "status": "reviewed",
        "tsunami": 0,
        "sig": 385,
        "net": "us",
        "code": "1000e47e",
        "ids": ",us1000e47e,",
        "sources": ",us,",
        "types": ",origin,phase-data,",
        "nst": null,
        "dmin": 4.168,
        "rms": 1.08,
        "gap": 101,
        "magType": "mb",
        "type": "earthquake",
        "title": "M 5.0 - 263 km NW of Sabang, Indonesia"
      },
      "geometry": {
        "type": "Point",
        "coordinates": [
          93.6093,
          7.5491,
          71.38
        ]
      },
      "id": "us1000e47e"
    },
    {
      "type": "Feature",
      "properties": {
        "mag": 5.1,
        "place": "262 km NW of Sabang, Indonesia",
        "time": 1526235656980,
        "updated": 1766426824820,
        "tz": null,
        "url": "https://earthquake.usgs.gov/earthquakes/eventpage/us1000e475",
        "detail": "https://earthquake.usgs.gov/fdsnws/event/1/query?eventid=us1000e475&format=geojson",
        "felt": null,
        "cdi": null,
        "mmi": null,
        "alert": null,
        "status": "reviewed",
        "tsunami": 0,
        "sig": 400,
        "net": "us",
        "code": "1000e475",
        "ids": ",us1000e475,iscgem615353777,",
        "sources": ",us,iscgem,",
        "types": ",moment-tensor,origin,phase-data,",
        "nst": null,
        "dmin": 4.175,
        "rms": 1.13,
        "gap": 55,
        "magType": "mww",
        "type": "earthquake",
        "title": "M 5.1 - 262 km NW of Sabang, Indonesia"
      },
      "geometry": {
        "type": "Point",
        "coordinates": [
          93.6163,
          7.5435,
          45.23
        ]
      },
      "id": "us1000e475"
    },
    {
      "type": "Feature",
      "properties": {
        "mag": 5,
        "place": "38 km SSE of Jurm, Afghanistan",
        "time": 1525961316740,
        "updated": 1766425615099,
        "tz": null,
        "url": "https://earthquake.usgs.gov/earthquakes/eventpage/us1000e205",
        "detail": "https://earthquake.usgs.gov/fdsnws/event/1/query?eventid=us1000e205&format=geojson",
        "felt": 17,
        "cdi": 3.4,
        "mmi": null,
        "alert": null,
        "status": "reviewed",
        "tsunami": 0,
        "sig": 390,
        "net": "us",
        "code": "1000e205",
        "ids": ",us1000e205,iscgem611933061,",
        "sources": ",us,iscgem,",
        "types": ",dyfi,moment-tensor,origin,phase-data,",
        "nst": null,
        "dmin": 0.681,
        "rms": 1.03,
        "gap": 20,
        "magType": "mww",
        "type": "earthquake",
        "title": "M 5.0 - 38 km SSE of Jurm, Afghanistan"
      },
      "geometry": {
        "type": "Point",
        "coordinates": [
          71.0575,
          36.5631,
          199.4
        ]
      },
      "id": "us1000e205"
    },
    {
      "type": "Feature",
      "properties": {
        "mag": 6.2,
        "place": "36 km NW of Ishqoshim, Tajikistan",
        "time": 1525862505910,
        "updated": 1659928687452,
        "tz": null,
        "url": "https://earthquake.usgs.gov/earthquakes/eventpage/us1000e19e",
        "detail": "https://earthquake.usgs.gov/fdsnws/event/1/query?eventid=us1000e19e&format=geojson",
        "felt": 189,
        "cdi": 5,
        "mmi": 4.288,
        "alert": "green",
        "status": "reviewed",
        "tsunami": 0,
        "sig": 686,
        "net": "us",
        "code": "1000e19e",
        "ids": ",us1000e19e,iscgem611932171,",
        "sources": ",us,iscgem,",
        "types": ",dyfi,impact-text,losspager,moment-tensor,origin,phase-data,shakemap,",
        "nst": null,
        "dmin": 0.578,
        "rms": 1.1,
        "gap": 17,
        "magType": "mww",
        "type": "earthquake",
        "title": "M 6.2 - 36 km NW of Ishqoshim, Tajikistan"
      },
      "geometry": {
        "type": "Point",
        "coordinates": [
          71.3822,
          36.9942,
          116
        ]
      },
      "id": "us1000e19e"
    },
    {
      "type": "Feature",
      "properties": {
        "mag": 5.4,
        "place": "18 km NNW of Bannu, Pakistan",
        "time": 1525836206710,
        "updated": 1651607798758,
        "tz": null,
        "url": "https://earthquake.usgs.gov/earthquakes/eventpage/us1000e15a",
        "detail": "https://earthquake.usgs.gov/fdsnws/event/1/query?eventid=us1000e15a&format=geojson",
        "felt": 31,
        "cdi": 5.2,
        "mmi": 6.131,
        "alert": null,
        "status": "reviewed",
        "tsunami": 0,
        "sig": 465,
        "net": "us",
        "code": "1000e15a",
        "ids": ",us1000e15a,iscgem616640903,",
        "sources": ",us,iscgem,",
        "types": ",dyfi,impact-text,origin,phase-data,shakemap,",
        "nst": null,
        "dmin": 1.863,
        "rms": 0.66,
        "gap": 49,
        "magType": "mb",
        "type": "earthquake",
        "title": "M 5.4 - 18 km NNW of Bannu, Pakistan"
      },
      "geometry": {
        "type": "Point",
        "coordinates": [
          70.5177,
          33.1351,
          19.35
        ]
      },
      "id": "us1000e15a"
    },
    {
      "type": "Feature",
      "properties": {
        "mag": 5,
        "place": "Southern Qinghai, China",
        "time": 1525598618970,
        "updated": 1651605093732,
        "tz": null,
        "url": "https://earthquake.usgs.gov/earthquakes/eventpage/us1000dz95",
        "detail": "https://earthquake.usgs.gov/fdsnws/event/1/query?eventid=us1000dz95&format=geojson",
        "felt": null,
        "cdi": null,
        "mmi": null,
        "alert": null,
        "status": "reviewed",
        "tsunami": 0,
        "sig": 385,
        "net": "us",
        "code": "1000dz95",
        "ids": ",iscgem611930865,us1000dz95,",
        "sources": ",iscgem,us,",
        "types": ",origin,phase-data,",
        "nst": null,
        "dmin": 6.657,
        "rms": 0.65,
        "gap": 44,
        "magType": "mb",
        "type": "earthquake",
        "title": "M 5.0 - Southern Qinghai, China"
      },
      "geometry": {
        "type": "Point",
        "coordinates": [
          96.5154,
          34.5599,
          18.25
        ]
      },
      "id": "us1000dz95"
    },
    {
      "type": "Feature",
      "properties": {
        "mag": 5.1,
        "place": "16 km SSW of Khorugh, Tajikistan",
        "time": 1525564873180,
        "updated": 1766425606501,
        "tz": null,
        "url": "https://earthquake.usgs.gov/earthquakes/eventpage/us1000dz25",
        "detail": "https://earthquake.usgs.gov/fdsnws/event/1/query?eventid=us1000dz25&format=geojson",
        "felt": 1,
        "cdi": 2.2,
        "mmi": null,
        "alert": null,
        "status": "reviewed",
        "tsunami": 0,
        "sig": 400,
        "net": "us",
        "code": "1000dz25",
        "ids": ",us1000dz25,iscgem611930723,",
        "sources": ",us,iscgem,",
        "types": ",dyfi,moment-tensor,origin,phase-data,",
        "nst": null,
        "dmin": 0.23,
        "rms": 0.64,
        "gap": 42,
        "magType": "mwr",
        "type": "earthquake",
        "title": "M 5.1 - 16 km SSW of Khorugh, Tajikistan"
      },
      "geometry": {
        "type": "Point",
        "coordinates": [
          71.467,
          37.3578,
          89.53
        ]
      },
      "id": "us1000dz25"
    },
    {
      "type": "Feature",
      "properties": {
        "mag": 5.3,
        "place": "52 km SW of Ashk?sham, Afghanistan",
        "time": 1524928460430,
        "updated": 1766425594198,
        "tz": null,
        "url": "https://earthquake.usgs.gov/earthquakes/eventpage/us1000du0d",
        "detail": "https://earthquake.usgs.gov/fdsnws/event/1/query?eventid=us1000du0d&format=geojson",
        "felt": 11,
        "cdi": 3.1,
        "mmi": null,
        "alert": null,
        "status": "reviewed",
        "tsunami": 0,
        "sig": 436,
        "net": "us",
        "code": "1000du0d",
        "ids": ",us1000du0d,iscgem611911065,",
        "sources": ",us,iscgem,",
        "types": ",dyfi,moment-tensor,origin,phase-data,",
        "nst": null,
        "dmin": 0.942,
        "rms": 1.03,
        "gap": 23,
        "magType": "mww",
        "type": "earthquake",
        "title": "M 5.3 - 52 km SW of Ashk?sham, Afghanistan"
      },
      "geometry": {
        "type": "Point",
        "coordinates": [
          71.1715,
          36.3125,
          88.42
        ]
      },
      "id": "us1000du0d"
    },
    {
      "type": "Feature",
      "properties": {
        "mag": 5.1,
        "place": "34 km WSW of Pyu, Myanmar",
        "time": 1524572614070,
        "updated": 1532554582040,
        "tz": null,
        "url": "https://earthquake.usgs.gov/earthquakes/eventpage/us1000dr8g",
        "detail": "https://earthquake.usgs.gov/fdsnws/event/1/query?eventid=us1000dr8g&format=geojson",
        "felt": 2,
        "cdi": 3.4,
        "mmi": null,
        "alert": null,
        "status": "reviewed",
        "tsunami": 0,
        "sig": 401,
        "net": "us",
        "code": "1000dr8g",
        "ids": ",us1000dr8g,",
        "sources": ",us,",
        "types": ",dyfi,moment-tensor,origin,phase-data,",
        "nst": null,
        "dmin": 1.97,
        "rms": 0.78,
        "gap": 29,
        "magType": "mww",
        "type": "earthquake",
        "title": "M 5.1 - 34 km WSW of Pyu, Myanmar"
      },
      "geometry": {
        "type": "Point",
        "coordinates": [
          96.1394,
          18.3623,
          10
        ]
      },
      "id": "us1000dr8g"
    },
    {
      "type": "Feature",
      "properties": {
        "mag": 5.1,
        "place": "78 km SSE of Mawlaik, Myanmar",
        "time": 1524542915700,
        "updated": 1766425587468,
        "tz": null,
        "url": "https://earthquake.usgs.gov/earthquakes/eventpage/us1000dr4k",
        "detail": "https://earthquake.usgs.gov/fdsnws/event/1/query?eventid=us1000dr4k&format=geojson",
        "felt": 11,
        "cdi": 3.8,
        "mmi": null,
        "alert": null,
        "status": "reviewed",
        "tsunami": 0,
        "sig": 404,
        "net": "us",
        "code": "1000dr4k",
        "ids": ",us1000dr4k,iscgem611892876,",
        "sources": ",us,iscgem,",
        "types": ",dyfi,moment-tensor,origin,phase-data,",
        "nst": null,
        "dmin": 0.988,
        "rms": 0.59,
        "gap": 51,
        "magType": "mww",
        "type": "earthquake",
        "title": "M 5.1 - 78 km SSE of Mawlaik, Myanmar"
      },
      "geometry": {
        "type": "Point",
        "coordinates": [
          94.6137,
          22.9621,
          106.27
        ]
      },
      "id": "us1000dr4k"
    },
    {
      "type": "Feature",
      "properties": {
        "mag": 5,
        "place": "34 km WSW of Pyu, Myanmar",
        "time": 1524263364470,
        "updated": 1659925491776,
        "tz": null,
        "url": "https://earthquake.usgs.gov/earthquakes/eventpage/us1000dpmh",
        "detail": "https://earthquake.usgs.gov/fdsnws/event/1/query?eventid=us1000dpmh&format=geojson",
        "felt": 1,
        "cdi": 2.1,
        "mmi": null,
        "alert": null,
        "status": "reviewed",
        "tsunami": 0,
        "sig": 385,
        "net": "us",
        "code": "1000dpmh",
        "ids": ",us1000dpmh,",
        "sources": ",us,",
        "types": ",dyfi,moment-tensor,origin,phase-data,",
        "nst": null,
        "dmin": 1.973,
        "rms": 0.68,
        "gap": 21,
        "magType": "mww",
        "type": "earthquake",
        "title": "M 5.0 - 34 km WSW of Pyu, Myanmar"
      },
      "geometry": {
        "type": "Point",
        "coordinates": [
          96.1596,
          18.3221,
          17.07
        ]
      },
      "id": "us1000dpmh"
    },
    {
      "type": "Feature",
      "properties": {
        "mag": 5,
        "place": "44 km SW of Ashk?sham, Afghanistan",
        "time": 1522435516630,
        "updated": 1766424948117,
        "tz": null,
        "url": "https://earthquake.usgs.gov/earthquakes/eventpage/us1000dbk4",
        "detail": "https://earthquake.usgs.gov/fdsnws/event/1/query?eventid=us1000dbk4&format=geojson",
        "felt": 22,
        "cdi": 4.3,
        "mmi": null,
        "alert": null,
        "status": "reviewed",
        "tsunami": 0,
        "sig": 394,
        "net": "us",
        "code": "1000dbk4",
        "ids": ",us1000dbk4,iscgem611874617,",
        "sources": ",us,iscgem,",
        "types": ",dyfi,moment-tensor,origin,phase-data,",
        "nst": null,
        "dmin": 0.801,
        "rms": 1.05,
        "gap": 20,
        "magType": "mww",
        "type": "earthquake",
        "title": "M 5.0 - 44 km SW of Ashk?sham, Afghanistan"
      },
      "geometry": {
        "type": "Point",
        "coordinates": [
          71.1277,
          36.4561,
          237.94
        ]
      },
      "id": "us1000dbk4"
    },
    {
      "type": "Feature",
      "properties": {
        "mag": 5,
        "place": "46 km SSW of Jurm, Afghanistan",
        "time": 1521929870050,
        "updated": 1766424724013,
        "tz": null,
        "url": "https://earthquake.usgs.gov/earthquakes/eventpage/us1000d8qq",
        "detail": "https://earthquake.usgs.gov/fdsnws/event/1/query?eventid=us1000d8qq&format=geojson",
        "felt": 18,
        "cdi": 3.6,
        "mmi": null,
        "alert": null,
        "status": "reviewed",
        "tsunami": 0,
        "sig": 391,
        "net": "us",
        "code": "1000d8qq",
        "ids": ",us1000d8qq,iscgem611818781,",
        "sources": ",us,iscgem,",
        "types": ",dyfi,origin,phase-data,",
        "nst": null,
        "dmin": 0.663,
        "rms": 0.76,
        "gap": 26,
        "magType": "mb",
        "type": "earthquake",
        "title": "M 5.0 - 46 km SSW of Jurm, Afghanistan"
      },
      "geometry": {
        "type": "Point",
        "coordinates": [
          70.6687,
          36.4652,
          200.25
        ]
      },
      "id": "us1000d8qq"
    },
    {
      "type": "Feature",
      "properties": {
        "mag": 5.1,
        "place": "32 km WSW of Pyu, Myanmar",
        "time": 1521316743880,
        "updated": 1528754030040,
        "tz": null,
        "url": "https://earthquake.usgs.gov/earthquakes/eventpage/us1000d5rq",
        "detail": "https://earthquake.usgs.gov/fdsnws/event/1/query?eventid=us1000d5rq&format=geojson",
        "felt": null,
        "cdi": null,
        "mmi": null,
        "alert": null,
        "status": "reviewed",
        "tsunami": 0,
        "sig": 400,
        "net": "us",
        "code": "1000d5rq",
        "ids": ",us1000d5rq,",
        "sources": ",us,",
        "types": ",origin,phase-data,",
        "nst": null,
        "dmin": 2.513,
        "rms": 0.6,
        "gap": 60,
        "magType": "mb",
        "type": "earthquake",
        "title": "M 5.1 - 32 km WSW of Pyu, Myanmar"
      },
      "geometry": {
        "type": "Point",
        "coordinates": [
          96.151,
          18.3849,
          19.05
        ]
      },
      "id": "us1000d5rq"
    },
    {
      "type": "Feature",
      "properties": {
        "mag": 5.1,
        "place": "172 km NW of Sabang, Indonesia",
        "time": 1520311205040,
        "updated": 1528434730040,
        "tz": null,
        "url": "https://earthquake.usgs.gov/earthquakes/eventpage/us2000dcr6",
        "detail": "https://earthquake.usgs.gov/fdsnws/event/1/query?eventid=us2000dcr6&format=geojson",
        "felt": null,
        "cdi": null,
        "mmi": null,
        "alert": null,
        "status": "reviewed",
        "tsunami": 0,
        "sig": 400,
        "net": "us",
        "code": "2000dcr6",
        "ids": ",us2000dcr6,",
        "sources": ",us,",
        "types": ",origin,phase-data,",
        "nst": null,
        "dmin": 3.242,
        "rms": 0.48,
        "gap": 32,
        "magType": "mb",
        "type": "earthquake",
        "title": "M 5.1 - 172 km NW of Sabang, Indonesia"
      },
      "geometry": {
        "type": "Point",
        "coordinates": [
          94.1757,
          6.9478,
          71.56
        ]
      },
      "id": "us2000dcr6"
    },
    {
      "type": "Feature",
      "properties": {
        "mag": 5.2,
        "place": "86 km NE of Bamboo Flat, India",
        "time": 1518489591940,
        "updated": 1766424870318,
        "tz": null,
        "url": "https://earthquake.usgs.gov/earthquakes/eventpage/us2000d1a1",
        "detail": "https://earthquake.usgs.gov/fdsnws/event/1/query?eventid=us2000d1a1&format=geojson",
        "felt": 2,
        "cdi": 4.1,
        "mmi": 3.95,
        "alert": "green",
        "status": "reviewed",
        "tsunami": 0,
        "sig": 417,
        "net": "us",
        "code": "2000d1a1",
        "ids": ",us2000d1a1,iscgem611835980,",
        "sources": ",us,iscgem,",
        "types": ",dyfi,losspager,moment-tensor,origin,phase-data,shakemap,",
        "nst": null,
        "dmin": 6.148,
        "rms": 0.83,
        "gap": 27,
        "magType": "mww",
        "type": "earthquake",
        "title": "M 5.2 - 86 km NE of Bamboo Flat, India"
      },
      "geometry": {
        "type": "Point",
        "coordinates": [
          93.1579,
          12.3508,
          57.51
        ]
      },
      "id": "us2000d1a1"
    },
    {
      "type": "Feature",
      "properties": {
        "mag": 6.2,
        "place": "37 km S of Jurm, Afghanistan",
        "time": 1517382420290,
        "updated": 1659915955672,
        "tz": null,
        "url": "https://earthquake.usgs.gov/earthquakes/eventpage/us2000crmu",
        "detail": "https://earthquake.usgs.gov/fdsnws/event/1/query?eventid=us2000crmu&format=geojson",
        "felt": 313,
        "cdi": 6.4,
        "mmi": 3.922,
        "alert": "green",
        "status": "reviewed",
        "tsunami": 0,
        "sig": 792,
        "net": "us",
        "code": "2000crmu",
        "ids": ",us2000crmu,iscgem611835880,",
        "sources": ",us,iscgem,",
        "types": ",dyfi,impact-text,losspager,moment-tensor,origin,phase-data,shakemap,",
        "nst": null,
        "dmin": 0.637,
        "rms": 0.86,
        "gap": 17,
        "magType": "mww",
        "type": "earthquake",
        "title": "M 6.2 - 37 km S of Jurm, Afghanistan"
      },
      "geometry": {
        "type": "Point",
        "coordinates": [
          70.8507,
          36.5261,
          193.73
        ]
      },
      "id": "us2000crmu"
    },
    {
      "type": "Feature",
      "properties": {
        "mag": 5.3,
        "place": "Nicobar Islands, India region",
        "time": 1516852108730,
        "updated": 1766422407754,
        "tz": null,
        "url": "https://earthquake.usgs.gov/earthquakes/eventpage/us2000cp5r",
        "detail": "https://earthquake.usgs.gov/fdsnws/event/1/query?eventid=us2000cp5r&format=geojson",
        "felt": null,
        "cdi": null,
        "mmi": null,
        "alert": null,
        "status": "reviewed",
        "tsunami": 0,
        "sig": 432,
        "net": "us",
        "code": "2000cp5r",
        "ids": ",iscgem611835829,us2000cp5r,",
        "sources": ",iscgem,us,",
        "types": ",origin,phase-data,",
        "nst": null,
        "dmin": 5.924,
        "rms": 0.78,
        "gap": 61,
        "magType": "mb",
        "type": "earthquake",
        "title": "M 5.3 - Nicobar Islands, India region"
      },
      "geometry": {
        "type": "Point",
        "coordinates": [
          91.8589,
          8.3429,
          10
        ]
      },
      "id": "us2000cp5r"
    },
    {
      "type": "Feature",
      "properties": {
        "mag": 5.8,
        "place": "Nicobar Islands, India region",
        "time": 1516842958290,
        "updated": 1659914983642,
        "tz": null,
        "url": "https://earthquake.usgs.gov/earthquakes/eventpage/us2000cp4g",
        "detail": "https://earthquake.usgs.gov/fdsnws/event/1/query?eventid=us2000cp4g&format=geojson",
        "felt": 1,
        "cdi": 2,
        "mmi": 3.56,
        "alert": "green",
        "status": "reviewed",
        "tsunami": 0,
        "sig": 518,
        "net": "us",
        "code": "2000cp4g",
        "ids": ",us2000cp4g,iscgem611835833,",
        "sources": ",us,iscgem,",
        "types": ",dyfi,losspager,moment-tensor,origin,phase-data,shakemap,",
        "nst": null,
        "dmin": 5.957,
        "rms": 0.76,
        "gap": 22,
        "magType": "mww",
        "type": "earthquake",
        "title": "M 5.8 - Nicobar Islands, India region"
      },
      "geometry": {
        "type": "Point",
        "coordinates": [
          91.7665,
          8.2527,
          10
        ]
      },
      "id": "us2000cp4g"
    },
    {
      "type": "Feature",
      "properties": {
        "mag": 5.1,
        "place": "western Xizang",
        "time": 1516152318830,
        "updated": 1651604554534,
        "tz": null,
        "url": "https://earthquake.usgs.gov/earthquakes/eventpage/us2000ck7m",
        "detail": "https://earthquake.usgs.gov/fdsnws/event/1/query?eventid=us2000ck7m&format=geojson",
        "felt": null,
        "cdi": null,
        "mmi": null,
        "alert": null,
        "status": "reviewed",
        "tsunami": 0,
        "sig": 400,
        "net": "us",
        "code": "2000ck7m",
        "ids": ",iscgem611835759,us2000ck7m,",
        "sources": ",iscgem,us,",
        "types": ",origin,phase-data,",
        "nst": null,
        "dmin": 6.341,
        "rms": 1.03,
        "gap": 40,
        "magType": "mb",
        "type": "earthquake",
        "title": "M 5.1 - western Xizang"
      },
      "geometry": {
        "type": "Point",
        "coordinates": [
          86.9597,
          34.99,
          10
        ]
      },
      "id": "us2000ck7m"
    },
    {
      "type": "Feature",
      "properties": {
        "mag": 5.3,
        "place": "46 km SSW of Jurm, Afghanistan",
        "time": 1515921569720,
        "updated": 1659913479664,
        "tz": null,
        "url": "https://earthquake.usgs.gov/earthquakes/eventpage/us2000cjg0",
        "detail": "https://earthquake.usgs.gov/fdsnws/event/1/query?eventid=us2000cjg0&format=geojson",
        "felt": 9,
        "cdi": 3.8,
        "mmi": null,
        "alert": null,
        "status": "reviewed",
        "tsunami": 0,
        "sig": 436,
        "net": "us",
        "code": "2000cjg0",
        "ids": ",us2000cjg0,iscgem616200417,",
        "sources": ",us,iscgem,",
        "types": ",dyfi,moment-tensor,origin,phase-data,",
        "nst": null,
        "dmin": 0.683,
        "rms": 0.73,
        "gap": 56,
        "magType": "mww",
        "type": "earthquake",
        "title": "M 5.3 - 46 km SSW of Jurm, Afghanistan"
      },
      "geometry": {
        "type": "Point",
        "coordinates": [
          70.7313,
          36.4525,
          199.53
        ]
      },
      "id": "us2000cjg0"
    },
    {
      "type": "Feature",
      "properties": {
        "mag": 5.2,
        "place": "28 km W of Pyu, Myanmar",
        "time": 1515696179510,
        "updated": 1651608230065,
        "tz": null,
        "url": "https://earthquake.usgs.gov/earthquakes/eventpage/us2000cifw",
        "detail": "https://earthquake.usgs.gov/fdsnws/event/1/query?eventid=us2000cifw&format=geojson",
        "felt": 1,
        "cdi": 3.1,
        "mmi": null,
        "alert": null,
        "status": "reviewed",
        "tsunami": 0,
        "sig": 416,
        "net": "us",
        "code": "2000cifw",
        "ids": ",us2000cifw,iscgem618544411,",
        "sources": ",us,iscgem,",
        "types": ",dyfi,origin,phase-data,",
        "nst": null,
        "dmin": 2.656,
        "rms": 1.02,
        "gap": 62,
        "magType": "mb",
        "type": "earthquake",
        "title": "M 5.2 - 28 km W of Pyu, Myanmar"
      },
      "geometry": {
        "type": "Point",
        "coordinates": [
          96.1686,
          18.4505,
          10
        ]
      },
      "id": "us2000cifw"
    },
    {
      "type": "Feature",
      "properties": {
        "mag": 5.2,
        "place": "48 km E of Paungde, Myanmar",
        "time": 1515695318430,
        "updated": 1651603598674,
        "tz": null,
        "url": "https://earthquake.usgs.gov/earthquakes/eventpage/us2000cpbb",
        "detail": "https://earthquake.usgs.gov/fdsnws/event/1/query?eventid=us2000cpbb&format=geojson",
        "felt": null,
        "cdi": null,
        "mmi": null,
        "alert": null,
        "status": "reviewed",
        "tsunami": 0,
        "sig": 416,
        "net": "us",
        "code": "2000cpbb",
        "ids": ",iscgem611662586,us2000cpbb,",
        "sources": ",iscgem,us,",
        "types": ",origin,phase-data,",
        "nst": null,
        "dmin": 2.835,
        "rms": 0.72,
        "gap": 63,
        "magType": "mb",
        "type": "earthquake",
        "title": "M 5.2 - 48 km E of Paungde, Myanmar"
      },
      "geometry": {
        "type": "Point",
        "coordinates": [
          95.9558,
          18.4229,
          10
        ]
      },
      "id": "us2000cpbb"
    },
    {
      "type": "Feature",
      "properties": {
        "mag": 6,
        "place": "40 km WSW of Pyu, Myanmar",
        "time": 1515695184240,
        "updated": 1651608007010,
        "tz": null,
        "url": "https://earthquake.usgs.gov/earthquakes/eventpage/us2000cifa",
        "detail": "https://earthquake.usgs.gov/fdsnws/event/1/query?eventid=us2000cifa&format=geojson",
        "felt": 173,
        "cdi": 9.1,
        "mmi": 6.633,
        "alert": "green",
        "status": "reviewed",
        "tsunami": 0,
        "sig": 711,
        "net": "us",
        "code": "2000cifa",
        "ids": ",us2000cifa,iscgem617446172,",
        "sources": ",us,iscgem,",
        "types": ",dyfi,losspager,moment-tensor,origin,phase-data,shakemap,",
        "nst": null,
        "dmin": 2.759,
        "rms": 1.01,
        "gap": 29,
        "magType": "mww",
        "type": "earthquake",
        "title": "M 6.0 - 40 km WSW of Pyu, Myanmar"
      },
      "geometry": {
        "type": "Point",
        "coordinates": [
          96.0717,
          18.3719,
          9
        ]
      },
      "id": "us2000cifa"
    },
    {
      "type": "Feature",
      "properties": {
        "mag": 5.6,
        "place": "86 km E of W?ngjing, India",
        "time": 1515307635780,
        "updated": 1659912654685,
        "tz": null,
        "url": "https://earthquake.usgs.gov/earthquakes/eventpage/us1000c1my",
        "detail": "https://earthquake.usgs.gov/fdsnws/event/1/query?eventid=us1000c1my&format=geojson",
        "felt": 13,
        "cdi": 5.4,
        "mmi": 5.687,
        "alert": "green",
        "status": "reviewed",
        "tsunami": 0,
        "sig": 489,
        "net": "us",
        "code": "1000c1my",
        "ids": ",us1000c1my,iscgem616640738,",
        "sources": ",us,iscgem,",
        "types": ",dyfi,losspager,moment-tensor,origin,phase-data,shakemap,",
        "nst": null,
        "dmin": 0.748,
        "rms": 0.63,
        "gap": 17,
        "magType": "mww",
        "type": "earthquake",
        "title": "M 5.6 - 86 km E of W?ngjing, India"
      },
      "geometry": {
        "type": "Point",
        "coordinates": [
          94.9055,
          24.7382,
          33
        ]
      },
      "id": "us1000c1my"
    },
    {
      "type": "Feature",
      "properties": {
        "mag": 5.1,
        "place": "Nicobar Islands, India region",
        "time": 1514546977610,
        "updated": 1766422383237,
        "tz": null,
        "url": "https://earthquake.usgs.gov/earthquakes/eventpage/us1000bxm9",
        "detail": "https://earthquake.usgs.gov/fdsnws/event/1/query?eventid=us1000bxm9&format=geojson",
        "felt": null,
        "cdi": null,
        "mmi": null,
        "alert": null,
        "status": "reviewed",
        "tsunami": 0,
        "sig": 400,
        "net": "us",
        "code": "1000bxm9",
        "ids": ",us1000bxm9,iscgem611612124,",
        "sources": ",us,iscgem,",
        "types": ",moment-tensor,origin,phase-data,",
        "nst": null,
        "dmin": 3.215,
        "rms": 0.8,
        "gap": 58,
        "magType": "mww",
        "type": "earthquake",
        "title": "M 5.1 - Nicobar Islands, India region"
      },
      "geometry": {
        "type": "Point",
        "coordinates": [
          92.415,
          8.4361,
          17.07
        ]
      },
      "id": "us1000bxm9"
    },
    {
      "type": "Feature",
      "properties": {
        "mag": 5,
        "place": "75 km W of Monywa, Myanmar",
        "time": 1514492614350,
        "updated": 1766424572236,
        "tz": null,
        "url": "https://earthquake.usgs.gov/earthquakes/eventpage/us1000bx9g",
        "detail": "https://earthquake.usgs.gov/fdsnws/event/1/query?eventid=us1000bx9g&format=geojson",
        "felt": 10,
        "cdi": 3.3,
        "mmi": null,
        "alert": null,
        "status": "reviewed",
        "tsunami": 0,
        "sig": 388,
        "net": "us",
        "code": "1000bx9g",
        "ids": ",us1000bx9g,iscgem611610925,",
        "sources": ",us,iscgem,",
        "types": ",dyfi,moment-tensor,origin,phase-data,",
        "nst": null,
        "dmin": 0.946,
        "rms": 0.81,
        "gap": 48,
        "magType": "mww",
        "type": "earthquake",
        "title": "M 5.0 - 75 km W of Monywa, Myanmar"
      },
      "geometry": {
        "type": "Point",
        "coordinates": [
          94.4044,
          22.0556,
          85.37
        ]
      },
      "id": "us1000bx9g"
    },
    {
      "type": "Feature",
      "properties": {
        "mag": 5.1,
        "place": "173 km NNE of Shi Yomi, India",
        "time": 1513705255590,
        "updated": 1651604513989,
        "tz": null,
        "url": "https://earthquake.usgs.gov/earthquakes/eventpage/us1000bt6r",
        "detail": "https://earthquake.usgs.gov/fdsnws/event/1/query?eventid=us1000bt6r&format=geojson",
        "felt": null,
        "cdi": null,
        "mmi": null,
        "alert": null,
        "status": "reviewed",
        "tsunami": 0,
        "sig": 400,
        "net": "us",
        "code": "1000bt6r",
        "ids": ",iscgem611835560,us1000bt6r,",
        "sources": ",iscgem,us,",
        "types": ",origin,phase-data,",
        "nst": null,
        "dmin": 3.45,
        "rms": 0.67,
        "gap": 23,
        "magType": "mb",
        "type": "earthquake",
        "title": "M 5.1 - 173 km NNE of Shi Yomi, India"
      },
      "geometry": {
        "type": "Point",
        "coordinates": [
          95.0865,
          29.964,
          27.66
        ]
      },
      "id": "us1000bt6r"
    },
    {
      "type": "Feature",
      "properties": {
        "mag": 5,
        "place": "28 km SE of Kod?ri??, Nepal",
        "time": 1512701478860,
        "updated": 1651604511566,
        "tz": null,
        "url": "https://earthquake.usgs.gov/earthquakes/eventpage/us2000c1xk",
        "detail": "https://earthquake.usgs.gov/fdsnws/event/1/query?eventid=us2000c1xk&format=geojson",
        "felt": 22,
        "cdi": 4.2,
        "mmi": null,
        "alert": null,
        "status": "reviewed",
        "tsunami": 0,
        "sig": 394,
        "net": "us",
        "code": "2000c1xk",
        "ids": ",us2000c1xk,iscgem611835486,",
        "sources": ",us,iscgem,",
        "types": ",dyfi,origin,phase-data,",
        "nst": null,
        "dmin": 4.781,
        "rms": 0.68,
        "gap": 40,
        "magType": "mb",
        "type": "earthquake",
        "title": "M 5.0 - 28 km SE of Kod?ri??, Nepal"
      },
      "geometry": {
        "type": "Point",
        "coordinates": [
          86.1471,
          27.7618,
          10
        ]
      },
      "id": "us2000c1xk"
    },
    {
      "type": "Feature",
      "properties": {
        "mag": 5.2,
        "place": "112 km NE of Thang, India",
        "time": 1512602943790,
        "updated": 1766424848714,
        "tz": null,
        "url": "https://earthquake.usgs.gov/earthquakes/eventpage/us2000c1ea",
        "detail": "https://earthquake.usgs.gov/fdsnws/event/1/query?eventid=us2000c1ea&format=geojson",
        "felt": 2,
        "cdi": 2,
        "mmi": null,
        "alert": null,
        "status": "reviewed",
        "tsunami": 0,
        "sig": 416,
        "net": "us",
        "code": "2000c1ea",
        "ids": ",us2000c1ea,iscgem611835462,",
        "sources": ",us,iscgem,",
        "types": ",dyfi,moment-tensor,origin,phase-data,",
        "nst": null,
        "dmin": 4.097,
        "rms": 0.82,
        "gap": 30,
        "magType": "mww",
        "type": "earthquake",
        "title": "M 5.2 - 112 km NE of Thang, India"
      },
      "geometry": {
        "type": "Point",
        "coordinates": [
          77.5618,
          35.7238,
          74.3
        ]
      },
      "id": "us2000c1ea"
    },
    {
      "type": "Feature",
      "properties": {
        "mag": 5.1,
        "place": "34 km NW of P?palkoti, India",
        "time": 1512573589970,
        "updated": 1651604509119,
        "tz": null,
        "url": "https://earthquake.usgs.gov/earthquakes/eventpage/us1000bmru",
        "detail": "https://earthquake.usgs.gov/fdsnws/event/1/query?eventid=us1000bmru&format=geojson",
        "felt": 167,
        "cdi": 4.6,
        "mmi": null,
        "alert": null,
        "status": "reviewed",
        "tsunami": 0,
        "sig": 477,
        "net": "us",
        "code": "1000bmru",
        "ids": ",us1000bmru,iscgem611835466,",
        "sources": ",us,iscgem,",
        "types": ",dyfi,origin,phase-data,",
        "nst": null,
        "dmin": 5.831,
        "rms": 0.75,
        "gap": 50,
        "magType": "mb",
        "type": "earthquake",
        "title": "M 5.1 - 34 km NW of P?palkoti, India"
      },
      "geometry": {
        "type": "Point",
        "coordinates": [
          79.1601,
          30.6339,
          10
        ]
      },
      "id": "us1000bmru"
    },
    {
      "type": "Feature",
      "properties": {
        "mag": 5.1,
        "place": "163 km NNE of Shi Yomi, India",
        "time": 1510965121910,
        "updated": 1659907278996,
        "tz": null,
        "url": "https://earthquake.usgs.gov/earthquakes/eventpage/us2000bqtu",
        "detail": "https://earthquake.usgs.gov/fdsnws/event/1/query?eventid=us2000bqtu&format=geojson",
        "felt": 1,
        "cdi": 2,
        "mmi": null,
        "alert": null,
        "status": "reviewed",
        "tsunami": 0,
        "sig": 400,
        "net": "us",
        "code": "2000bqtu",
        "ids": ",us2000bqtu,iscgem611470947,",
        "sources": ",us,iscgem,",
        "types": ",dyfi,origin,phase-data,",
        "nst": null,
        "dmin": 3.273,
        "rms": 0.73,
        "gap": 23,
        "magType": "mb",
        "type": "earthquake",
        "title": "M 5.1 - 163 km NNE of Shi Yomi, India"
      },
      "geometry": {
        "type": "Point",
        "coordinates": [
          94.8843,
          29.9311,
          10
        ]
      },
      "id": "us2000bqtu"
    },
    {
      "type": "Feature",
      "properties": {
        "mag": 6.4,
        "place": "156 km NNE of Shi Yomi, India",
        "time": 1510958059450,
        "updated": 1651608157973,
        "tz": null,
        "url": "https://earthquake.usgs.gov/earthquakes/eventpage/us2000bqsn",
        "detail": "https://earthquake.usgs.gov/fdsnws/event/1/query?eventid=us2000bqsn&format=geojson",
        "felt": 24,
        "cdi": 8.6,
        "mmi": 7.41,
        "alert": "green",
        "status": "reviewed",
        "tsunami": 0,
        "sig": 651,
        "net": "us",
        "code": "2000bqsn",
        "ids": ",us2000bqsn,iscgem617943570,",
        "sources": ",us,iscgem,",
        "types": ",dyfi,impact-text,losspager,moment-tensor,origin,phase-data,shakemap,",
        "nst": null,
        "dmin": 3.355,
        "rms": 0.76,
        "gap": 13,
        "magType": "mww",
        "type": "earthquake",
        "title": "M 6.4 - 156 km NNE of Shi Yomi, India"
      },
      "geometry": {
        "type": "Point",
        "coordinates": [
          94.9838,
          29.8333,
          8
        ]
      },
      "id": "us2000bqsn"
    },
    {
      "type": "Feature",
      "properties": {
        "mag": 5.2,
        "place": "75 km SSW of Jurm, Afghanistan",
        "time": 1509212732600,
        "updated": 1766424846276,
        "tz": null,
        "url": "https://earthquake.usgs.gov/earthquakes/eventpage/us1000ay2z",
        "detail": "https://earthquake.usgs.gov/fdsnws/event/1/query?eventid=us1000ay2z&format=geojson",
        "felt": 66,
        "cdi": 4.8,
        "mmi": null,
        "alert": null,
        "status": "reviewed",
        "tsunami": 0,
        "sig": 448,
        "net": "us",
        "code": "1000ay2z",
        "ids": ",us1000ay2z,iscgem611835174,",
        "sources": ",us,iscgem,",
        "types": ",dyfi,moment-tensor,origin,phase-data,",
        "nst": null,
        "dmin": 0.927,
        "rms": 0.74,
        "gap": 20,
        "magType": "mww",
        "type": "earthquake",
        "title": "M 5.2 - 75 km SSW of Jurm, Afghanistan"
      },
      "geometry": {
        "type": "Point",
        "coordinates": [
          70.6618,
          36.1991,
          101.46
        ]
      },
      "id": "us1000ay2z"
    },
    {
      "type": "Feature",
      "properties": {
        "mag": 5.1,
        "place": "227 km WNW of Qamdo, China",
        "time": 1507794748400,
        "updated": 1651603148467,
        "tz": null,
        "url": "https://earthquake.usgs.gov/earthquakes/eventpage/us1000aqmb",
        "detail": "https://earthquake.usgs.gov/fdsnws/event/1/query?eventid=us1000aqmb&format=geojson",
        "felt": null,
        "cdi": null,
        "mmi": null,
        "alert": null,
        "status": "reviewed",
        "tsunami": 0,
        "sig": 400,
        "net": "us",
        "code": "1000aqmb",
        "ids": ",iscgem611132140,us1000aqmb,",
        "sources": ",iscgem,us,",
        "types": ",origin,phase-data,",
        "nst": null,
        "dmin": 4.117,
        "rms": 0.74,
        "gap": 32,
        "magType": "mb",
        "type": "earthquake",
        "title": "M 5.1 - 227 km WNW of Qamdo, China"
      },
      "geometry": {
        "type": "Point",
        "coordinates": [
          95.0497,
          32.074,
          10
        ]
      },
      "id": "us1000aqmb"
    },
    {
      "type": "Feature",
      "properties": {
        "mag": 5,
        "place": "256 km E of Port Blair, India",
        "time": 1507298431480,
        "updated": 1766424425482,
        "tz": null,
        "url": "https://earthquake.usgs.gov/earthquakes/eventpage/us2000b1zv",
        "detail": "https://earthquake.usgs.gov/fdsnws/event/1/query?eventid=us2000b1zv&format=geojson",
        "felt": 1,
        "cdi": 2,
        "mmi": null,
        "alert": null,
        "status": "reviewed",
        "tsunami": 0,
        "sig": 385,
        "net": "us",
        "code": "2000b1zv",
        "ids": ",us2000b1zv,iscgem611082646,",
        "sources": ",us,iscgem,",
        "types": ",dyfi,moment-tensor,origin,phase-data,",
        "nst": null,
        "dmin": 2.306,
        "rms": 0.98,
        "gap": 89,
        "magType": "mww",
        "type": "earthquake",
        "title": "M 5.0 - 256 km E of Port Blair, India"
      },
      "geometry": {
        "type": "Point",
        "coordinates": [
          95.0763,
          11.9798,
          10.08
        ]
      },
      "id": "us2000b1zv"
    },
    {
      "type": "Feature",
      "properties": {
        "mag": 5,
        "place": "140 km NNW of Bamboo Flat, India",
        "time": 1505659691340,
        "updated": 1513648442040,
        "tz": null,
        "url": "https://earthquake.usgs.gov/earthquakes/eventpage/us2000at5x",
        "detail": "https://earthquake.usgs.gov/fdsnws/event/1/query?eventid=us2000at5x&format=geojson",
        "felt": null,
        "cdi": null,
        "mmi": null,
        "alert": null,
        "status": "reviewed",
        "tsunami": 0,
        "sig": 385,
        "net": "us",
        "code": "2000at5x",
        "ids": ",us2000at5x,",
        "sources": ",us,",
        "types": ",origin,phase-data,",
        "nst": null,
        "dmin": 1.317,
        "rms": 0.62,
        "gap": 81,
        "magType": "mb",
        "type": "earthquake",
        "title": "M 5.0 - 140 km NNW of Bamboo Flat, India"
      },
      "geometry": {
        "type": "Point",
        "coordinates": [
          92.0967,
          12.8183,
          26.18
        ]
      },
      "id": "us2000at5x"
    },
    {
      "type": "Feature",
      "properties": {
        "mag": 5,
        "place": "163 km SSE of Port Blair, India",
        "time": 1504656655750,
        "updated": 1766424366675,
        "tz": null,
        "url": "https://earthquake.usgs.gov/earthquakes/eventpage/us2000agg9",
        "detail": "https://earthquake.usgs.gov/fdsnws/event/1/query?eventid=us2000agg9&format=geojson",
        "felt": null,
        "cdi": null,
        "mmi": null,
        "alert": null,
        "status": "reviewed",
        "tsunami": 0,
        "sig": 385,
        "net": "us",
        "code": "2000agg9",
        "ids": ",us2000agg9,iscgem610955063,",
        "sources": ",us,iscgem,",
        "types": ",moment-tensor,origin,phase-data,",
        "nst": null,
        "dmin": 1.461,
        "rms": 0.95,
        "gap": 43,
        "magType": "mww",
        "type": "earthquake",
        "title": "M 5.0 - 163 km SSE of Port Blair, India"
      },
      "geometry": {
        "type": "Point",
        "coordinates": [
          93.1611,
          10.2437,
          83.98
        ]
      },
      "id": "us2000agg9"
    },
    {
      "type": "Feature",
      "properties": {
        "mag": 5.1,
        "place": "34 km SSW of Ashk?sham, Afghanistan",
        "time": 1503646031940,
        "updated": 1766424347235,
        "tz": null,
        "url": "https://earthquake.usgs.gov/earthquakes/eventpage/us2000abl2",
        "detail": "https://earthquake.usgs.gov/fdsnws/event/1/query?eventid=us2000abl2&format=geojson",
        "felt": 2,
        "cdi": 2,
        "mmi": null,
        "alert": null,
        "status": "reviewed",
        "tsunami": 0,
        "sig": 401,
        "net": "us",
        "code": "2000abl2",
        "ids": ",us2000abl2,iscgem610933218,",
        "sources": ",us,iscgem,",
        "types": ",dyfi,origin,phase-data,",
        "nst": null,
        "dmin": 0.932,
        "rms": 1.13,
        "gap": 59,
        "magType": "mb",
        "type": "earthquake",
        "title": "M 5.1 - 34 km SSW of Ashk?sham, Afghanistan"
      },
      "geometry": {
        "type": "Point",
        "coordinates": [
          71.3353,
          36.4191,
          110.81
        ]
      },
      "id": "us2000abl2"
    },
    {
      "type": "Feature",
      "properties": {
        "mag": 5,
        "place": "206 km NNE of Shi Yomi, India",
        "time": 1502557801370,
        "updated": 1651602921638,
        "tz": null,
        "url": "https://earthquake.usgs.gov/earthquakes/eventpage/us2000a7lp",
        "detail": "https://earthquake.usgs.gov/fdsnws/event/1/query?eventid=us2000a7lp&format=geojson",
        "felt": null,
        "cdi": null,
        "mmi": null,
        "alert": null,
        "status": "reviewed",
        "tsunami": 0,
        "sig": 385,
        "net": "us",
        "code": "2000a7lp",
        "ids": ",iscgem610895597,us2000a7lp,",
        "sources": ",iscgem,us,",
        "types": ",origin,phase-data,",
        "nst": null,
        "dmin": 3.293,
        "rms": 0.57,
        "gap": 38,
        "magType": "mb",
        "type": "earthquake",
        "title": "M 5.0 - 206 km NNE of Shi Yomi, India"
      },
      "geometry": {
        "type": "Point",
        "coordinates": [
          94.8528,
          30.3422,
          28.2
        ]
      },
      "id": "us2000a7lp"
    },
    {
      "type": "Feature",
      "properties": {
        "mag": 5.1,
        "place": "5 km WSW of Chur?ch?ndpur, India",
        "time": 1501697888620,
        "updated": 1659879497575,
        "tz": null,
        "url": "https://earthquake.usgs.gov/earthquakes/eventpage/us2000a3r9",
        "detail": "https://earthquake.usgs.gov/fdsnws/event/1/query?eventid=us2000a3r9&format=geojson",
        "felt": 37,
        "cdi": 3.8,
        "mmi": null,
        "alert": null,
        "status": "reviewed",
        "tsunami": 0,
        "sig": 414,
        "net": "us",
        "code": "2000a3r9",
        "ids": ",us2000a3r9,iscgem610868723,",
        "sources": ",us,iscgem,",
        "types": ",dyfi,moment-tensor,origin,phase-data,",
        "nst": null,
        "dmin": 0.627,
        "rms": 0.92,
        "gap": 41,
        "magType": "mww",
        "type": "earthquake",
        "title": "M 5.1 - 5 km WSW of Chur?ch?ndpur, India"
      },
      "geometry": {
        "type": "Point",
        "coordinates": [
          93.6199,
          24.3214,
          53.23
        ]
      },
      "id": "us2000a3r9"
    },
    {
      "type": "Feature",
      "properties": {
        "mag": 5,
        "place": "62 km S of Jurm, Afghanistan",
        "time": 1500472778800,
        "updated": 1766424292654,
        "tz": null,
        "url": "https://earthquake.usgs.gov/earthquakes/eventpage/us20009y1x",
        "detail": "https://earthquake.usgs.gov/fdsnws/event/1/query?eventid=us20009y1x&format=geojson",
        "felt": 1,
        "cdi": 2,
        "mmi": null,
        "alert": null,
        "status": "reviewed",
        "tsunami": 0,
        "sig": 385,
        "net": "us",
        "code": "20009y1x",
        "ids": ",us20009y1x,iscgem610785975,",
        "sources": ",us,iscgem,",
        "types": ",dyfi,origin,phase-data,",
        "nst": null,
        "dmin": 0.863,
        "rms": 0.91,
        "gap": 60,
        "magType": "mb",
        "type": "earthquake",
        "title": "M 5.0 - 62 km S of Jurm, Afghanistan"
      },
      "geometry": {
        "type": "Point",
        "coordinates": [
          70.92,
          36.3061,
          112.57
        ]
      },
      "id": "us20009y1x"
    },
    {
      "type": "Feature",
      "properties": {
        "mag": 5.2,
        "place": "49 km SSW of Jurm, Afghanistan",
        "time": 1498433440200,
        "updated": 1766424281284,
        "tz": null,
        "url": "https://earthquake.usgs.gov/earthquakes/eventpage/us20009pnr",
        "detail": "https://earthquake.usgs.gov/fdsnws/event/1/query?eventid=us20009pnr&format=geojson",
        "felt": 9,
        "cdi": 3.8,
        "mmi": null,
        "alert": null,
        "status": "reviewed",
        "tsunami": 0,
        "sig": 419,
        "net": "us",
        "code": "20009pnr",
        "ids": ",us20009pnr,iscgem610694749,",
        "sources": ",us,iscgem,",
        "types": ",dyfi,moment-tensor,origin,phase-data,",
        "nst": null,
        "dmin": 0.693,
        "rms": 0.68,
        "gap": 24,
        "magType": "mww",
        "type": "earthquake",
        "title": "M 5.2 - 49 km SSW of Jurm, Afghanistan"
      },
      "geometry": {
        "type": "Point",
        "coordinates": [
          70.6732,
          36.4357,
          207.15
        ]
      },
      "id": "us20009pnr"
    },
    {
      "type": "Feature",
      "properties": {
        "mag": 5,
        "place": "143 km ESE of Murghob, Tajikistan",
        "time": 1494453658320,
        "updated": 1501628548040,
        "tz": null,
        "url": "https://earthquake.usgs.gov/earthquakes/eventpage/us10008rau",
        "detail": "https://earthquake.usgs.gov/fdsnws/event/1/query?eventid=us10008rau&format=geojson",
        "felt": null,
        "cdi": null,
        "mmi": null,
        "alert": null,
        "status": "reviewed",
        "tsunami": 0,
        "sig": 385,
        "net": "us",
        "code": "10008rau",
        "ids": ",us10008rau,",
        "sources": ",us,",
        "types": ",origin,phase-data,",
        "nst": null,
        "dmin": 3.405,
        "rms": 1.28,
        "gap": 59,
        "magType": "mb",
        "type": "earthquake",
        "title": "M 5.0 - 143 km ESE of Murghob, Tajikistan"
      },
      "geometry": {
        "type": "Point",
        "coordinates": [
          75.4207,
          37.5941,
          10
        ]
      },
      "id": "us10008rau"
    },
    {
      "type": "Feature",
      "properties": {
        "mag": 5.4,
        "place": "131 km ESE of Murghob, Tajikistan",
        "time": 1494453501700,
        "updated": 1651602417267,
        "tz": null,
        "url": "https://earthquake.usgs.gov/earthquakes/eventpage/us10008rah",
        "detail": "https://earthquake.usgs.gov/fdsnws/event/1/query?eventid=us10008rah&format=geojson",
        "felt": 2,
        "cdi": 7.8,
        "mmi": 6.576,
        "alert": "yellow",
        "status": "reviewed",
        "tsunami": 0,
        "sig": 652,
        "net": "us",
        "code": "10008rah",
        "ids": ",us10008rah,iscgem610623477,",
        "sources": ",us,iscgem,",
        "types": ",dyfi,impact-text,losspager,moment-tensor,origin,phase-data,shakemap,",
        "nst": null,
        "dmin": 2.901,
        "rms": 0.92,
        "gap": 31,
        "magType": "mww",
        "type": "earthquake",
        "title": "M 5.4 - 131 km ESE of Murghob, Tajikistan"
      },
      "geometry": {
        "type": "Point",
        "coordinates": [
          75.3098,
          37.6433,
          7.62
        ]
      },
      "id": "us10008rah"
    },
    {
      "type": "Feature",
      "properties": {
        "mag": 5,
        "place": "4 km SSE of Ashk?sham, Afghanistan",
        "time": 1494064348780,
        "updated": 1766422403255,
        "tz": null,
        "url": "https://earthquake.usgs.gov/earthquakes/eventpage/us10008q25",
        "detail": "https://earthquake.usgs.gov/fdsnws/event/1/query?eventid=us10008q25&format=geojson",
        "felt": 1,
        "cdi": 2,
        "mmi": null,
        "alert": null,
        "status": "reviewed",
        "tsunami": 0,
        "sig": 385,
        "net": "us",
        "code": "10008q25",
        "ids": ",us10008q25,iscgem611833816,",
        "sources": ",us,iscgem,",
        "types": ",dyfi,origin,phase-data,",
        "nst": null,
        "dmin": 0.885,
        "rms": 0.83,
        "gap": 33,
        "magType": "mb",
        "type": "earthquake",
        "title": "M 5.0 - 4 km SSE of Ashk?sham, Afghanistan"
      },
      "geometry": {
        "type": "Point",
        "coordinates": [
          71.5463,
          36.6476,
          400.57
        ]
      },
      "id": "us10008q25"
    },
    {
      "type": "Feature",
      "properties": {
        "mag": 5,
        "place": "226 km N of Bamboo Flat, India",
        "time": 1494007115880,
        "updated": 1501298183040,
        "tz": null,
        "url": "https://earthquake.usgs.gov/earthquakes/eventpage/us10008puy",
        "detail": "https://earthquake.usgs.gov/fdsnws/event/1/query?eventid=us10008puy&format=geojson",
        "felt": null,
        "cdi": null,
        "mmi": null,
        "alert": null,
        "status": "reviewed",
        "tsunami": 0,
        "sig": 385,
        "net": "us",
        "code": "10008puy",
        "ids": ",us10008puy,",
        "sources": ",us,",
        "types": ",origin,phase-data,",
        "nst": null,
        "dmin": 2.08,
        "rms": 0.63,
        "gap": 68,
        "magType": "mb",
        "type": "earthquake",
        "title": "M 5.0 - 226 km N of Bamboo Flat, India"
      },
      "geometry": {
        "type": "Point",
        "coordinates": [
          92.548,
          13.7401,
          19.13
        ]
      },
      "id": "us10008puy"
    },
    {
      "type": "Feature",
      "properties": {
        "mag": 5.1,
        "place": "36 km S of Jurm, Afghanistan",
        "time": 1492470276490,
        "updated": 1766424160200,
        "tz": null,
        "url": "https://earthquake.usgs.gov/earthquakes/eventpage/us10008igs",
        "detail": "https://earthquake.usgs.gov/fdsnws/event/1/query?eventid=us10008igs&format=geojson",
        "felt": 10,
        "cdi": 3.1,
        "mmi": null,
        "alert": null,
        "status": "reviewed",
        "tsunami": 0,
        "sig": 403,
        "net": "us",
        "code": "10008igs",
        "ids": ",us10008igs,iscgem610529591,",
        "sources": ",us,iscgem,",
        "types": ",dyfi,origin,phase-data,",
        "nst": null,
        "dmin": 0.627,
        "rms": 0.73,
        "gap": 30,
        "magType": "mb",
        "type": "earthquake",
        "title": "M 5.1 - 36 km S of Jurm, Afghanistan"
      },
      "geometry": {
        "type": "Point",
        "coordinates": [
          70.8619,
          36.5405,
          194.44
        ]
      },
      "id": "us10008igs"
    },
    {
      "type": "Feature",
      "properties": {
        "mag": 5.3,
        "place": "Andaman Islands, India region",
        "time": 1491410676740,
        "updated": 1651601718906,
        "tz": null,
        "url": "https://earthquake.usgs.gov/earthquakes/eventpage/us10008ep4",
        "detail": "https://earthquake.usgs.gov/fdsnws/event/1/query?eventid=us10008ep4&format=geojson",
        "felt": null,
        "cdi": null,
        "mmi": null,
        "alert": null,
        "status": "reviewed",
        "tsunami": 0,
        "sig": 432,
        "net": "us",
        "code": "10008ep4",
        "ids": ",iscgem610502385,us10008ep4,",
        "sources": ",iscgem,us,",
        "types": ",origin,phase-data,",
        "nst": null,
        "dmin": 3.829,
        "rms": 0.85,
        "gap": 49,
        "magType": "mb",
        "type": "earthquake",
        "title": "M 5.3 - Andaman Islands, India region"
      },
      "geometry": {
        "type": "Point",
        "coordinates": [
          93.0491,
          14.4592,
          31.8
        ]
      },
      "id": "us10008ep4"
    },
    {
      "type": "Feature",
      "properties": {
        "mag": 6,
        "place": "Nicobar Islands, India region",
        "time": 1489459876770,
        "updated": 1651604264793,
        "tz": null,
        "url": "https://earthquake.usgs.gov/earthquakes/eventpage/us100088sf",
        "detail": "https://earthquake.usgs.gov/fdsnws/event/1/query?eventid=us100088sf&format=geojson",
        "felt": 7,
        "cdi": 3.5,
        "mmi": 2.99,
        "alert": "green",
        "status": "reviewed",
        "tsunami": 0,
        "sig": 556,
        "net": "us",
        "code": "100088sf",
        "ids": ",us100088sf,iscgem611832065,",
        "sources": ",us,iscgem,",
        "types": ",dyfi,losspager,moment-tensor,origin,phase-data,shakemap,",
        "nst": null,
        "dmin": 4.709,
        "rms": 0.69,
        "gap": 29,
        "magType": "mww",
        "type": "earthquake",
        "title": "M 6.0 - Nicobar Islands, India region"
      },
      "geometry": {
        "type": "Point",
        "coordinates": [
          92.3044,
          6.1457,
          10
        ]
      },
      "id": "us100088sf"
    },
    {
      "type": "Feature",
      "properties": {
        "mag": 5.1,
        "place": "36 km SE of Tharyarwady, Myanmar",
        "time": 1489414746670,
        "updated": 1651604263528,
        "tz": null,
        "url": "https://earthquake.usgs.gov/earthquakes/eventpage/us100088mq",
        "detail": "https://earthquake.usgs.gov/fdsnws/event/1/query?eventid=us100088mq&format=geojson",
        "felt": 90,
        "cdi": 4.6,
        "mmi": 6.262,
        "alert": null,
        "status": "reviewed",
        "tsunami": 0,
        "sig": 442,
        "net": "us",
        "code": "100088mq",
        "ids": ",us100088mq,iscgem611832038,",
        "sources": ",us,iscgem,",
        "types": ",dyfi,impact-text,origin,phase-data,shakemap,",
        "nst": null,
        "dmin": 0.551,
        "rms": 0.52,
        "gap": 42,
        "magType": "mb",
        "type": "earthquake",
        "title": "M 5.1 - 36 km SE of Tharyarwady, Myanmar"
      },
      "geometry": {
        "type": "Point",
        "coordinates": [
          95.9998,
          17.3991,
          10
        ]
      },
      "id": "us100088mq"
    },
    {
      "type": "Feature",
      "properties": {
        "mag": 5.1,
        "place": "55 km SSE of Phek, India",
        "time": 1488593513820,
        "updated": 1766424778366,
        "tz": null,
        "url": "https://earthquake.usgs.gov/earthquakes/eventpage/us100086x4",
        "detail": "https://earthquake.usgs.gov/fdsnws/event/1/query?eventid=us100086x4&format=geojson",
        "felt": 4,
        "cdi": 3.2,
        "mmi": null,
        "alert": null,
        "status": "reviewed",
        "tsunami": 0,
        "sig": 401,
        "net": "us",
        "code": "100086x4",
        "ids": ",us100086x4,iscgem611831957,",
        "sources": ",us,iscgem,",
        "types": ",dyfi,origin,phase-data,",
        "nst": null,
        "dmin": 1.009,
        "rms": 0.95,
        "gap": 27,
        "magType": "mb",
        "type": "earthquake",
        "title": "M 5.1 - 55 km SSE of Phek, India"
      },
      "geometry": {
        "type": "Point",
        "coordinates": [
          94.6658,
          25.1865,
          74.07
        ]
      },
      "id": "us100086x4"
    },
    {
      "type": "Feature",
      "properties": {
        "mag": 5.2,
        "place": "53 km ENE of Khorugh, Tajikistan",
        "time": 1488289338750,
        "updated": 1766424775531,
        "tz": null,
        "url": "https://earthquake.usgs.gov/earthquakes/eventpage/us20008mxr",
        "detail": "https://earthquake.usgs.gov/fdsnws/event/1/query?eventid=us20008mxr&format=geojson",
        "felt": 25,
        "cdi": 4.5,
        "mmi": null,
        "alert": null,
        "status": "reviewed",
        "tsunami": 0,
        "sig": 427,
        "net": "us",
        "code": "20008mxr",
        "ids": ",us20008mxr,iscgem611831916,",
        "sources": ",us,iscgem,",
        "types": ",dyfi,moment-tensor,origin,phase-data,",
        "nst": null,
        "dmin": 0.383,
        "rms": 0.73,
        "gap": 28,
        "magType": "mwb",
        "type": "earthquake",
        "title": "M 5.2 - 53 km ENE of Khorugh, Tajikistan"
      },
      "geometry": {
        "type": "Point",
        "coordinates": [
          72.101,
          37.6873,
          127.1
        ]
      },
      "id": "us20008mxr"
    },
    {
      "type": "Feature",
      "properties": {
        "mag": 5,
        "place": "37 km SSW of Chur?ch?ndpur, India",
        "time": 1487937770650,
        "updated": 1651601500054,
        "tz": null,
        "url": "https://earthquake.usgs.gov/earthquakes/eventpage/us20008m0e",
        "detail": "https://earthquake.usgs.gov/fdsnws/event/1/query?eventid=us20008m0e&format=geojson",
        "felt": 16,
        "cdi": 4.1,
        "mmi": null,
        "alert": null,
        "status": "reviewed",
        "tsunami": 0,
        "sig": 391,
        "net": "us",
        "code": "20008m0e",
        "ids": ",us20008m0e,iscgem610240619,",
        "sources": ",us,iscgem,",
        "types": ",dyfi,origin,phase-data,",
        "nst": null,
        "dmin": 0.769,
        "rms": 0.81,
        "gap": 43,
        "magType": "mb",
        "type": "earthquake",
        "title": "M 5.0 - 37 km SSW of Chur?ch?ndpur, India"
      },
      "geometry": {
        "type": "Point",
        "coordinates": [
          93.4825,
          24.0437,
          59.8
        ]
      },
      "id": "us20008m0e"
    },
    {
      "type": "Feature",
      "properties": {
        "mag": 5.1,
        "place": "36 km NW of P?palkoti, India",
        "time": 1486400586530,
        "updated": 1673527571081,
        "tz": null,
        "url": "https://earthquake.usgs.gov/earthquakes/eventpage/us20008hyg",
        "detail": "https://earthquake.usgs.gov/fdsnws/event/1/query?eventid=us20008hyg&format=geojson",
        "felt": 399,
        "cdi": 5.1,
        "mmi": 4.21,
        "alert": "green",
        "status": "reviewed",
        "tsunami": 0,
        "sig": 604,
        "net": "us",
        "code": "20008hyg",
        "ids": ",us20008hyg,iscgem610198067,",
        "sources": ",us,iscgem,",
        "types": ",dyfi,losspager,moment-tensor,origin,phase-data,shakemap,",
        "nst": null,
        "dmin": 5.823,
        "rms": 0.67,
        "gap": 39,
        "magType": "mwb",
        "type": "earthquake",
        "title": "M 5.1 - 36 km NW of P?palkoti, India"
      },
      "geometry": {
        "type": "Point",
        "coordinates": [
          79.1645,
          30.6544,
          16.05
        ]
      },
      "id": "us20008hyg"
    },
    {
      "type": "Feature",
      "properties": {
        "mag": 5.1,
        "place": "193 km NE of Jumla, Nepal",
        "time": 1485943664180,
        "updated": 1651601416586,
        "tz": null,
        "url": "https://earthquake.usgs.gov/earthquakes/eventpage/us10007wlj",
        "detail": "https://earthquake.usgs.gov/fdsnws/event/1/query?eventid=us10007wlj&format=geojson",
        "felt": 0,
        "cdi": 1,
        "mmi": null,
        "alert": null,
        "status": "reviewed",
        "tsunami": 0,
        "sig": 400,
        "net": "us",
        "code": "10007wlj",
        "ids": ",us10007wlj,iscgem610159957,",
        "sources": ",us,iscgem,",
        "types": ",dyfi,origin,phase-data,",
        "nst": null,
        "dmin": 3.419,
        "rms": 0.72,
        "gap": 30,
        "magType": "mb",
        "type": "earthquake",
        "title": "M 5.1 - 193 km NE of Jumla, Nepal"
      },
      "geometry": {
        "type": "Point",
        "coordinates": [
          83.3674,
          30.6877,
          10
        ]
      },
      "id": "us10007wlj"
    },
    {
      "type": "Feature",
      "properties": {
        "mag": 5.2,
        "place": "42 km SSE of Shahritus, Tajikistan",
        "time": 1483941550000,
        "updated": 1491006365040,
        "tz": null,
        "url": "https://earthquake.usgs.gov/earthquakes/eventpage/us10007s32",
        "detail": "https://earthquake.usgs.gov/fdsnws/event/1/query?eventid=us10007s32&format=geojson",
        "felt": null,
        "cdi": null,
        "mmi": null,
        "alert": null,
        "status": "reviewed",
        "tsunami": 0,
        "sig": 416,
        "net": "us",
        "code": "10007s32",
        "ids": ",us10007s32,",
        "sources": ",us,",
        "types": ",moment-tensor,origin,phase-data,",
        "nst": null,
        "dmin": 0.671,
        "rms": 1.03,
        "gap": 48,
        "magType": "mwr",
        "type": "earthquake",
        "title": "M 5.2 - 42 km SSE of Shahritus, Tajikistan"
      },
      "geometry": {
        "type": "Point",
        "coordinates": [
          68.3142,
          36.9069,
          25.83
        ]
      },
      "id": "us10007s32"
    },
    {
      "type": "Feature",
      "properties": {
        "mag": 5.1,
        "place": "37 km SSE of Mawlaik, Myanmar",
        "time": 1483469393560,
        "updated": 1766424768054,
        "tz": null,
        "url": "https://earthquake.usgs.gov/earthquakes/eventpage/us10007phv",
        "detail": "https://earthquake.usgs.gov/fdsnws/event/1/query?eventid=us10007phv&format=geojson",
        "felt": 31,
        "cdi": 4.6,
        "mmi": null,
        "alert": null,
        "status": "reviewed",
        "tsunami": 0,
        "sig": 414,
        "net": "us",
        "code": "10007phv",
        "ids": ",us10007phv,iscgem611831465,",
        "sources": ",us,iscgem,",
        "types": ",dyfi,impact-text,origin,phase-data,",
        "nst": null,
        "dmin": 0.927,
        "rms": 0.94,
        "gap": 46,
        "magType": "mb",
        "type": "earthquake",
        "title": "M 5.1 - 37 km SSE of Mawlaik, Myanmar"
      },
      "geometry": {
        "type": "Point",
        "coordinates": [
          94.5035,
          23.3168,
          88.62
        ]
      },
      "id": "us10007phv"
    },
    {
      "type": "Feature",
      "properties": {
        "mag": 5.7,
        "place": "18 km ENE of ?mb?sa, India",
        "time": 1483434542080,
        "updated": 1651604206324,
        "tz": null,
        "url": "https://earthquake.usgs.gov/earthquakes/eventpage/us10007pfk",
        "detail": "https://earthquake.usgs.gov/fdsnws/event/1/query?eventid=us10007pfk&format=geojson",
        "felt": 248,
        "cdi": 6.2,
        "mmi": 5.818,
        "alert": "green",
        "status": "reviewed",
        "tsunami": 0,
        "sig": 654,
        "net": "us",
        "code": "10007pfk",
        "ids": ",us10007pfk,iscgem611831467,",
        "sources": ",us,iscgem,",
        "types": ",dyfi,losspager,moment-tensor,origin,phase-data,shakemap,",
        "nst": null,
        "dmin": 1.375,
        "rms": 0.86,
        "gap": 20,
        "magType": "mww",
        "type": "earthquake",
        "title": "M 5.7 - 18 km ENE of ?mb?sa, India"
      },
      "geometry": {
        "type": "Point",
        "coordinates": [
          92.0177,
          24.0151,
          32
        ]
      },
      "id": "us10007pfk"
    },
    {
      "type": "Feature",
      "properties": {
        "mag": 5.6,
        "place": "southern Xinjiang, China",
        "time": 1482228279360,
        "updated": 1651601212169,
        "tz": null,
        "url": "https://earthquake.usgs.gov/earthquakes/eventpage/us200082s5",
        "detail": "https://earthquake.usgs.gov/fdsnws/event/1/query?eventid=us200082s5&format=geojson",
        "felt": null,
        "cdi": null,
        "mmi": 6.1,
        "alert": "green",
        "status": "reviewed",
        "tsunami": 0,
        "sig": 482,
        "net": "us",
        "code": "200082s5",
        "ids": ",us200082s5,iscgem609926541,",
        "sources": ",us,iscgem,",
        "types": ",losspager,moment-tensor,origin,phase-data,shakemap,",
        "nst": null,
        "dmin": 7.182,
        "rms": 0.83,
        "gap": 15,
        "magType": "mww",
        "type": "earthquake",
        "title": "M 5.6 - southern Xinjiang, China"
      },
      "geometry": {
        "type": "Point",
        "coordinates": [
          84.9583,
          37.1442,
          10
        ]
      },
      "id": "us200082s5"
    },
    {
      "type": "Feature",
      "properties": {
        "mag": 5,
        "place": "41 km SW of Ashk?sham, Afghanistan",
        "time": 1481155654110,
        "updated": 1488524767040,
        "tz": null,
        "url": "https://earthquake.usgs.gov/earthquakes/eventpage/us20007z1b",
        "detail": "https://earthquake.usgs.gov/fdsnws/event/1/query?eventid=us20007z1b&format=geojson",
        "felt": 6,
        "cdi": 3.6,
        "mmi": null,
        "alert": null,
        "status": "reviewed",
        "tsunami": 0,
        "sig": 387,
        "net": "us",
        "code": "20007z1b",
        "ids": ",us20007z1b,",
        "sources": ",us,",
        "types": ",dyfi,impact-text,origin,phase-data,",
        "nst": null,
        "dmin": 0.818,
        "rms": 0.8,
        "gap": 45,
        "magType": "mb",
        "type": "earthquake",
        "title": "M 5.0 - 41 km SW of Ashk?sham, Afghanistan"
      },
      "geometry": {
        "type": "Point",
        "coordinates": [
          71.1604,
          36.454,
          87.51
        ]
      },
      "id": "us20007z1b"
    },
    {
      "type": "Feature",
      "properties": {
        "mag": 5.2,
        "place": "104 km N of Nagqu, China",
        "time": 1480887263310,
        "updated": 1651601040549,
        "tz": null,
        "url": "https://earthquake.usgs.gov/earthquakes/eventpage/us10007euj",
        "detail": "https://earthquake.usgs.gov/fdsnws/event/1/query?eventid=us10007euj&format=geojson",
        "felt": null,
        "cdi": null,
        "mmi": null,
        "alert": null,
        "status": "reviewed",
        "tsunami": 0,
        "sig": 416,
        "net": "us",
        "code": "10007euj",
        "ids": ",us10007euj,iscgem609824335,",
        "sources": ",us,iscgem,",
        "types": ",moment-tensor,origin,phase-data,",
        "nst": null,
        "dmin": 2.837,
        "rms": 0.77,
        "gap": 26,
        "magType": "mwb",
        "type": "earthquake",
        "title": "M 5.2 - 104 km N of Nagqu, China"
      },
      "geometry": {
        "type": "Point",
        "coordinates": [
          92.116,
          32.4198,
          10
        ]
      },
      "id": "us10007euj"
    },
    {
      "type": "Feature",
      "properties": {
        "mag": 5.2,
        "place": "18 km NE of Dh?rchula, India",
        "time": 1480611170110,
        "updated": 1673528048773,
        "tz": null,
        "url": "https://earthquake.usgs.gov/earthquakes/eventpage/us10007e1x",
        "detail": "https://earthquake.usgs.gov/fdsnws/event/1/query?eventid=us10007e1x&format=geojson",
        "felt": 10,
        "cdi": 3.1,
        "mmi": null,
        "alert": null,
        "status": "reviewed",
        "tsunami": 0,
        "sig": 419,
        "net": "us",
        "code": "10007e1x",
        "ids": ",us10007e1x,",
        "sources": ",us,",
        "types": ",dyfi,impact-text,origin,phase-data,",
        "nst": null,
        "dmin": 4.687,
        "rms": 0.76,
        "gap": 41,
        "magType": "mb",
        "type": "earthquake",
        "title": "M 5.2 - 18 km NE of Dh?rchula, India"
      },
      "geometry": {
        "type": "Point",
        "coordinates": [
          80.6321,
          29.979,
          31.96
        ]
      },
      "id": "us10007e1x"
    },
    {
      "type": "Feature",
      "properties": {
        "mag": 5.4,
        "place": "17 km W of Namche Bazar, Nepal",
        "time": 1480289721020,
        "updated": 1651607404618,
        "tz": null,
        "url": "https://earthquake.usgs.gov/earthquakes/eventpage/us10007cuh",
        "detail": "https://earthquake.usgs.gov/fdsnws/event/1/query?eventid=us10007cuh&format=geojson",
        "felt": 120,
        "cdi": 5.4,
        "mmi": 5.538,
        "alert": null,
        "status": "reviewed",
        "tsunami": 0,
        "sig": 513,
        "net": "us",
        "code": "10007cuh",
        "ids": ",us10007cuh,iscgem615078973,",
        "sources": ",us,iscgem,",
        "types": ",cap,dyfi,impact-text,origin,phase-data,shakemap,",
        "nst": null,
        "dmin": 1.081,
        "rms": 0.67,
        "gap": 30,
        "magType": "mb",
        "type": "earthquake",
        "title": "M 5.4 - 17 km W of Namche Bazar, Nepal"
      },
      "geometry": {
        "type": "Point",
        "coordinates": [
          86.5319,
          27.8015,
          10
        ]
      },
      "id": "us10007cuh"
    },
    {
      "type": "Feature",
      "properties": {
        "mag": 5,
        "place": "198 km NNW of Qamdo, China",
        "time": 1479419156570,
        "updated": 1486609353040,
        "tz": null,
        "url": "https://earthquake.usgs.gov/earthquakes/eventpage/us100079n7",
        "detail": "https://earthquake.usgs.gov/fdsnws/event/1/query?eventid=us100079n7&format=geojson",
        "felt": null,
        "cdi": null,
        "mmi": null,
        "alert": null,
        "status": "reviewed",
        "tsunami": 0,
        "sig": 385,
        "net": "us",
        "code": "100079n7",
        "ids": ",us100079n7,",
        "sources": ",us,",
        "types": ",cap,origin,phase-data,",
        "nst": null,
        "dmin": 5.231,
        "rms": 0.63,
        "gap": 28,
        "magType": "mb",
        "type": "earthquake",
        "title": "M 5.0 - 198 km NNW of Qamdo, China"
      },
      "geometry": {
        "type": "Point",
        "coordinates": [
          96.1511,
          32.6865,
          10
        ]
      },
      "id": "us100079n7"
    },
    {
      "type": "Feature",
      "properties": {
        "mag": 5.4,
        "place": "37 km S of Jurm, Afghanistan",
        "time": 1479225776270,
        "updated": 1766425048554,
        "tz": null,
        "url": "https://earthquake.usgs.gov/earthquakes/eventpage/us100078bp",
        "detail": "https://earthquake.usgs.gov/fdsnws/event/1/query?eventid=us100078bp&format=geojson",
        "felt": 30,
        "cdi": 4.5,
        "mmi": null,
        "alert": null,
        "status": "reviewed",
        "tsunami": 0,
        "sig": 462,
        "net": "us",
        "code": "100078bp",
        "ids": ",us100078bp,iscgem615039232,",
        "sources": ",us,iscgem,",
        "types": ",cap,dyfi,impact-text,moment-tensor,origin,phase-data,",
        "nst": null,
        "dmin": 0.637,
        "rms": 0.67,
        "gap": 26,
        "magType": "mww",
        "type": "earthquake",
        "title": "M 5.4 - 37 km S of Jurm, Afghanistan"
      },
      "geometry": {
        "type": "Point",
        "coordinates": [
          70.8421,
          36.5242,
          190.95
        ]
      },
      "id": "us100078bp"
    },
    {
      "type": "Feature",
      "properties": {
        "mag": 5.1,
        "place": "35 km SW of Ashk?sham, Afghanistan",
        "time": 1476924001710,
        "updated": 1766423947622,
        "tz": null,
        "url": "https://earthquake.usgs.gov/earthquakes/eventpage/us20007fi0",
        "detail": "https://earthquake.usgs.gov/fdsnws/event/1/query?eventid=us20007fi0&format=geojson",
        "felt": 4,
        "cdi": 3.4,
        "mmi": null,
        "alert": null,
        "status": "reviewed",
        "tsunami": 0,
        "sig": 402,
        "net": "us",
        "code": "20007fi0",
        "ids": ",us20007fi0,iscgem609610700,",
        "sources": ",us,iscgem,",
        "types": ",cap,dyfi,impact-text,origin,phase-data,",
        "nst": null,
        "dmin": 1.128,
        "rms": 1.19,
        "gap": 57,
        "magType": "mb",
        "type": "earthquake",
        "title": "M 5.1 - 35 km SW of Ashk?sham, Afghanistan"
      },
      "geometry": {
        "type": "Point",
        "coordinates": [
          71.2694,
          36.4437,
          106.95
        ]
      },
      "id": "us20007fi0"
    },
    {
      "type": "Feature",
      "properties": {
        "mag": 5.9,
        "place": "Xizang-Qinghai border region",
        "time": 1476688490870,
        "updated": 1651600919791,
        "tz": null,
        "url": "https://earthquake.usgs.gov/earthquakes/eventpage/us20007eqh",
        "detail": "https://earthquake.usgs.gov/fdsnws/event/1/query?eventid=us20007eqh&format=geojson",
        "felt": null,
        "cdi": null,
        "mmi": 5.612,
        "alert": "green",
        "status": "reviewed",
        "tsunami": 0,
        "sig": 536,
        "net": "us",
        "code": "20007eqh",
        "ids": ",us20007eqh,gcmt20161017071449,iscgem609596827,",
        "sources": ",us,gcmt,iscgem,",
        "types": ",cap,losspager,moment-tensor,origin,phase-data,shakemap,",
        "nst": null,
        "dmin": 4.519,
        "rms": 0.82,
        "gap": 11,
        "magType": "mww",
        "type": "earthquake",
        "title": "M 5.9 - Xizang-Qinghai border region"
      },
      "geometry": {
        "type": "Point",
        "coordinates": [
          94.8768,
          32.8959,
          35
        ]
      },
      "id": "us20007eqh"
    },
    {
      "type": "Feature",
      "properties": {
        "mag": 5.4,
        "place": "62 km NNE of Muzaffar?b?d, Pakistan",
        "time": 1475309074330,
        "updated": 1651600846465,
        "tz": null,
        "url": "https://earthquake.usgs.gov/earthquakes/eventpage/us10006ucc",
        "detail": "https://earthquake.usgs.gov/fdsnws/event/1/query?eventid=us10006ucc&format=geojson",
        "felt": 6,
        "cdi": 4.6,
        "mmi": 6.279,
        "alert": null,
        "status": "reviewed",
        "tsunami": 0,
        "sig": 451,
        "net": "us",
        "code": "10006ucc",
        "ids": ",us10006ucc,iscgem609569079,",
        "sources": ",us,iscgem,",
        "types": ",cap,dyfi,impact-text,origin,phase-data,shakemap,",
        "nst": null,
        "dmin": 1.297,
        "rms": 0.86,
        "gap": 54,
        "magType": "mb",
        "type": "earthquake",
        "title": "M 5.4 - 62 km NNE of Muzaffar?b?d, Pakistan"
      },
      "geometry": {
        "type": "Point",
        "coordinates": [
          73.6822,
          34.9048,
          10
        ]
      },
      "id": "us10006ucc"
    },
    {
      "type": "Feature",
      "properties": {
        "mag": 5,
        "place": "201 km SW of Port Blair, India",
        "time": 1473906646460,
        "updated": 1481079376040,
        "tz": null,
        "url": "https://earthquake.usgs.gov/earthquakes/eventpage/us10006pnx",
        "detail": "https://earthquake.usgs.gov/fdsnws/event/1/query?eventid=us10006pnx&format=geojson",
        "felt": 1,
        "cdi": 2,
        "mmi": null,
        "alert": null,
        "status": "reviewed",
        "tsunami": 0,
        "sig": 385,
        "net": "us",
        "code": "10006pnx",
        "ids": ",us10006pnx,",
        "sources": ",us,",
        "types": ",cap,dyfi,impact-text,origin,phase-data,",
        "nst": null,
        "dmin": 1.796,
        "rms": 0.8,
        "gap": 102,
        "magType": "mb",
        "type": "earthquake",
        "title": "M 5.0 - 201 km SW of Port Blair, India"
      },
      "geometry": {
        "type": "Point",
        "coordinates": [
          91.7111,
          10.1636,
          20.94
        ]
      },
      "id": "us10006pnx"
    },
    {
      "type": "Feature",
      "properties": {
        "mag": 6.8,
        "place": "26 km W of Chauk, Myanmar",
        "time": 1472034894580,
        "updated": 1702917239409,
        "tz": null,
        "url": "https://earthquake.usgs.gov/earthquakes/eventpage/us10006gbf",
        "detail": "https://earthquake.usgs.gov/fdsnws/event/1/query?eventid=us10006gbf&format=geojson",
        "felt": 300,
        "cdi": 6.4,
        "mmi": 6.429,
        "alert": "yellow",
        "status": "reviewed",
        "tsunami": 0,
        "sig": 903,
        "net": "us",
        "code": "10006gbf",
        "ids": ",us10006gbf,gcmt20160824103455,iscgem611830425,atlas20160824103455,",
        "sources": ",us,gcmt,iscgem,atlas,",
        "types": ",cap,dyfi,impact-text,losspager,moment-tensor,origin,phase-data,shakemap,",
        "nst": null,
        "dmin": 1.802,
        "rms": 1.05,
        "gap": 17,
        "magType": "mww",
        "type": "earthquake",
        "title": "M 6.8 - 26 km W of Chauk, Myanmar"
      },
      "geometry": {
        "type": "Point",
        "coordinates": [
          94.569,
          20.9228,
          82
        ]
      },
      "id": "us10006gbf"
    },
    {
      "type": "Feature",
      "properties": {
        "mag": 5,
        "place": "41 km NE of Mawlaik, Myanmar",
        "time": 1471918272810,
        "updated": 1766423845594,
        "tz": null,
        "url": "https://earthquake.usgs.gov/earthquakes/eventpage/us10006fx8",
        "detail": "https://earthquake.usgs.gov/fdsnws/event/1/query?eventid=us10006fx8&format=geojson",
        "felt": 43,
        "cdi": 4.3,
        "mmi": null,
        "alert": null,
        "status": "reviewed",
        "tsunami": 0,
        "sig": 403,
        "net": "us",
        "code": "10006fx8",
        "ids": ",us10006fx8,iscgem609375525,",
        "sources": ",us,iscgem,",
        "types": ",cap,dyfi,impact-text,moment-tensor,origin,phase-data,",
        "nst": null,
        "dmin": 0.491,
        "rms": 0.71,
        "gap": 22,
        "magType": "mwr",
        "type": "earthquake",
        "title": "M 5.0 - 41 km NE of Mawlaik, Myanmar"
      },
      "geometry": {
        "type": "Point",
        "coordinates": [
          94.6983,
          23.8972,
          101.74
        ]
      },
      "id": "us10006fx8"
    },
    {
      "type": "Feature",
      "properties": {
        "mag": 5.1,
        "place": "16 km W of Pakokku, Myanmar",
        "time": 1470045668200,
        "updated": 1766422397776,
        "tz": null,
        "url": "https://earthquake.usgs.gov/earthquakes/eventpage/us1000696h",
        "detail": "https://earthquake.usgs.gov/fdsnws/event/1/query?eventid=us1000696h&format=geojson",
        "felt": 4,
        "cdi": 3.1,
        "mmi": null,
        "alert": null,
        "status": "reviewed",
        "tsunami": 0,
        "sig": 401,
        "net": "us",
        "code": "1000696h",
        "ids": ",us1000696h,iscgem611830272,",
        "sources": ",us,iscgem,",
        "types": ",cap,dyfi,impact-text,origin,phase-data,",
        "nst": null,
        "dmin": 1.304,
        "rms": 0.94,
        "gap": 29,
        "magType": "mb",
        "type": "earthquake",
        "title": "M 5.1 - 16 km W of Pakokku, Myanmar"
      },
      "geometry": {
        "type": "Point",
        "coordinates": [
          94.9305,
          21.3109,
          131.47
        ]
      },
      "id": "us1000696h"
    },
    {
      "type": "Feature",
      "properties": {
        "mag": 5,
        "place": "166 km SSE of Pyapon, Myanmar",
        "time": 1469401789190,
        "updated": 1474757238040,
        "tz": null,
        "url": "https://earthquake.usgs.gov/earthquakes/eventpage/us1000680u",
        "detail": "https://earthquake.usgs.gov/fdsnws/event/1/query?eventid=us1000680u&format=geojson",
        "felt": 0,
        "cdi": 1,
        "mmi": null,
        "alert": null,
        "status": "reviewed",
        "tsunami": 0,
        "sig": 385,
        "net": "us",
        "code": "1000680u",
        "ids": ",us1000680u,",
        "sources": ",us,",
        "types": ",dyfi,origin,phase-data,",
        "nst": null,
        "dmin": 1.898,
        "rms": 1.04,
        "gap": 81,
        "magType": "mb",
        "type": "earthquake",
        "title": "M 5.0 - 166 km SSE of Pyapon, Myanmar"
      },
      "geometry": {
        "type": "Point",
        "coordinates": [
          96.4342,
          14.9748,
          27.75
        ]
      },
      "id": "us1000680u"
    },
    {
      "type": "Feature",
      "properties": {
        "mag": 5.3,
        "place": "45 km SSW of Jurm, Afghanistan",
        "time": 1466681738380,
        "updated": 1766424741012,
        "tz": null,
        "url": "https://earthquake.usgs.gov/earthquakes/eventpage/us2000668i",
        "detail": "https://earthquake.usgs.gov/fdsnws/event/1/query?eventid=us2000668i&format=geojson",
        "felt": 3,
        "cdi": 3.1,
        "mmi": null,
        "alert": null,
        "status": "reviewed",
        "tsunami": 0,
        "sig": 433,
        "net": "us",
        "code": "2000668i",
        "ids": ",us2000668i,iscgem611829995,",
        "sources": ",us,iscgem,",
        "types": ",cap,dyfi,impact-text,moment-tensor,origin,phase-data,",
        "nst": null,
        "dmin": 0.661,
        "rms": 0.97,
        "gap": 22,
        "magType": "mww",
        "type": "earthquake",
        "title": "M 5.3 - 45 km SSW of Jurm, Afghanistan"
      },
      "geometry": {
        "type": "Point",
        "coordinates": [
          70.6894,
          36.4695,
          210
        ]
      },
      "id": "us2000668i"
    },
    {
      "type": "Feature",
      "properties": {
        "mag": 5.1,
        "place": "94 km NE of Lobujya, Nepal",
        "time": 1463882754680,
        "updated": 1659482892819,
        "tz": null,
        "url": "https://earthquake.usgs.gov/earthquakes/eventpage/us10005j6d",
        "detail": "https://earthquake.usgs.gov/fdsnws/event/1/query?eventid=us10005j6d&format=geojson",
        "felt": 2,
        "cdi": 2,
        "mmi": null,
        "alert": null,
        "status": "reviewed",
        "tsunami": 0,
        "sig": 401,
        "net": "us",
        "code": "10005j6d",
        "ids": ",us10005j6d,iscgem608817507,",
        "sources": ",us,iscgem,",
        "types": ",cap,dyfi,impact-text,origin,phase-data,",
        "nst": null,
        "dmin": 2.091,
        "rms": 0.71,
        "gap": 39,
        "magType": "mb",
        "type": "earthquake",
        "title": "M 5.1 - 94 km NE of Lobujya, Nepal"
      },
      "geometry": {
        "type": "Point",
        "coordinates": [
          87.4796,
          28.5654,
          4.44
        ]
      },
      "id": "us10005j6d"
    },
    {
      "type": "Feature",
      "properties": {
        "mag": 5.4,
        "place": "89 km NE of Lobujya, Nepal",
        "time": 1463881728130,
        "updated": 1659482834468,
        "tz": null,
        "url": "https://earthquake.usgs.gov/earthquakes/eventpage/us10005j6b",
        "detail": "https://earthquake.usgs.gov/fdsnws/event/1/query?eventid=us10005j6b&format=geojson",
        "felt": 1,
        "cdi": 2,
        "mmi": null,
        "alert": null,
        "status": "reviewed",
        "tsunami": 0,
        "sig": 449,
        "net": "us",
        "code": "10005j6b",
        "ids": ",us10005j6b,gcmt20160522014848,iscgem608816417,",
        "sources": ",us,gcmt,iscgem,",
        "types": ",cap,dyfi,impact-text,moment-tensor,origin,phase-data,",
        "nst": null,
        "dmin": 2.093,
        "rms": 0.9,
        "gap": 36,
        "magType": "mwc",
        "type": "earthquake",
        "title": "M 5.4 - 89 km NE of Lobujya, Nepal"
      },
      "geometry": {
        "type": "Point",
        "coordinates": [
          87.5326,
          28.4538,
          9.36
        ]
      },
      "id": "us10005j6b"
    },
    {
      "type": "Feature",
      "properties": {
        "mag": 5.2,
        "place": "227 km WNW of Qamdo, China",
        "time": 1462929347220,
        "updated": 1718581515024,
        "tz": null,
        "url": "https://earthquake.usgs.gov/earthquakes/eventpage/us10005gf4",
        "detail": "https://earthquake.usgs.gov/fdsnws/event/1/query?eventid=us10005gf4&format=geojson",
        "felt": null,
        "cdi": null,
        "mmi": 6.345,
        "alert": "green",
        "status": "reviewed",
        "tsunami": 0,
        "sig": 416,
        "net": "us",
        "code": "10005gf4",
        "ids": ",us10005gf4,gcmt20160511011547,iscgem611461891,atlas20160511011547,",
        "sources": ",us,gcmt,iscgem,atlas,",
        "types": ",cap,impact-text,losspager,moment-tensor,origin,phase-data,shakemap,trump-shakemap,",
        "nst": null,
        "dmin": 4.072,
        "rms": 0.89,
        "gap": 25,
        "magType": "mwb",
        "type": "earthquake",
        "title": "M 5.2 - 227 km WNW of Qamdo, China"
      },
      "geometry": {
        "type": "Point",
        "coordinates": [
          95.0268,
          32.0221,
          8
        ]
      },
      "id": "us10005gf4"
    },
    {
      "type": "Feature",
      "properties": {
        "mag": 5.2,
        "place": "137 km WSW of Bamboo Flat, India",
        "time": 1462809827250,
        "updated": 1766423685259,
        "tz": null,
        "url": "https://earthquake.usgs.gov/earthquakes/eventpage/us10005g2n",
        "detail": "https://earthquake.usgs.gov/fdsnws/event/1/query?eventid=us10005g2n&format=geojson",
        "felt": 1,
        "cdi": 3.4,
        "mmi": null,
        "alert": null,
        "status": "reviewed",
        "tsunami": 0,
        "sig": 416,
        "net": "us",
        "code": "10005g2n",
        "ids": ",us10005g2n,iscgem608638853,",
        "sources": ",us,iscgem,",
        "types": ",cap,dyfi,impact-text,origin,phase-data,",
        "nst": null,
        "dmin": 8.122,
        "rms": 0.77,
        "gap": 36,
        "magType": "mb",
        "type": "earthquake",
        "title": "M 5.2 - 137 km WSW of Bamboo Flat, India"
      },
      "geometry": {
        "type": "Point",
        "coordinates": [
          91.5047,
          11.3506,
          10
        ]
      },
      "id": "us10005g2n"
    },
    {
      "type": "Feature",
      "properties": {
        "mag": 5.1,
        "place": "Afghanistan-Tajikistan border region",
        "time": 1461534190390,
        "updated": 1659470388458,
        "tz": null,
        "url": "https://earthquake.usgs.gov/earthquakes/eventpage/us20005lgb",
        "detail": "https://earthquake.usgs.gov/fdsnws/event/1/query?eventid=us20005lgb&format=geojson",
        "felt": 3,
        "cdi": 4.3,
        "mmi": null,
        "alert": null,
        "status": "reviewed",
        "tsunami": 0,
        "sig": 401,
        "net": "us",
        "code": "20005lgb",
        "ids": ",us20005lgb,",
        "sources": ",us,",
        "types": ",cap,dyfi,impact-text,moment-tensor,origin,phase-data,",
        "nst": null,
        "dmin": 0.546,
        "rms": 0.98,
        "gap": 39,
        "magType": "mwr",
        "type": "earthquake",
        "title": "M 5.1 - Afghanistan-Tajikistan border region"
      },
      "geometry": {
        "type": "Point",
        "coordinates": [
          71.4798,
          37.0018,
          114.79
        ]
      },
      "id": "us20005lgb"
    },
    {
      "type": "Feature",
      "properties": {
        "mag": 5.3,
        "place": "190 km SSE of Port Blair, India",
        "time": 1461097977090,
        "updated": 1766423663644,
        "tz": null,
        "url": "https://earthquake.usgs.gov/earthquakes/eventpage/us20005jx7",
        "detail": "https://earthquake.usgs.gov/fdsnws/event/1/query?eventid=us20005jx7&format=geojson",
        "felt": 0,
        "cdi": 1,
        "mmi": null,
        "alert": null,
        "status": "reviewed",
        "tsunami": 0,
        "sig": 432,
        "net": "us",
        "code": "20005jx7",
        "ids": ",us20005jx7,iscgem608575476,",
        "sources": ",us,iscgem,",
        "types": ",cap,dyfi,origin,phase-data,",
        "nst": null,
        "dmin": 1.706,
        "rms": 0.91,
        "gap": 36,
        "magType": "mb",
        "type": "earthquake",
        "title": "M 5.3 - 190 km SSE of Port Blair, India"
      },
      "geometry": {
        "type": "Point",
        "coordinates": [
          93.6895,
          10.2153,
          10
        ]
      },
      "id": "us20005jx7"
    },
    {
      "type": "Feature",
      "properties": {
        "mag": 6.9,
        "place": "76 km SE of Mawlaik, Myanmar",
        "time": 1460555717800,
        "updated": 1651603869920,
        "tz": null,
        "url": "https://earthquake.usgs.gov/earthquakes/eventpage/us20005hqz",
        "detail": "https://earthquake.usgs.gov/fdsnws/event/1/query?eventid=us20005hqz&format=geojson",
        "felt": 289,
        "cdi": 5.9,
        "mmi": 5.748,
        "alert": "yellow",
        "status": "reviewed",
        "tsunami": 0,
        "sig": 903,
        "net": "us",
        "code": "20005hqz",
        "ids": ",us20005hqz,gcmt20160413135517,iscgem611829306,atlas20160413135517,",
        "sources": ",us,gcmt,iscgem,atlas,",
        "types": ",cap,dyfi,general-text,impact-text,losspager,moment-tensor,origin,phase-data,shakemap,",
        "nst": null,
        "dmin": 3.001,
        "rms": 1.03,
        "gap": 14,
        "magType": "mww",
        "type": "earthquake",
        "title": "M 6.9 - 76 km SE of Mawlaik, Myanmar"
      },
      "geometry": {
        "type": "Point",
        "coordinates": [
          94.8654,
          23.0944,
          136
        ]
      },
      "id": "us20005hqz"
    },
    {
      "type": "Feature",
      "properties": {
        "mag": 6.6,
        "place": "42 km WSW of Ashk?sham, Afghanistan",
        "time": 1460284138720,
        "updated": 1651599849631,
        "tz": null,
        "url": "https://earthquake.usgs.gov/earthquakes/eventpage/us20005gsg",
        "detail": "https://earthquake.usgs.gov/fdsnws/event/1/query?eventid=us20005gsg&format=geojson",
        "felt": 117,
        "cdi": 5.8,
        "mmi": 4.363,
        "alert": "green",
        "status": "reviewed",
        "tsunami": 0,
        "sig": 738,
        "net": "us",
        "code": "20005gsg",
        "ids": ",us20005gsg,gcmt20160410102858,iscgem608545133,atlas20160410102858,",
        "sources": ",us,gcmt,iscgem,atlas,",
        "types": ",cap,dyfi,impact-text,losspager,moment-tensor,origin,phase-data,shakemap,",
        "nst": null,
        "dmin": 0.789,
        "rms": 1.03,
        "gap": 17,
        "magType": "mww",
        "type": "earthquake",
        "title": "M 6.6 - 42 km WSW of Ashk?sham, Afghanistan"
      },
      "geometry": {
        "type": "Point",
        "coordinates": [
          71.1311,
          36.4725,
          212
        ]
      },
      "id": "us20005gsg"
    },
    {
      "type": "Feature",
      "properties": {
        "mag": 5,
        "place": "38 km SE of Lakhipur, India",
        "time": 1459842144390,
        "updated": 1659869172440,
        "tz": null,
        "url": "https://earthquake.usgs.gov/earthquakes/eventpage/us20005fj8",
        "detail": "https://earthquake.usgs.gov/fdsnws/event/1/query?eventid=us20005fj8&format=geojson",
        "felt": 40,
        "cdi": 4.3,
        "mmi": null,
        "alert": null,
        "status": "reviewed",
        "tsunami": 0,
        "sig": 402,
        "net": "us",
        "code": "20005fj8",
        "ids": ",us20005fj8,iscgem608535557,",
        "sources": ",us,iscgem,",
        "types": ",cap,dyfi,impact-text,origin,phase-data,",
        "nst": null,
        "dmin": 1.198,
        "rms": 0.81,
        "gap": 37,
        "magType": "mb",
        "type": "earthquake",
        "title": "M 5.0 - 38 km SE of Lakhipur, India"
      },
      "geometry": {
        "type": "Point",
        "coordinates": [
          90.5452,
          25.7595,
          10
        ]
      },
      "id": "us20005fj8"
    },
    {
      "type": "Feature",
      "properties": {
        "mag": 5.1,
        "place": "227 km WNW of Qamdo, China",
        "time": 1456187618210,
        "updated": 1478816019070,
        "tz": null,
        "url": "https://earthquake.usgs.gov/earthquakes/eventpage/us10004rwh",
        "detail": "https://earthquake.usgs.gov/fdsnws/event/1/query?eventid=us10004rwh&format=geojson",
        "felt": 0,
        "cdi": 1,
        "mmi": null,
        "alert": null,
        "status": "reviewed",
        "tsunami": 0,
        "sig": 400,
        "net": "us",
        "code": "10004rwh",
        "ids": ",us10004rwh,gcmt20160223003338,",
        "sources": ",us,gcmt,",
        "types": ",cap,dyfi,origin,phase-data,",
        "nst": null,
        "dmin": 7.044,
        "rms": 0.84,
        "gap": 19,
        "magType": "mb",
        "type": "earthquake",
        "title": "M 5.1 - 227 km WNW of Qamdo, China"
      },
      "geometry": {
        "type": "Point",
        "coordinates": [
          95.0448,
          32.0565,
          10
        ]
      },
      "id": "us10004rwh"
    },
    {
      "type": "Feature",
      "properties": {
        "mag": 5.1,
        "place": "40 km NE of Bharatpur, Nepal",
        "time": 1456078200970,
        "updated": 1659866135375,
        "tz": null,
        "url": "https://earthquake.usgs.gov/earthquakes/eventpage/us10004rjm",
        "detail": "https://earthquake.usgs.gov/fdsnws/event/1/query?eventid=us10004rjm&format=geojson",
        "felt": 21,
        "cdi": 4.3,
        "mmi": null,
        "alert": null,
        "status": "reviewed",
        "tsunami": 0,
        "sig": 409,
        "net": "us",
        "code": "10004rjm",
        "ids": ",us10004rjm,iscgem611838888,",
        "sources": ",us,iscgem,",
        "types": ",dyfi,impact-text,origin,phase-data,",
        "nst": null,
        "dmin": 0.604,
        "rms": 0.87,
        "gap": 39,
        "magType": "mb",
        "type": "earthquake",
        "title": "M 5.1 - 40 km NE of Bharatpur, Nepal"
      },
      "geometry": {
        "type": "Point",
        "coordinates": [
          84.6943,
          27.9633,
          16.72
        ]
      },
      "id": "us10004rjm"
    },
    {
      "type": "Feature",
      "properties": {
        "mag": 5.2,
        "place": "41 km S of Jurm, Afghanistan",
        "time": 1456045928130,
        "updated": 1766424384765,
        "tz": null,
        "url": "https://earthquake.usgs.gov/earthquakes/eventpage/us10004rhs",
        "detail": "https://earthquake.usgs.gov/fdsnws/event/1/query?eventid=us10004rhs&format=geojson",
        "felt": 13,
        "cdi": 3.1,
        "mmi": 3.01,
        "alert": "green",
        "status": "reviewed",
        "tsunami": 0,
        "sig": 420,
        "net": "us",
        "code": "10004rhs",
        "ids": ",us10004rhs,gcmt20160221091208,iscgem610982419,",
        "sources": ",us,gcmt,iscgem,",
        "types": ",dyfi,impact-text,losspager,moment-tensor,origin,phase-data,shakemap,",
        "nst": null,
        "dmin": 0.675,
        "rms": 0.73,
        "gap": 40,
        "magType": "mww",
        "type": "earthquake",
        "title": "M 5.2 - 41 km S of Jurm, Afghanistan"
      },
      "geometry": {
        "type": "Point",
        "coordinates": [
          70.8607,
          36.4892,
          174
        ]
      },
      "id": "us10004rhs"
    },
    {
      "type": "Feature",
      "properties": {
        "mag": 5.2,
        "place": "19 km N of Kathmandu, Nepal",
        "time": 1454689211740,
        "updated": 1659864130461,
        "tz": null,
        "url": "https://earthquake.usgs.gov/earthquakes/eventpage/us20004y4t",
        "detail": "https://earthquake.usgs.gov/fdsnws/event/1/query?eventid=us20004y4t&format=geojson",
        "felt": 87,
        "cdi": 5.6,
        "mmi": 4.463,
        "alert": null,
        "status": "reviewed",
        "tsunami": 0,
        "sig": 465,
        "net": "us",
        "code": "20004y4t",
        "ids": ",us20004y4t,iscgem608314482,",
        "sources": ",us,iscgem,",
        "types": ",cap,dyfi,impact-text,origin,phase-data,shakemap,",
        "nst": null,
        "dmin": 0.166,
        "rms": 0.82,
        "gap": 44,
        "magType": "mb",
        "type": "earthquake",
        "title": "M 5.2 - 19 km N of Kathmandu, Nepal"
      },
      "geometry": {
        "type": "Point",
        "coordinates": [
          85.3377,
          27.8782,
          23.53
        ]
      },
      "id": "us20004y4t"
    },
    {
      "type": "Feature",
      "properties": {
        "mag": 5.1,
        "place": "291 km N of Bamboo Flat, India",
        "time": 1454599849930,
        "updated": 1460674304040,
        "tz": null,
        "url": "https://earthquake.usgs.gov/earthquakes/eventpage/us20004x3a",
        "detail": "https://earthquake.usgs.gov/fdsnws/event/1/query?eventid=us20004x3a&format=geojson",
        "felt": 0,
        "cdi": 1,
        "mmi": null,
        "alert": null,
        "status": "reviewed",
        "tsunami": 0,
        "sig": 400,
        "net": "us",
        "code": "20004x3a",
        "ids": ",us20004x3a,",
        "sources": ",us,",
        "types": ",cap,dyfi,origin,phase-data,",
        "nst": null,
        "dmin": 2.659,
        "rms": 1.06,
        "gap": 47,
        "magType": "mb",
        "type": "earthquake",
        "title": "M 5.1 - 291 km N of Bamboo Flat, India"
      },
      "geometry": {
        "type": "Point",
        "coordinates": [
          93.204,
          14.2933,
          10
        ]
      },
      "id": "us20004x3a"
    },
    {
      "type": "Feature",
      "properties": {
        "mag": 5.2,
        "place": "19 km N of Farkh?r, Afghanistan",
        "time": 1453850348860,
        "updated": 1766424919732,
        "tz": null,
        "url": "https://earthquake.usgs.gov/earthquakes/eventpage/us20004uwb",
        "detail": "https://earthquake.usgs.gov/fdsnws/event/1/query?eventid=us20004uwb&format=geojson",
        "felt": 5,
        "cdi": 3.1,
        "mmi": null,
        "alert": null,
        "status": "reviewed",
        "tsunami": 0,
        "sig": 418,
        "net": "us",
        "code": "20004uwb",
        "ids": ",us20004uwb,gcmt20160126231908,iscgem611838735,",
        "sources": ",us,gcmt,iscgem,",
        "types": ",cap,dyfi,impact-text,origin,phase-data,",
        "nst": null,
        "dmin": 0.68,
        "rms": 0.85,
        "gap": 38,
        "magType": "mb",
        "type": "earthquake",
        "title": "M 5.2 - 19 km N of Farkh?r, Afghanistan"
      },
      "geometry": {
        "type": "Point",
        "coordinates": [
          69.8659,
          36.7511,
          307.31
        ]
      },
      "id": "us20004uwb"
    },
    {
      "type": "Feature",
      "properties": {
        "mag": 5,
        "place": "16 km W of Ashk?sham, Afghanistan",
        "time": 1453524851320,
        "updated": 1478815775621,
        "tz": null,
        "url": "https://earthquake.usgs.gov/earthquakes/eventpage/us10004gkq",
        "detail": "https://earthquake.usgs.gov/fdsnws/event/1/query?eventid=us10004gkq&format=geojson",
        "felt": 0,
        "cdi": 1,
        "mmi": null,
        "alert": null,
        "status": "reviewed",
        "tsunami": 0,
        "sig": 385,
        "net": "us",
        "code": "10004gkq",
        "ids": ",us10004gkq,gcmt20160123045411,",
        "sources": ",us,gcmt,",
        "types": ",cap,dyfi,origin,phase-data,",
        "nst": null,
        "dmin": 0.771,
        "rms": 0.91,
        "gap": 44,
        "magType": "mb",
        "type": "earthquake",
        "title": "M 5.0 - 16 km W of Ashk?sham, Afghanistan"
      },
      "geometry": {
        "type": "Point",
        "coordinates": [
          71.3509,
          36.6676,
          94.89
        ]
      },
      "id": "us10004gkq"
    },
    {
      "type": "Feature",
      "properties": {
        "mag": 5.2,
        "place": "136 km NNW of Nagqu, China",
        "time": 1452717298780,
        "updated": 1651599568963,
        "tz": null,
        "url": "https://earthquake.usgs.gov/earthquakes/eventpage/us10004e7h",
        "detail": "https://earthquake.usgs.gov/fdsnws/event/1/query?eventid=us10004e7h&format=geojson",
        "felt": 0,
        "cdi": 1,
        "mmi": null,
        "alert": null,
        "status": "reviewed",
        "tsunami": 0,
        "sig": 416,
        "net": "us",
        "code": "10004e7h",
        "ids": ",us10004e7h,gcmt20160113203458,iscgem608169772,",
        "sources": ",us,gcmt,iscgem,",
        "types": ",cap,dyfi,origin,phase-data,",
        "nst": null,
        "dmin": 2.971,
        "rms": 0.89,
        "gap": 38,
        "magType": "mb",
        "type": "earthquake",
        "title": "M 5.2 - 136 km NNW of Nagqu, China"
      },
      "geometry": {
        "type": "Point",
        "coordinates": [
          91.6264,
          32.6531,
          10
        ]
      },
      "id": "us10004e7h"
    },
    {
      "type": "Feature",
      "properties": {
        "mag": 5.7,
        "place": "31 km SSE of Jurm, Afghanistan",
        "time": 1452629099710,
        "updated": 1659415917351,
        "tz": null,
        "url": "https://earthquake.usgs.gov/earthquakes/eventpage/us10004dtm",
        "detail": "https://earthquake.usgs.gov/fdsnws/event/1/query?eventid=us10004dtm&format=geojson",
        "felt": 63,
        "cdi": 4.6,
        "mmi": 3.07,
        "alert": "green",
        "status": "reviewed",
        "tsunami": 0,
        "sig": 529,
        "net": "us",
        "code": "10004dtm",
        "ids": ",us10004dtm,gcmt20160112200500,iscgem611461370,",
        "sources": ",us,gcmt,iscgem,",
        "types": ",cap,dyfi,impact-text,losspager,moment-tensor,origin,phase-data,shakemap,",
        "nst": null,
        "dmin": 0.606,
        "rms": 1.07,
        "gap": 20,
        "magType": "mww",
        "type": "earthquake",
        "title": "M 5.7 - 31 km SSE of Jurm, Afghanistan"
      },
      "geometry": {
        "type": "Point",
        "coordinates": [
          70.9503,
          36.5979,
          239
        ]
      },
      "id": "us10004dtm"
    },
    {
      "type": "Feature",
      "properties": {
        "mag": 5,
        "place": "31 km SSE of Jurm, Afghanistan",
        "time": 1452244029450,
        "updated": 1766423537984,
        "tz": null,
        "url": "https://earthquake.usgs.gov/earthquakes/eventpage/us10004cbi",
        "detail": "https://earthquake.usgs.gov/fdsnws/event/1/query?eventid=us10004cbi&format=geojson",
        "felt": 33,
        "cdi": 4.6,
        "mmi": null,
        "alert": null,
        "status": "reviewed",
        "tsunami": 0,
        "sig": 400,
        "net": "us",
        "code": "10004cbi",
        "ids": ",us10004cbi,gcmt20160108090709,iscgem608163361,",
        "sources": ",us,gcmt,iscgem,",
        "types": ",cap,dyfi,impact-text,origin,phase-data,",
        "nst": null,
        "dmin": 0.61,
        "rms": 1.11,
        "gap": 59,
        "magType": "mb",
        "type": "earthquake",
        "title": "M 5.0 - 31 km SSE of Jurm, Afghanistan"
      },
      "geometry": {
        "type": "Point",
        "coordinates": [
          70.9688,
          36.6015,
          223.13
        ]
      },
      "id": "us10004cbi"
    },
    {
      "type": "Feature",
      "properties": {
        "mag": 6.7,
        "place": "29 km W of Imph?l, India",
        "time": 1451862322270,
        "updated": 1692025253325,
        "tz": null,
        "url": "https://earthquake.usgs.gov/earthquakes/eventpage/us10004b2n",
        "detail": "https://earthquake.usgs.gov/fdsnws/event/1/query?eventid=us10004b2n&format=geojson",
        "felt": 666,
        "cdi": 7.6,
        "mmi": 6.926,
        "alert": "orange",
        "status": "reviewed",
        "tsunami": 0,
        "sig": 1506,
        "net": "us",
        "code": "10004b2n",
        "ids": ",us10004b2n,gcmt20160103230522,iscgem612140990,atlas20160103230522,",
        "sources": ",us,gcmt,iscgem,atlas,",
        "types": ",cap,dyfi,general-text,impact-text,losspager,moment-tensor,origin,phase-data,shakemap,",
        "nst": null,
        "dmin": 1.794,
        "rms": 1.01,
        "gap": 16,
        "magType": "mww",
        "type": "earthquake",
        "title": "M 6.7 - 29 km W of Imph?l, India"
      },
      "geometry": {
        "type": "Point",
        "coordinates": [
          93.6505,
          24.8036,
          55
        ]
      },
      "id": "us10004b2n"
    },
    {
      "type": "Feature",
      "properties": {
        "mag": 5.2,
        "place": "36 km SSE of Jurm, Afghanistan",
        "time": 1451723842510,
        "updated": 1766423523551,
        "tz": null,
        "url": "https://earthquake.usgs.gov/earthquakes/eventpage/us10004aur",
        "detail": "https://earthquake.usgs.gov/fdsnws/event/1/query?eventid=us10004aur&format=geojson",
        "felt": 34,
        "cdi": 4.6,
        "mmi": null,
        "alert": null,
        "status": "reviewed",
        "tsunami": 0,
        "sig": 432,
        "net": "us",
        "code": "10004aur",
        "ids": ",us10004aur,gcmt20160102083722,iscgem608135684,",
        "sources": ",us,gcmt,iscgem,",
        "types": ",cap,dyfi,impact-text,moment-tensor,origin,phase-data,",
        "nst": null,
        "dmin": 0.648,
        "rms": 0.91,
        "gap": 58,
        "magType": "mwb",
        "type": "earthquake",
        "title": "M 5.2 - 36 km SSE of Jurm, Afghanistan"
      },
      "geometry": {
        "type": "Point",
        "coordinates": [
          70.932,
          36.5426,
          189
        ]
      },
      "id": "us10004aur"
    },
    {
      "type": "Feature",
      "properties": {
        "mag": 6.3,
        "place": "42 km WSW of Ashk?sham, Afghanistan",
        "time": 1451070887190,
        "updated": 1659401976690,
        "tz": null,
        "url": "https://earthquake.usgs.gov/earthquakes/eventpage/us100049i1",
        "detail": "https://earthquake.usgs.gov/fdsnws/event/1/query?eventid=us100049i1&format=geojson",
        "felt": 337,
        "cdi": 6.2,
        "mmi": 3.915,
        "alert": "green",
        "status": "reviewed",
        "tsunami": 0,
        "sig": 820,
        "net": "us",
        "code": "100049i1",
        "ids": ",us100049i1,gcmt20151225191447,iscgem612128431,atlas20151225191447,",
        "sources": ",us,gcmt,iscgem,atlas,",
        "types": ",cap,dyfi,impact-text,losspager,moment-tensor,origin,phase-data,shakemap,",
        "nst": null,
        "dmin": 0.77,
        "rms": 0.91,
        "gap": 17,
        "magType": "mww",
        "type": "earthquake",
        "title": "M 6.3 - 42 km WSW of Ashk?sham, Afghanistan"
      },
      "geometry": {
        "type": "Point",
        "coordinates": [
          71.1263,
          36.4935,
          206
        ]
      },
      "id": "us100049i1"
    },
    {
      "type": "Feature",
      "properties": {
        "mag": 5.4,
        "place": "53 km WNW of Jumla, Nepal",
        "time": 1450477016550,
        "updated": 1659398413756,
        "tz": null,
        "url": "https://earthquake.usgs.gov/earthquakes/eventpage/us1000488j",
        "detail": "https://earthquake.usgs.gov/fdsnws/event/1/query?eventid=us1000488j&format=geojson",
        "felt": 9,
        "cdi": 3.8,
        "mmi": null,
        "alert": null,
        "status": "reviewed",
        "tsunami": 0,
        "sig": 452,
        "net": "us",
        "code": "1000488j",
        "ids": ",us1000488j,gcmt20151218221656,iscgem611838521,",
        "sources": ",us,gcmt,iscgem,",
        "types": ",cap,dyfi,impact-text,origin,phase-data,",
        "nst": null,
        "dmin": 3.632,
        "rms": 0.8,
        "gap": 34,
        "magType": "mb",
        "type": "earthquake",
        "title": "M 5.4 - 53 km WNW of Jumla, Nepal"
      },
      "geometry": {
        "type": "Point",
        "coordinates": [
          81.6541,
          29.3985,
          10
        ]
      },
      "id": "us1000488j"
    },
    {
      "type": "Feature",
      "properties": {
        "mag": 5,
        "place": "66 km NE of Muzaffar?b?d, Pakistan",
        "time": 1448624434340,
        "updated": 1659386493423,
        "tz": null,
        "url": "https://earthquake.usgs.gov/earthquakes/eventpage/us100041q3",
        "detail": "https://earthquake.usgs.gov/fdsnws/event/1/query?eventid=us100041q3&format=geojson",
        "felt": 2,
        "cdi": 2.7,
        "mmi": null,
        "alert": null,
        "status": "reviewed",
        "tsunami": 0,
        "sig": 385,
        "net": "us",
        "code": "100041q3",
        "ids": ",us100041q3,iscgem611838427,",
        "sources": ",us,iscgem,",
        "types": ",cap,dyfi,impact-text,origin,phase-data,",
        "nst": null,
        "dmin": 1.298,
        "rms": 0.91,
        "gap": 39,
        "magType": "mb",
        "type": "earthquake",
        "title": "M 5.0 - 66 km NE of Muzaffar?b?d, Pakistan"
      },
      "geometry": {
        "type": "Point",
        "coordinates": [
          73.9303,
          34.8307,
          5
        ]
      },
      "id": "us100041q3"
    },
    {
      "type": "Feature",
      "properties": {
        "mag": 5.7,
        "place": "29 km SSW of Ashk?sham, Afghanistan",
        "time": 1448216164710,
        "updated": 1659382380283,
        "tz": null,
        "url": "https://earthquake.usgs.gov/earthquakes/eventpage/us100040ct",
        "detail": "https://earthquake.usgs.gov/fdsnws/event/1/query?eventid=us100040ct&format=geojson",
        "felt": 93,
        "cdi": 5.3,
        "mmi": 4.055,
        "alert": "green",
        "status": "reviewed",
        "tsunami": 0,
        "sig": 549,
        "net": "us",
        "code": "100040ct",
        "ids": ",us100040ct,gcmt20151122181604,iscgem608040427,",
        "sources": ",us,gcmt,iscgem,",
        "types": ",cap,dyfi,impact-text,losspager,moment-tensor,origin,phase-data,shakemap,",
        "nst": null,
        "dmin": 0.968,
        "rms": 1.27,
        "gap": 16,
        "magType": "mww",
        "type": "earthquake",
        "title": "M 5.7 - 29 km SSW of Ashk?sham, Afghanistan"
      },
      "geometry": {
        "type": "Point",
        "coordinates": [
          71.4233,
          36.4344,
          102
        ]
      },
      "id": "us100040ct"
    },
    {
      "type": "Feature",
      "properties": {
        "mag": 5,
        "place": "21 km NE of Nagarkot, Nepal",
        "time": 1447906552600,
        "updated": 1659379326686,
        "tz": null,
        "url": "https://earthquake.usgs.gov/earthquakes/eventpage/us10003zfw",
        "detail": "https://earthquake.usgs.gov/fdsnws/event/1/query?eventid=us10003zfw&format=geojson",
        "felt": 20,
        "cdi": 4.6,
        "mmi": null,
        "alert": null,
        "status": "reviewed",
        "tsunami": 0,
        "sig": 394,
        "net": "us",
        "code": "10003zfw",
        "ids": ",us10003zfw,iscgem611838370,",
        "sources": ",us,iscgem,",
        "types": ",cap,dyfi,impact-text,origin,phase-data,",
        "nst": null,
        "dmin": 0.349,
        "rms": 0.79,
        "gap": 49,
        "magType": "mb",
        "type": "earthquake",
        "title": "M 5.0 - 21 km NE of Nagarkot, Nepal"
      },
      "geometry": {
        "type": "Point",
        "coordinates": [
          85.6776,
          27.8525,
          16.51
        ]
      },
      "id": "us10003zfw"
    },
    {
      "type": "Feature",
      "properties": {
        "mag": 5.3,
        "place": "135 km NW of Sabang, Indonesia",
        "time": 1447520011340,
        "updated": 1766423464614,
        "tz": null,
        "url": "https://earthquake.usgs.gov/earthquakes/eventpage/us10003ydi",
        "detail": "https://earthquake.usgs.gov/fdsnws/event/1/query?eventid=us10003ydi&format=geojson",
        "felt": null,
        "cdi": null,
        "mmi": null,
        "alert": null,
        "status": "reviewed",
        "tsunami": 0,
        "sig": 432,
        "net": "us",
        "code": "10003ydi",
        "ids": ",us10003ydi,gcmt20151114165331,iscgem608030683,",
        "sources": ",us,gcmt,iscgem,",
        "types": ",cap,origin,phase-data,",
        "nst": null,
        "dmin": 2.882,
        "rms": 0.9,
        "gap": 72,
        "magType": "mb",
        "type": "earthquake",
        "title": "M 5.3 - 135 km NW of Sabang, Indonesia"
      },
      "geometry": {
        "type": "Point",
        "coordinates": [
          94.5324,
          6.8326,
          10
        ]
      },
      "id": "us10003ydi"
    },
    {
      "type": "Feature",
      "properties": {
        "mag": 5.5,
        "place": "80 km NW of Sabang, Indonesia",
        "time": 1447056766020,
        "updated": 1651605704446,
        "tz": null,
        "url": "https://earthquake.usgs.gov/earthquakes/eventpage/us10003vxc",
        "detail": "https://earthquake.usgs.gov/fdsnws/event/1/query?eventid=us10003vxc&format=geojson",
        "felt": 0,
        "cdi": 1,
        "mmi": 3.46,
        "alert": "green",
        "status": "reviewed",
        "tsunami": 0,
        "sig": 465,
        "net": "us",
        "code": "10003vxc",
        "ids": ",us10003vxc,gcmt20151109081249,iscgem612297158,",
        "sources": ",us,gcmt,iscgem,",
        "types": ",cap,dyfi,impact-text,losspager,moment-tensor,origin,phase-data,shakemap,",
        "nst": null,
        "dmin": 2.434,
        "rms": 1.24,
        "gap": 31,
        "magType": "mww",
        "type": "earthquake",
        "title": "M 5.5 - 80 km NW of Sabang, Indonesia"
      },
      "geometry": {
        "type": "Point",
        "coordinates": [
          94.8019,
          6.4078,
          10
        ]
      },
      "id": "us10003vxc"
    },
    {
      "type": "Feature",
      "properties": {
        "mag": 5.3,
        "place": "84 km NW of Sabang, Indonesia",
        "time": 1447049533970,
        "updated": 1766423451969,
        "tz": null,
        "url": "https://earthquake.usgs.gov/earthquakes/eventpage/us10003vwl",
        "detail": "https://earthquake.usgs.gov/fdsnws/event/1/query?eventid=us10003vwl&format=geojson",
        "felt": 0,
        "cdi": 1,
        "mmi": null,
        "alert": null,
        "status": "reviewed",
        "tsunami": 0,
        "sig": 432,
        "net": "us",
        "code": "10003vwl",
        "ids": ",us10003vwl,gcmt20151109061215,iscgem608024252,",
        "sources": ",us,gcmt,iscgem,",
        "types": ",cap,dyfi,impact-text,origin,phase-data,",
        "nst": null,
        "dmin": 2.419,
        "rms": 0.84,
        "gap": 39,
        "magType": "mb",
        "type": "earthquake",
        "title": "M 5.3 - 84 km NW of Sabang, Indonesia"
      },
      "geometry": {
        "type": "Point",
        "coordinates": [
          94.8833,
          6.5177,
          11.83
        ]
      },
      "id": "us10003vwl"
    },
    {
      "type": "Feature",
      "properties": {
        "mag": 5.6,
        "place": "148 km NW of Sabang, Indonesia",
        "time": 1447010087430,
        "updated": 1651605701184,
        "tz": null,
        "url": "https://earthquake.usgs.gov/earthquakes/eventpage/us10003vsp",
        "detail": "https://earthquake.usgs.gov/fdsnws/event/1/query?eventid=us10003vsp&format=geojson",
        "felt": null,
        "cdi": null,
        "mmi": 4,
        "alert": "green",
        "status": "reviewed",
        "tsunami": 0,
        "sig": 482,
        "net": "us",
        "code": "10003vsp",
        "ids": ",us10003vsp,gcmt20151108191447,iscgem612296713,",
        "sources": ",us,gcmt,iscgem,",
        "types": ",cap,losspager,moment-tensor,origin,phase-data,shakemap,",
        "nst": null,
        "dmin": 2.966,
        "rms": 1.11,
        "gap": 47,
        "magType": "mwc",
        "type": "earthquake",
        "title": "M 5.6 - 148 km NW of Sabang, Indonesia"
      },
      "geometry": {
        "type": "Point",
        "coordinates": [
          94.534,
          6.984,
          10
        ]
      },
      "id": "us10003vsp"
    },
    {
      "type": "Feature",
      "properties": {
        "mag": 5.2,
        "place": "130 km NNW of Sabang, Indonesia",
        "time": 1447001960850,
        "updated": 1454642197040,
        "tz": null,
        "url": "https://earthquake.usgs.gov/earthquakes/eventpage/us10003vs5",
        "detail": "https://earthquake.usgs.gov/fdsnws/event/1/query?eventid=us10003vs5&format=geojson",
        "felt": null,
        "cdi": null,
        "mmi": null,
        "alert": null,
        "status": "reviewed",
        "tsunami": 0,
        "sig": 416,
        "net": "us",
        "code": "10003vs5",
        "ids": ",us10003vs5,",
        "sources": ",us,",
        "types": ",cap,origin,phase-data,",
        "nst": null,
        "dmin": 2.755,
        "rms": 0.77,
        "gap": 24,
        "magType": "mb",
        "type": "earthquake",
        "title": "M 5.2 - 130 km NNW of Sabang, Indonesia"
      },
      "geometry": {
        "type": "Point",
        "coordinates": [
          94.7617,
          6.9335,
          10
        ]
      },
      "id": "us10003vs5"
    },
    {
      "type": "Feature",
      "properties": {
        "mag": 6.6,
        "place": "Nicobar Islands, India region",
        "time": 1447001222160,
        "updated": 1659372528245,
        "tz": null,
        "url": "https://earthquake.usgs.gov/earthquakes/eventpage/us10003vry",
        "detail": "https://earthquake.usgs.gov/fdsnws/event/1/query?eventid=us10003vry&format=geojson",
        "felt": 7,
        "cdi": 7.4,
        "mmi": 4,
        "alert": "green",
        "status": "reviewed",
        "tsunami": 0,
        "sig": 675,
        "net": "us",
        "code": "10003vry",
        "ids": ",us10003vry,gcmt20151108164702,iscgem608023824,",
        "sources": ",us,gcmt,iscgem,",
        "types": ",cap,dyfi,impact-text,losspager,moment-tensor,origin,phase-data,shakemap,",
        "nst": null,
        "dmin": 2.792,
        "rms": 1.23,
        "gap": 31,
        "magType": "mww",
        "type": "earthquake",
        "title": "M 6.6 - Nicobar Islands, India region"
      },
      "geometry": {
        "type": "Point",
        "coordinates": [
          94.648,
          6.8431,
          10
        ]
      },
      "id": "us10003vry"
    },
    {
      "type": "Feature",
      "properties": {
        "mag": 5.1,
        "place": "130 km NW of Sabang, Indonesia",
        "time": 1446993245390,
        "updated": 1766423448520,
        "tz": null,
        "url": "https://earthquake.usgs.gov/earthquakes/eventpage/us10003vr2",
        "detail": "https://earthquake.usgs.gov/fdsnws/event/1/query?eventid=us10003vr2&format=geojson",
        "felt": null,
        "cdi": null,
        "mmi": null,
        "alert": null,
        "status": "reviewed",
        "tsunami": 0,
        "sig": 400,
        "net": "us",
        "code": "10003vr2",
        "ids": ",us10003vr2,gcmt20151108143405,iscgem608023813,",
        "sources": ",us,gcmt,iscgem,",
        "types": ",cap,origin,phase-data,",
        "nst": null,
        "dmin": 2.877,
        "rms": 0.68,
        "gap": 84,
        "magType": "mb",
        "type": "earthquake",
        "title": "M 5.1 - 130 km NW of Sabang, Indonesia"
      },
      "geometry": {
        "type": "Point",
        "coordinates": [
          94.4431,
          6.679,
          10
        ]
      },
      "id": "us10003vr2"
    },
    {
      "type": "Feature",
      "properties": {
        "mag": 5.2,
        "place": "134 km NW of Sabang, Indonesia",
        "time": 1446989027760,
        "updated": 1766422418144,
        "tz": null,
        "url": "https://earthquake.usgs.gov/earthquakes/eventpage/us10003vqx",
        "detail": "https://earthquake.usgs.gov/fdsnws/event/1/query?eventid=us10003vqx&format=geojson",
        "felt": null,
        "cdi": null,
        "mmi": null,
        "alert": null,
        "status": "reviewed",
        "tsunami": 0,
        "sig": 416,
        "net": "us",
        "code": "10003vqx",
        "ids": ",us10003vqx,gcmt20151108132347,iscgem612297139,",
        "sources": ",us,gcmt,iscgem,",
        "types": ",cap,origin,phase-data,",
        "nst": null,
        "dmin": 2.892,
        "rms": 0.96,
        "gap": 53,
        "magType": "mb",
        "type": "earthquake",
        "title": "M 5.2 - 134 km NW of Sabang, Indonesia"
      },
      "geometry": {
        "type": "Point",
        "coordinates": [
          94.479,
          6.769,
          9.75
        ]
      },
      "id": "us10003vqx"
    },
    {
      "type": "Feature",
      "properties": {
        "mag": 5.1,
        "place": "127 km NW of Sabang, Indonesia",
        "time": 1446983679320,
        "updated": 1766423447349,
        "tz": null,
        "url": "https://earthquake.usgs.gov/earthquakes/eventpage/us10003vqi",
        "detail": "https://earthquake.usgs.gov/fdsnws/event/1/query?eventid=us10003vqi&format=geojson",
        "felt": 0,
        "cdi": 1,
        "mmi": null,
        "alert": null,
        "status": "reviewed",
        "tsunami": 0,
        "sig": 400,
        "net": "us",
        "code": "10003vqi",
        "ids": ",us10003vqi,gcmt20151108115439,iscgem608023808,",
        "sources": ",us,gcmt,iscgem,",
        "types": ",cap,dyfi,origin,phase-data,",
        "nst": null,
        "dmin": 2.798,
        "rms": 0.81,
        "gap": 33,
        "magType": "mb",
        "type": "earthquake",
        "title": "M 5.1 - 127 km NW of Sabang, Indonesia"
      },
      "geometry": {
        "type": "Point",
        "coordinates": [
          94.6065,
          6.7923,
          10.13
        ]
      },
      "id": "us10003vqi"
    },
    {
      "type": "Feature",
      "properties": {
        "mag": 5.5,
        "place": "138 km NW of Sabang, Indonesia",
        "time": 1446979321590,
        "updated": 1651599349894,
        "tz": null,
        "url": "https://earthquake.usgs.gov/earthquakes/eventpage/us10003vpz",
        "detail": "https://earthquake.usgs.gov/fdsnws/event/1/query?eventid=us10003vpz&format=geojson",
        "felt": 0,
        "cdi": 1,
        "mmi": 3.59,
        "alert": "green",
        "status": "reviewed",
        "tsunami": 0,
        "sig": 465,
        "net": "us",
        "code": "10003vpz",
        "ids": ",us10003vpz,gcmt20151108104201,iscgem608025456,",
        "sources": ",us,gcmt,iscgem,",
        "types": ",cap,dyfi,losspager,moment-tensor,origin,phase-data,shakemap,",
        "nst": null,
        "dmin": 2.896,
        "rms": 0.9,
        "gap": 29,
        "magType": "mww",
        "type": "earthquake",
        "title": "M 5.5 - 138 km NW of Sabang, Indonesia"
      },
      "geometry": {
        "type": "Point",
        "coordinates": [
          94.5455,
          6.8782,
          8
        ]
      },
      "id": "us10003vpz"
    },
    {
      "type": "Feature",
      "properties": {
        "mag": 5,
        "place": "23 km S of Wana, Pakistan",
        "time": 1446471636200,
        "updated": 1478815098815,
        "tz": null,
        "url": "https://earthquake.usgs.gov/earthquakes/eventpage/us200041b0",
        "detail": "https://earthquake.usgs.gov/fdsnws/event/1/query?eventid=us200041b0&format=geojson",
        "felt": 0,
        "cdi": 1,
        "mmi": null,
        "alert": null,
        "status": "reviewed",
        "tsunami": 0,
        "sig": 385,
        "net": "us",
        "code": "200041b0",
        "ids": ",us200041b0,gcmt20151102134036,",
        "sources": ",us,gcmt,",
        "types": ",cap,dyfi,origin,phase-data,",
        "nst": null,
        "dmin": 2.484,
        "rms": 0.7,
        "gap": 26,
        "magType": "mb",
        "type": "earthquake",
        "title": "M 5.0 - 23 km S of Wana, Pakistan"
      },
      "geometry": {
        "type": "Point",
        "coordinates": [
          69.5562,
          32.0869,
          44.73
        ]
      },
      "id": "us200041b0"
    },
    {
      "type": "Feature",
      "properties": {
        "mag": 7.5,
        "place": "Hindu Kush region, Afghanistan",
        "time": 1445850582560,
        "updated": 1745519451641,
        "tz": null,
        "url": "https://earthquake.usgs.gov/earthquakes/eventpage/us10003re5",
        "detail": "https://earthquake.usgs.gov/fdsnws/event/1/query?eventid=us10003re5&format=geojson",
        "felt": 568,
        "cdi": 7.9,
        "mmi": 6.939,
        "alert": "orange",
        "status": "reviewed",
        "tsunami": 0,
        "sig": 1449,
        "net": "us",
        "code": "10003re5",
        "ids": ",us10003re5,gcmt20151026090942,atlas20151026090942,",
        "sources": ",us,gcmt,atlas,",
        "types": ",cap,dyfi,finite-fault,general-text,impact-text,losspager,moment-tensor,origin,phase-data,poster,shakemap,",
        "nst": null,
        "dmin": 0.622,
        "rms": 1.43,
        "gap": 18,
        "magType": "mww",
        "type": "earthquake",
        "title": "M 7.5 - Hindu Kush region, Afghanistan"
      },
      "geometry": {
        "type": "Point",
        "coordinates": [
          70.3676,
          36.5244,
          231
        ]
      },
      "id": "us10003re5"
    },
    {
      "type": "Feature",
      "properties": {
        "mag": 5.9,
        "place": "46 km SSW of Jurm, Afghanistan",
        "time": 1445850572020,
        "updated": 1651605618919,
        "tz": null,
        "url": "https://earthquake.usgs.gov/earthquakes/eventpage/us100042n2",
        "detail": "https://earthquake.usgs.gov/fdsnws/event/1/query?eventid=us100042n2&format=geojson",
        "felt": null,
        "cdi": null,
        "mmi": 3.38,
        "alert": "green",
        "status": "reviewed",
        "tsunami": 0,
        "sig": 536,
        "net": "us",
        "code": "100042n2",
        "ids": ",us100042n2,gcmt20151026090932,iscgem612180979,",
        "sources": ",us,gcmt,iscgem,",
        "types": ",losspager,origin,phase-data,shakemap,",
        "nst": null,
        "dmin": 0.671,
        "rms": 1.11,
        "gap": 18,
        "magType": "mb",
        "type": "earthquake",
        "title": "M 5.9 - 46 km SSW of Jurm, Afghanistan"
      },
      "geometry": {
        "type": "Point",
        "coordinates": [
          70.6847,
          36.459,
          206.94
        ]
      },
      "id": "us100042n2"
    },
    {
      "type": "Feature",
      "properties": {
        "mag": 5.6,
        "place": "10 km NNW of Dajal, Pakistan",
        "time": 1445560059560,
        "updated": 1659359705654,
        "tz": null,
        "url": "https://earthquake.usgs.gov/earthquakes/eventpage/us10003qv5",
        "detail": "https://earthquake.usgs.gov/fdsnws/event/1/query?eventid=us10003qv5&format=geojson",
        "felt": 13,
        "cdi": 6.4,
        "mmi": 6.782,
        "alert": "yellow",
        "status": "reviewed",
        "tsunami": 0,
        "sig": 658,
        "net": "us",
        "code": "10003qv5",
        "ids": ",us10003qv5,gcmt20151023002739,iscgem611837989,atlas20151023002739,",
        "sources": ",us,gcmt,iscgem,atlas,",
        "types": ",cap,dyfi,impact-text,losspager,moment-tensor,origin,phase-data,shakemap,",
        "nst": null,
        "dmin": 4.722,
        "rms": 0.88,
        "gap": 38,
        "magType": "mww",
        "type": "earthquake",
        "title": "M 5.6 - 10 km NNW of Dajal, Pakistan"
      },
      "geometry": {
        "type": "Point",
        "coordinates": [
          70.326,
          29.6377,
          11
        ]
      },
      "id": "us10003qv5"
    },
    {
      "type": "Feature",
      "properties": {
        "mag": 5.4,
        "place": "76 km NNW of P?r?n, Afghanistan",
        "time": 1441832604050,
        "updated": 1766423362370,
        "tz": null,
        "url": "https://earthquake.usgs.gov/earthquakes/eventpage/us20003hmu",
        "detail": "https://earthquake.usgs.gov/fdsnws/event/1/query?eventid=us20003hmu&format=geojson",
        "felt": 3,
        "cdi": 4.1,
        "mmi": null,
        "alert": null,
        "status": "reviewed",
        "tsunami": 0,
        "sig": 450,
        "net": "us",
        "code": "20003hmu",
        "ids": ",us20003hmu,gcmt20150909210324,iscgem607734345,",
        "sources": ",us,gcmt,iscgem,",
        "types": ",cap,dyfi,impact-text,moment-tensor,origin,phase-data,",
        "nst": null,
        "dmin": 1.116,
        "rms": 0.82,
        "gap": 41,
        "magType": "mww",
        "type": "earthquake",
        "title": "M 5.4 - 76 km NNW of P?r?n, Afghanistan"
      },
      "geometry": {
        "type": "Point",
        "coordinates": [
          70.4897,
          36.0086,
          107.39
        ]
      },
      "id": "us20003hmu"
    },
    {
      "type": "Feature",
      "properties": {
        "mag": 5,
        "place": "18 km SE of Kod?ri??, Nepal",
        "time": 1440320525080,
        "updated": 1659316791790,
        "tz": null,
        "url": "https://earthquake.usgs.gov/earthquakes/eventpage/us100034be",
        "detail": "https://earthquake.usgs.gov/fdsnws/event/1/query?eventid=us100034be&format=geojson",
        "felt": 8,
        "cdi": 4.3,
        "mmi": null,
        "alert": null,
        "status": "reviewed",
        "tsunami": 0,
        "sig": 388,
        "net": "us",
        "code": "100034be",
        "ids": ",us100034be,iscgem611836500,",
        "sources": ",us,iscgem,",
        "types": ",cap,dyfi,impact-text,origin,phase-data,",
        "nst": null,
        "dmin": 0.659,
        "rms": 0.63,
        "gap": 51,
        "magType": "mb",
        "type": "earthquake",
        "title": "M 5.0 - 18 km SE of Kod?ri??, Nepal"
      },
      "geometry": {
        "type": "Point",
        "coordinates": [
          86.0795,
          27.8355,
          10
        ]
      },
      "id": "us100034be"
    },
    {
      "type": "Feature",
      "properties": {
        "mag": 5.9,
        "place": "33 km WSW of Ashk?sham, Afghanistan",
        "time": 1439201125750,
        "updated": 1659309737523,
        "tz": null,
        "url": "https://earthquake.usgs.gov/earthquakes/eventpage/us100030qs",
        "detail": "https://earthquake.usgs.gov/fdsnws/event/1/query?eventid=us100030qs&format=geojson",
        "felt": 116,
        "cdi": 4.3,
        "mmi": 3.9,
        "alert": "green",
        "status": "reviewed",
        "tsunami": 0,
        "sig": 585,
        "net": "us",
        "code": "100030qs",
        "ids": ",us100030qs,gcmt20150810100525,iscgem610636672,",
        "sources": ",us,gcmt,iscgem,",
        "types": ",cap,dyfi,impact-text,losspager,moment-tensor,origin,phase-data,shakemap,",
        "nst": null,
        "dmin": 0.782,
        "rms": 0.92,
        "gap": 17,
        "magType": "mww",
        "type": "earthquake",
        "title": "M 5.9 - 33 km WSW of Ashk?sham, Afghanistan"
      },
      "geometry": {
        "type": "Point",
        "coordinates": [
          71.2147,
          36.5326,
          224
        ]
      },
      "id": "us100030qs"
    },
    {
      "type": "Feature",
      "properties": {
        "mag": 5.1,
        "place": "19 km WSW of Murree, Pakistan",
        "time": 1437771594120,
        "updated": 1659299304729,
        "tz": null,
        "url": "https://earthquake.usgs.gov/earthquakes/eventpage/us20002zz3",
        "detail": "https://earthquake.usgs.gov/fdsnws/event/1/query?eventid=us20002zz3&format=geojson",
        "felt": 75,
        "cdi": 7,
        "mmi": 5.576,
        "alert": null,
        "status": "reviewed",
        "tsunami": 0,
        "sig": 453,
        "net": "us",
        "code": "20002zz3",
        "ids": ",us20002zz3,iscgem607506862,atlas20150724205954,",
        "sources": ",us,iscgem,atlas,",
        "types": ",cap,dyfi,impact-text,moment-tensor,origin,phase-data,shakemap,",
        "nst": null,
        "dmin": 0.214,
        "rms": 1.13,
        "gap": 28,
        "magType": "mwr",
        "type": "earthquake",
        "title": "M 5.1 - 19 km WSW of Murree, Pakistan"
      },
      "geometry": {
        "type": "Point",
        "coordinates": [
          73.1926,
          33.8564,
          17.03
        ]
      },
      "id": "us20002zz3"
    },
    {
      "type": "Feature",
      "properties": {
        "mag": 5,
        "place": "26 km NW of Taungoo, Myanmar",
        "time": 1437442027530,
        "updated": 1444856747040,
        "tz": null,
        "url": "https://earthquake.usgs.gov/earthquakes/eventpage/us20002ysq",
        "detail": "https://earthquake.usgs.gov/fdsnws/event/1/query?eventid=us20002ysq&format=geojson",
        "felt": null,
        "cdi": null,
        "mmi": null,
        "alert": null,
        "status": "reviewed",
        "tsunami": 0,
        "sig": 385,
        "net": "us",
        "code": "20002ysq",
        "ids": ",us20002ysq,",
        "sources": ",us,",
        "types": ",cap,origin,phase-data,",
        "nst": null,
        "dmin": 1.654,
        "rms": 0.46,
        "gap": 31,
        "magType": "mb",
        "type": "earthquake",
        "title": "M 5.0 - 26 km NW of Taungoo, Myanmar"
      },
      "geometry": {
        "type": "Point",
        "coordinates": [
          96.2302,
          19.0777,
          9.49
        ]
      },
      "id": "us20002ysq"
    },
    {
      "type": "Feature",
      "properties": {
        "mag": 5.1,
        "place": "212 km NNE of Shi Yomi, India",
        "time": 1437198086540,
        "updated": 1651604629577,
        "tz": null,
        "url": "https://earthquake.usgs.gov/earthquakes/eventpage/us20002ybg",
        "detail": "https://earthquake.usgs.gov/fdsnws/event/1/query?eventid=us20002ybg&format=geojson",
        "felt": 0,
        "cdi": 1,
        "mmi": null,
        "alert": null,
        "status": "reviewed",
        "tsunami": 0,
        "sig": 400,
        "net": "us",
        "code": "20002ybg",
        "ids": ",us20002ybg,iscgem611836233,",
        "sources": ",us,iscgem,",
        "types": ",cap,dyfi,origin,phase-data,",
        "nst": null,
        "dmin": 3.317,
        "rms": 0.58,
        "gap": 45,
        "magType": "mb",
        "type": "earthquake",
        "title": "M 5.1 - 212 km NNE of Shi Yomi, India"
      },
      "geometry": {
        "type": "Point",
        "coordinates": [
          94.8689,
          30.4,
          10
        ]
      },
      "id": "us20002ybg"
    },
    {
      "type": "Feature",
      "properties": {
        "mag": 5.5,
        "place": "250 km E of Port Blair, India",
        "time": 1435893395510,
        "updated": 1651598804535,
        "tz": null,
        "url": "https://earthquake.usgs.gov/earthquakes/eventpage/us10002n5q",
        "detail": "https://earthquake.usgs.gov/fdsnws/event/1/query?eventid=us10002n5q&format=geojson",
        "felt": 0,
        "cdi": 1,
        "mmi": 2.65,
        "alert": "green",
        "status": "reviewed",
        "tsunami": 0,
        "sig": 465,
        "net": "us",
        "code": "10002n5q",
        "ids": ",us10002n5q,gcmt20150703031635,iscgem607322046,",
        "sources": ",us,gcmt,iscgem,",
        "types": ",cap,dyfi,losspager,moment-tensor,origin,phase-data,shakemap,",
        "nst": null,
        "dmin": 2.254,
        "rms": 0.76,
        "gap": 30,
        "magType": "mww",
        "type": "earthquake",
        "title": "M 5.5 - 250 km E of Port Blair, India"
      },
      "geometry": {
        "type": "Point",
        "coordinates": [
          95.032,
          11.4234,
          8.71
        ]
      },
      "id": "us10002n5q"
    },
    {
      "type": "Feature",
      "properties": {
        "mag": 6.4,
        "place": "57 km WNW of Zangguy, China",
        "time": 1435885667290,
        "updated": 1659284956737,
        "tz": null,
        "url": "https://earthquake.usgs.gov/earthquakes/eventpage/us10002n4w",
        "detail": "https://earthquake.usgs.gov/fdsnws/event/1/query?eventid=us10002n4w&format=geojson",
        "felt": 3,
        "cdi": 3.9,
        "mmi": 7.122,
        "alert": "yellow",
        "status": "reviewed",
        "tsunami": 0,
        "sig": 651,
        "net": "us",
        "code": "10002n4w",
        "ids": ",us10002n4w,gcmt20150703010747,iscgem611459998,atlas20150703010747,",
        "sources": ",us,gcmt,iscgem,atlas,",
        "types": ",cap,dyfi,impact-text,losspager,moment-tensor,origin,phase-data,shakemap,",
        "nst": null,
        "dmin": 4.272,
        "rms": 1.03,
        "gap": 15,
        "magType": "mww",
        "type": "earthquake",
        "title": "M 6.4 - 57 km WNW of Zangguy, China"
      },
      "geometry": {
        "type": "Point",
        "coordinates": [
          78.1542,
          37.4593,
          20
        ]
      },
      "id": "us10002n4w"
    },
    {
      "type": "Feature",
      "properties": {
        "mag": 5.3,
        "place": "23 km ENE of Muzaffar?b?d, Pakistan",
        "time": 1435821504020,
        "updated": 1659284537052,
        "tz": null,
        "url": "https://earthquake.usgs.gov/earthquakes/eventpage/us10002mzg",
        "detail": "https://earthquake.usgs.gov/fdsnws/event/1/query?eventid=us10002mzg&format=geojson",
        "felt": 10,
        "cdi": 5.4,
        "mmi": null,
        "alert": null,
        "status": "reviewed",
        "tsunami": 0,
        "sig": 438,
        "net": "us",
        "code": "10002mzg",
        "ids": ",us10002mzg,iscgem611836124,",
        "sources": ",us,iscgem,",
        "types": ",cap,dyfi,impact-text,origin,phase-data,",
        "nst": null,
        "dmin": 0.878,
        "rms": 1.05,
        "gap": 40,
        "magType": "mb",
        "type": "earthquake",
        "title": "M 5.3 - 23 km ENE of Muzaffar?b?d, Pakistan"
      },
      "geometry": {
        "type": "Point",
        "coordinates": [
          73.7102,
          34.4513,
          10
        ]
      },
      "id": "us10002mzg"
    },
    {
      "type": "Feature",
      "properties": {
        "mag": 5.5,
        "place": "20 km W of Ashk?sham, Afghanistan",
        "time": 1435615668500,
        "updated": 1659283284670,
        "tz": null,
        "url": "https://earthquake.usgs.gov/earthquakes/eventpage/us10002mft",
        "detail": "https://earthquake.usgs.gov/fdsnws/event/1/query?eventid=us10002mft&format=geojson",
        "felt": 31,
        "cdi": 5,
        "mmi": 3.59,
        "alert": "green",
        "status": "reviewed",
        "tsunami": 0,
        "sig": 481,
        "net": "us",
        "code": "10002mft",
        "ids": ",us10002mft,gcmt20150629220748,iscgem607318873,",
        "sources": ",us,gcmt,iscgem,",
        "types": ",cap,dyfi,impact-text,losspager,moment-tensor,origin,phase-data,shakemap,",
        "nst": null,
        "dmin": 0.731,
        "rms": 1.25,
        "gap": 27,
        "magType": "mwb",
        "type": "earthquake",
        "title": "M 5.5 - 20 km W of Ashk?sham, Afghanistan"
      },
      "geometry": {
        "type": "Point",
        "coordinates": [
          71.3004,
          36.6802,
          191
        ]
      },
      "id": "us10002mft"
    },
    {
      "type": "Feature",
      "properties": {
        "mag": 5.1,
        "place": "18 km N of B?sugaon, India",
        "time": 1435453528560,
        "updated": 1659281326020,
        "tz": null,
        "url": "https://earthquake.usgs.gov/earthquakes/eventpage/us10002m67",
        "detail": "https://earthquake.usgs.gov/fdsnws/event/1/query?eventid=us10002m67&format=geojson",
        "felt": 74,
        "cdi": 6.6,
        "mmi": 5.179,
        "alert": "green",
        "status": "reviewed",
        "tsunami": 0,
        "sig": 449,
        "net": "us",
        "code": "10002m67",
        "ids": ",us10002m67,gcmt20150628010528,iscgem607317236,",
        "sources": ",us,gcmt,iscgem,",
        "types": ",cap,dyfi,impact-text,losspager,moment-tensor,origin,phase-data,shakemap,",
        "nst": null,
        "dmin": 1.682,
        "rms": 0.99,
        "gap": 36,
        "magType": "mwb",
        "type": "earthquake",
        "title": "M 5.1 - 18 km N of B?sugaon, India"
      },
      "geometry": {
        "type": "Point",
        "coordinates": [
          90.41,
          26.6384,
          26
        ]
      },
      "id": "us10002m67"
    },
    {
      "type": "Feature",
      "properties": {
        "mag": 5.2,
        "place": "272 km NNE of Bamboo Flat, India",
        "time": 1434133770290,
        "updated": 1651598758592,
        "tz": null,
        "url": "https://earthquake.usgs.gov/earthquakes/eventpage/us20002pfu",
        "detail": "https://earthquake.usgs.gov/fdsnws/event/1/query?eventid=us20002pfu&format=geojson",
        "felt": 0,
        "cdi": 1,
        "mmi": null,
        "alert": null,
        "status": "reviewed",
        "tsunami": 0,
        "sig": 416,
        "net": "us",
        "code": "20002pfu",
        "ids": ",us20002pfu,iscgem607292435,",
        "sources": ",us,iscgem,",
        "types": ",cap,dyfi,origin,phase-data,",
        "nst": null,
        "dmin": 2.479,
        "rms": 1.13,
        "gap": 37,
        "magType": "mb",
        "type": "earthquake",
        "title": "M 5.2 - 272 km NNE of Bamboo Flat, India"
      },
      "geometry": {
        "type": "Point",
        "coordinates": [
          93.5776,
          14.0119,
          48.57
        ]
      },
      "id": "us20002pfu"
    },
    {
      "type": "Feature",
      "properties": {
        "mag": 5.5,
        "place": "45 km SSE of Kod?ri??, Nepal",
        "time": 1431776049980,
        "updated": 1659251894026,
        "tz": null,
        "url": "https://earthquake.usgs.gov/earthquakes/eventpage/us100029rn",
        "detail": "https://earthquake.usgs.gov/fdsnws/event/1/query?eventid=us100029rn&format=geojson",
        "felt": 183,
        "cdi": 5.9,
        "mmi": 6.045,
        "alert": "green",
        "status": "reviewed",
        "tsunami": 0,
        "sig": 573,
        "net": "us",
        "code": "100029rn",
        "ids": ",us100029rn,gcmt20150516113410,iscgem610588359,atlas20150516113409,",
        "sources": ",us,gcmt,iscgem,atlas,",
        "types": ",cap,dyfi,impact-text,losspager,moment-tensor,origin,phase-data,shakemap,",
        "nst": null,
        "dmin": 4.928,
        "rms": 0.72,
        "gap": 13,
        "magType": "mww",
        "type": "earthquake",
        "title": "M 5.5 - 45 km SSE of Kod?ri??, Nepal"
      },
      "geometry": {
        "type": "Point",
        "coordinates": [
          86.0734,
          27.5603,
          7
        ]
      },
      "id": "us100029rn"
    },
    {
      "type": "Feature",
      "properties": {
        "mag": 5,
        "place": "28 km SSE of Kod?ri??, Nepal",
        "time": 1431553086390,
        "updated": 1659249485984,
        "tz": null,
        "url": "https://earthquake.usgs.gov/earthquakes/eventpage/us100028tz",
        "detail": "https://earthquake.usgs.gov/fdsnws/event/1/query?eventid=us100028tz&format=geojson",
        "felt": 37,
        "cdi": 4.3,
        "mmi": null,
        "alert": null,
        "status": "reviewed",
        "tsunami": 0,
        "sig": 401,
        "net": "us",
        "code": "100028tz",
        "ids": ",us100028tz,iscgem607241075,",
        "sources": ",us,iscgem,",
        "types": ",cap,dyfi,impact-text,origin,phase-data,",
        "nst": null,
        "dmin": 0.715,
        "rms": 0.65,
        "gap": 40,
        "magType": "mb",
        "type": "earthquake",
        "title": "M 5.0 - 28 km SSE of Kod?ri??, Nepal"
      },
      "geometry": {
        "type": "Point",
        "coordinates": [
          86.0503,
          27.7199,
          8.38
        ]
      },
      "id": "us100028tz"
    },
    {
      "type": "Feature",
      "properties": {
        "mag": 5.2,
        "place": "23 km ENE of Bharatpur, Nepal",
        "time": 1431465911930,
        "updated": 1659248503509,
        "tz": null,
        "url": "https://earthquake.usgs.gov/earthquakes/eventpage/us20002etn",
        "detail": "https://earthquake.usgs.gov/fdsnws/event/1/query?eventid=us20002etn&format=geojson",
        "felt": 59,
        "cdi": 4.9,
        "mmi": null,
        "alert": null,
        "status": "reviewed",
        "tsunami": 0,
        "sig": 445,
        "net": "us",
        "code": "20002etn",
        "ids": ",us20002etn,iscgem607235467,",
        "sources": ",us,iscgem,",
        "types": ",cap,dyfi,impact-text,origin,phase-data,",
        "nst": null,
        "dmin": 1.932,
        "rms": 0.62,
        "gap": 38,
        "magType": "mb",
        "type": "earthquake",
        "title": "M 5.2 - 23 km ENE of Bharatpur, Nepal"
      },
      "geometry": {
        "type": "Point",
        "coordinates": [
          84.6384,
          27.783,
          10
        ]
      },
      "id": "us20002etn"
    },
    {
      "type": "Feature",
      "properties": {
        "mag": 5.2,
        "place": "30 km SE of Kod?ri??, Nepal",
        "time": 1431418870760,
        "updated": 1659247439276,
        "tz": null,
        "url": "https://earthquake.usgs.gov/earthquakes/eventpage/us20002ekr",
        "detail": "https://earthquake.usgs.gov/fdsnws/event/1/query?eventid=us20002ekr&format=geojson",
        "felt": 17,
        "cdi": 5.7,
        "mmi": null,
        "alert": null,
        "status": "reviewed",
        "tsunami": 0,
        "sig": 426,
        "net": "us",
        "code": "20002ekr",
        "ids": ",us20002ekr,iscgem607634708,",
        "sources": ",us,iscgem,",
        "types": ",cap,dyfi,impact-text,origin,phase-data,",
        "nst": null,
        "dmin": 0.643,
        "rms": 0.7,
        "gap": 42,
        "magType": "mb",
        "type": "earthquake",
        "title": "M 5.2 - 30 km SE of Kod?ri??, Nepal"
      },
      "geometry": {
        "type": "Point",
        "coordinates": [
          86.1316,
          27.7298,
          15
        ]
      },
      "id": "us20002ekr"
    },
    {
      "type": "Feature",
      "properties": {
        "mag": 5.1,
        "place": "23 km ENE of Nagarkot, Nepal",
        "time": 1431418434600,
        "updated": 1659247568729,
        "tz": null,
        "url": "https://earthquake.usgs.gov/earthquakes/eventpage/us20002ekq",
        "detail": "https://earthquake.usgs.gov/fdsnws/event/1/query?eventid=us20002ekq&format=geojson",
        "felt": 3,
        "cdi": 6.5,
        "mmi": null,
        "alert": null,
        "status": "reviewed",
        "tsunami": 0,
        "sig": 402,
        "net": "us",
        "code": "20002ekq",
        "ids": ",us20002ekq,iscgem607234493,",
        "sources": ",us,iscgem,",
        "types": ",cap,dyfi,impact-text,origin,phase-data,",
        "nst": null,
        "dmin": 0.953,
        "rms": 0.64,
        "gap": 49,
        "magType": "mb",
        "type": "earthquake",
        "title": "M 5.1 - 23 km ENE of Nagarkot, Nepal"
      },
      "geometry": {
        "type": "Point",
        "coordinates": [
          85.7574,
          27.7629,
          15
        ]
      },
      "id": "us20002ekq"
    },
    {
      "type": "Feature",
      "properties": {
        "mag": 5,
        "place": "27 km SSE of Kod?ri??, Nepal",
        "time": 1431417965530,
        "updated": 1659247315043,
        "tz": null,
        "url": "https://earthquake.usgs.gov/earthquakes/eventpage/us20002ekk",
        "detail": "https://earthquake.usgs.gov/fdsnws/event/1/query?eventid=us20002ekk&format=geojson",
        "felt": 7,
        "cdi": 5.2,
        "mmi": null,
        "alert": null,
        "status": "reviewed",
        "tsunami": 0,
        "sig": 388,
        "net": "us",
        "code": "20002ekk",
        "ids": ",us20002ekk,iscgem607634705,",
        "sources": ",us,iscgem,",
        "types": ",cap,dyfi,impact-text,origin,phase-data,",
        "nst": null,
        "dmin": 0.742,
        "rms": 0.78,
        "gap": 42,
        "magType": "mb",
        "type": "earthquake",
        "title": "M 5.0 - 27 km SSE of Kod?ri??, Nepal"
      },
      "geometry": {
        "type": "Point",
        "coordinates": [
          86.0161,
          27.7221,
          15
        ]
      },
      "id": "us20002ekk"
    },
    {
      "type": "Feature",
      "properties": {
        "mag": 6.3,
        "place": "42 km SSE of Kod?ri??, Nepal",
        "time": 1431416214490,
        "updated": 1659247179785,
        "tz": null,
        "url": "https://earthquake.usgs.gov/earthquakes/eventpage/us20002ek5",
        "detail": "https://earthquake.usgs.gov/fdsnws/event/1/query?eventid=us20002ek5&format=geojson",
        "felt": 61,
        "cdi": 6.6,
        "mmi": 6.411,
        "alert": "green",
        "status": "reviewed",
        "tsunami": 0,
        "sig": 651,
        "net": "us",
        "code": "20002ek5",
        "ids": ",us20002ek5,gcmt20150512073653,iscgem609816808,atlas20150512073654,",
        "sources": ",us,gcmt,iscgem,atlas,",
        "types": ",cap,dyfi,general-link,impact-text,losspager,moment-tensor,origin,phase-data,scitech-link,shakemap,",
        "nst": null,
        "dmin": 0.664,
        "rms": 0.93,
        "gap": 10,
        "magType": "mww",
        "type": "earthquake",
        "title": "M 6.3 - 42 km SSE of Kod?ri??, Nepal"
      },
      "geometry": {
        "type": "Point",
        "coordinates": [
          86.1617,
          27.625,
          15
        ]
      },
      "id": "us20002ek5"
    },
    {
      "type": "Feature",
      "properties": {
        "mag": 5.4,
        "place": "37 km SE of Kod?ri??, Nepal",
        "time": 1431416062630,
        "updated": 1651598510916,
        "tz": null,
        "url": "https://earthquake.usgs.gov/earthquakes/eventpage/us20002ek3",
        "detail": "https://earthquake.usgs.gov/fdsnws/event/1/query?eventid=us20002ek3&format=geojson",
        "felt": 0,
        "cdi": 1,
        "mmi": null,
        "alert": null,
        "status": "reviewed",
        "tsunami": 0,
        "sig": 449,
        "net": "us",
        "code": "20002ek3",
        "ids": ",us20002ek3,iscgem607234489,",
        "sources": ",us,iscgem,",
        "types": ",cap,dyfi,origin,phase-data,",
        "nst": null,
        "dmin": 0.544,
        "rms": 0.78,
        "gap": 45,
        "magType": "mb",
        "type": "earthquake",
        "title": "M 5.4 - 37 km SE of Kod?ri??, Nepal"
      },
      "geometry": {
        "type": "Point",
        "coordinates": [
          86.2449,
          27.7458,
          10
        ]
      },
      "id": "us20002ek3"
    },
    {
      "type": "Feature",
      "properties": {
        "mag": 5,
        "place": "52 km WSW of Namche Bazar, Nepal",
        "time": 1431415412670,
        "updated": 1437116770040,
        "tz": null,
        "url": "https://earthquake.usgs.gov/earthquakes/eventpage/us10002bgy",
        "detail": "https://earthquake.usgs.gov/fdsnws/event/1/query?eventid=us10002bgy&format=geojson",
        "felt": 0,
        "cdi": 1,
        "mmi": null,
        "alert": null,
        "status": "reviewed",
        "tsunami": 0,
        "sig": 385,
        "net": "us",
        "code": "10002bgy",
        "ids": ",us10002bgy,",
        "sources": ",us,",
        "types": ",dyfi,origin,phase-data,",
        "nst": null,
        "dmin": 0.632,
        "rms": 0.36,
        "gap": 243,
        "magType": "mb",
        "type": "earthquake",
        "title": "M 5.0 - 52 km WSW of Namche Bazar, Nepal"
      },
      "geometry": {
        "type": "Point",
        "coordinates": [
          86.2566,
          27.5589,
          10
        ]
      },
      "id": "us10002bgy"
    },
    {
      "type": "Feature",
      "properties": {
        "mag": 5.5,
        "place": "37 km SE of Kod?ri??, Nepal",
        "time": 1431415040640,
        "updated": 1659247113083,
        "tz": null,
        "url": "https://earthquake.usgs.gov/earthquakes/eventpage/us20002ek0",
        "detail": "https://earthquake.usgs.gov/fdsnws/event/1/query?eventid=us20002ek0&format=geojson",
        "felt": 11,
        "cdi": 2.7,
        "mmi": 5.56,
        "alert": "green",
        "status": "reviewed",
        "tsunami": 0,
        "sig": 468,
        "net": "us",
        "code": "20002ek0",
        "ids": ",us20002ek0,iscgem607634682,atlas20150512071720,",
        "sources": ",us,iscgem,atlas,",
        "types": ",cap,dyfi,impact-text,losspager,origin,phase-data,shakemap,",
        "nst": null,
        "dmin": 0.579,
        "rms": 0.89,
        "gap": 66,
        "magType": "mb",
        "type": "earthquake",
        "title": "M 5.5 - 37 km SE of Kod?ri??, Nepal"
      },
      "geometry": {
        "type": "Point",
        "coordinates": [
          86.2177,
          27.7141,
          13.01
        ]
      },
      "id": "us20002ek0"
    },
    {
      "type": "Feature",
      "properties": {
        "mag": 7.3,
        "place": "Nepal",
        "time": 1431414319730,
        "updated": 1719379121027,
        "tz": null,
        "url": "https://earthquake.usgs.gov/earthquakes/eventpage/us20002ejl",
        "detail": "https://earthquake.usgs.gov/fdsnws/event/1/query?eventid=us20002ejl&format=geojson",
        "felt": 733,
        "cdi": 7.7,
        "mmi": 7.495,
        "alert": "orange",
        "status": "reviewed",
        "tsunami": 0,
        "sig": 1564,
        "net": "us",
        "code": "20002ejl",
        "ids": ",us20002ejl,gcmt20150512070519,iscgem610588278,atlas20150512070519,",
        "sources": ",us,gcmt,iscgem,atlas,",
        "types": ",cap,dyfi,finite-fault,general-link,general-text,impact-text,losspager,moment-tensor,origin,phase-data,poster,scitech-link,shakemap,",
        "nst": null,
        "dmin": 0.677,
        "rms": 0.92,
        "gap": 11,
        "magType": "mww",
        "type": "earthquake",
        "title": "M 7.3 - Nepal"
      },
      "geometry": {
        "type": "Point",
        "coordinates": [
          86.0655,
          27.8087,
          15
        ]
      },
      "id": "us20002ejl"
    },
    {
      "type": "Feature",
      "properties": {
        "mag": 5.3,
        "place": "135 km SW of Port Blair, India",
        "time": 1430470721800,
        "updated": 1659237878959,
        "tz": null,
        "url": "https://earthquake.usgs.gov/earthquakes/eventpage/us20002aml",
        "detail": "https://earthquake.usgs.gov/fdsnws/event/1/query?eventid=us20002aml&format=geojson",
        "felt": 3,
        "cdi": 2,
        "mmi": null,
        "alert": null,
        "status": "reviewed",
        "tsunami": 0,
        "sig": 433,
        "net": "us",
        "code": "20002aml",
        "ids": ",us20002aml,",
        "sources": ",us,",
        "types": ",cap,dyfi,origin,phase-data,",
        "nst": null,
        "dmin": 1.21,
        "rms": 0.75,
        "gap": 62,
        "magType": "mb",
        "type": "earthquake",
        "title": "M 5.3 - 135 km SW of Port Blair, India"
      },
      "geometry": {
        "type": "Point",
        "coordinates": [
          91.9645,
          10.7112,
          29.31
        ]
      },
      "id": "us20002aml"
    },
    {
      "type": "Feature",
      "properties": {
        "mag": 5.1,
        "place": "13 km ESE of Il?m, Nepal",
        "time": 1430138153930,
        "updated": 1659233881136,
        "tz": null,
        "url": "https://earthquake.usgs.gov/earthquakes/eventpage/us200029k7",
        "detail": "https://earthquake.usgs.gov/fdsnws/event/1/query?eventid=us200029k7&format=geojson",
        "felt": 192,
        "cdi": 6.5,
        "mmi": null,
        "alert": null,
        "status": "reviewed",
        "tsunami": 0,
        "sig": 525,
        "net": "us",
        "code": "200029k7",
        "ids": ",us200029k7,iscgem607212577,",
        "sources": ",us,iscgem,",
        "types": ",cap,dyfi,impact-text,origin,phase-data,",
        "nst": null,
        "dmin": 2.58,
        "rms": 0.73,
        "gap": 29,
        "magType": "mb",
        "type": "earthquake",
        "title": "M 5.1 - 13 km ESE of Il?m, Nepal"
      },
      "geometry": {
        "type": "Point",
        "coordinates": [
          88.055,
          26.8644,
          31.71
        ]
      },
      "id": "us200029k7"
    },
    {
      "type": "Feature",
      "properties": {
        "mag": 5,
        "place": "17 km SSW of Kod?ri??, Nepal",
        "time": 1430065566730,
        "updated": 1659232522787,
        "tz": null,
        "url": "https://earthquake.usgs.gov/earthquakes/eventpage/us200029ea",
        "detail": "https://earthquake.usgs.gov/fdsnws/event/1/query?eventid=us200029ea&format=geojson",
        "felt": 67,
        "cdi": 5.3,
        "mmi": null,
        "alert": null,
        "status": "reviewed",
        "tsunami": 0,
        "sig": 420,
        "net": "us",
        "code": "200029ea",
        "ids": ",us200029ea,iscgem610587902,",
        "sources": ",us,iscgem,",
        "types": ",cap,dyfi,impact-text,moment-tensor,origin,phase-data,",
        "nst": null,
        "dmin": 0.847,
        "rms": 0.73,
        "gap": 22,
        "magType": "mwb",
        "type": "earthquake",
        "title": "M 5.0 - 17 km SSW of Kod?ri??, Nepal"
      },
      "geometry": {
        "type": "Point",
        "coordinates": [
          85.865,
          27.8297,
          14
        ]
      },
      "id": "us200029ea"
    },
    {
      "type": "Feature",
      "properties": {
        "mag": 6.7,
        "place": "21 km SSE of Kod?ri??, Nepal",
        "time": 1430032150670,
        "updated": 1740202718490,
        "tz": null,
        "url": "https://earthquake.usgs.gov/earthquakes/eventpage/us200029bt",
        "detail": "https://earthquake.usgs.gov/fdsnws/event/1/query?eventid=us200029bt&format=geojson",
        "felt": 496,
        "cdi": 6.6,
        "mmi": 6.67,
        "alert": "yellow",
        "status": "reviewed",
        "tsunami": 0,
        "sig": 1018,
        "net": "us",
        "code": "200029bt",
        "ids": ",pt15116050,us200029bt,iscgem607211055,atlas20150426070910,",
        "sources": ",pt,us,iscgem,atlas,",
        "types": ",cap,dyfi,impact-text,losspager,moment-tensor,origin,phase-data,shakemap,",
        "nst": null,
        "dmin": 0.727,
        "rms": 0.86,
        "gap": 13,
        "magType": "mww",
        "type": "earthquake",
        "title": "M 6.7 - 21 km SSE of Kod?ri??, Nepal"
      },
      "geometry": {
        "type": "Point",
        "coordinates": [
          86.0173,
          27.7711,
          22.91
        ]
      },
      "id": "us200029bt"
    },
    {
      "type": "Feature",
      "properties": {
        "mag": 5.1,
        "place": "42 km WNW of Kirtipur, Nepal",
        "time": 1430003775450,
        "updated": 1659231459168,
        "tz": null,
        "url": "https://earthquake.usgs.gov/earthquakes/eventpage/us2000299v",
        "detail": "https://earthquake.usgs.gov/fdsnws/event/1/query?eventid=us2000299v&format=geojson",
        "felt": 10,
        "cdi": 5.8,
        "mmi": 4.44,
        "alert": "green",
        "status": "reviewed",
        "tsunami": 0,
        "sig": 406,
        "net": "us",
        "code": "2000299v",
        "ids": ",us2000299v,iscgem607260290,",
        "sources": ",us,iscgem,",
        "types": ",cap,dyfi,impact-text,losspager,moment-tensor,origin,phase-data,shakemap,",
        "nst": null,
        "dmin": 1.724,
        "rms": 0.67,
        "gap": 26,
        "magType": "mww",
        "type": "earthquake",
        "title": "M 5.1 - 42 km WNW of Kirtipur, Nepal"
      },
      "geometry": {
        "type": "Point",
        "coordinates": [
          84.8715,
          27.7993,
          13.61
        ]
      },
      "id": "us2000299v"
    },
    {
      "type": "Feature",
      "properties": {
        "mag": 5.1,
        "place": "33 km NNW of Kod?ri??, Nepal",
        "time": 1429983770910,
        "updated": 1659231172897,
        "tz": null,
        "url": "https://earthquake.usgs.gov/earthquakes/eventpage/us2000297g",
        "detail": "https://earthquake.usgs.gov/fdsnws/event/1/query?eventid=us2000297g&format=geojson",
        "felt": 8,
        "cdi": 4.3,
        "mmi": null,
        "alert": null,
        "status": "reviewed",
        "tsunami": 0,
        "sig": 404,
        "net": "us",
        "code": "2000297g",
        "ids": ",us2000297g,iscgem607211031,",
        "sources": ",us,iscgem,",
        "types": ",cap,dyfi,impact-text,moment-tensor,origin,phase-data,",
        "nst": null,
        "dmin": 0.911,
        "rms": 0.99,
        "gap": 31,
        "magType": "mwr",
        "type": "earthquake",
        "title": "M 5.1 - 33 km NNW of Kod?ri??, Nepal"
      },
      "geometry": {
        "type": "Point",
        "coordinates": [
          85.829,
          28.238,
          10
        ]
      },
      "id": "us2000297g"
    },
    {
      "type": "Feature",
      "properties": {
        "mag": 5.2,
        "place": "48 km NNE of Bharatpur, Nepal",
        "time": 1429965845170,
        "updated": 1659230600220,
        "tz": null,
        "url": "https://earthquake.usgs.gov/earthquakes/eventpage/us2000295i",
        "detail": "https://earthquake.usgs.gov/fdsnws/event/1/query?eventid=us2000295i&format=geojson",
        "felt": 9,
        "cdi": 3.1,
        "mmi": null,
        "alert": null,
        "status": "reviewed",
        "tsunami": 0,
        "sig": 419,
        "net": "us",
        "code": "2000295i",
        "ids": ",us2000295i,iscgem607210519,",
        "sources": ",us,iscgem,",
        "types": ",cap,dyfi,impact-text,origin,phase-data,",
        "nst": null,
        "dmin": 1.995,
        "rms": 0.91,
        "gap": 39,
        "magType": "mb",
        "type": "earthquake",
        "title": "M 5.2 - 48 km NNE of Bharatpur, Nepal"
      },
      "geometry": {
        "type": "Point",
        "coordinates": [
          84.5594,
          28.0979,
          10
        ]
      },
      "id": "us2000295i"
    },
    {
      "type": "Feature",
      "properties": {
        "mag": 5.7,
        "place": "69 km NE of Lobujya, Nepal",
        "time": 1429953422310,
        "updated": 1659230258200,
        "tz": null,
        "url": "https://earthquake.usgs.gov/earthquakes/eventpage/us2000294g",
        "detail": "https://earthquake.usgs.gov/fdsnws/event/1/query?eventid=us2000294g&format=geojson",
        "felt": 6,
        "cdi": 4.2,
        "mmi": 6.594,
        "alert": "green",
        "status": "reviewed",
        "tsunami": 0,
        "sig": 502,
        "net": "us",
        "code": "2000294g",
        "ids": ",us2000294g,iscgem607210510,atlas20150425091702,",
        "sources": ",us,iscgem,atlas,",
        "types": ",cap,dyfi,impact-text,losspager,origin,phase-data,shakemap,",
        "nst": null,
        "dmin": 0.619,
        "rms": 0.7,
        "gap": 22,
        "magType": "mb",
        "type": "earthquake",
        "title": "M 5.7 - 69 km NE of Lobujya, Nepal"
      },
      "geometry": {
        "type": "Point",
        "coordinates": [
          87.3173,
          28.3902,
          10
        ]
      },
      "id": "us2000294g"
    },
    {
      "type": "Feature",
      "properties": {
        "mag": 5.3,
        "place": "0 km WNW of Panauti??, Nepal",
        "time": 1429952155960,
        "updated": 1659230202886,
        "tz": null,
        "url": "https://earthquake.usgs.gov/earthquakes/eventpage/us2000294d",
        "detail": "https://earthquake.usgs.gov/fdsnws/event/1/query?eventid=us2000294d&format=geojson",
        "felt": 3,
        "cdi": 4.3,
        "mmi": null,
        "alert": null,
        "status": "reviewed",
        "tsunami": 0,
        "sig": 433,
        "net": "us",
        "code": "2000294d",
        "ids": ",us2000294d,iscgem607208688,",
        "sources": ",us,iscgem,",
        "types": ",cap,dyfi,impact-text,origin,phase-data,",
        "nst": null,
        "dmin": 1.215,
        "rms": 0.8,
        "gap": 41,
        "magType": "mb",
        "type": "earthquake",
        "title": "M 5.3 - 0 km WNW of Panauti??, Nepal"
      },
      "geometry": {
        "type": "Point",
        "coordinates": [
          85.5058,
          27.5866,
          10
        ]
      },
      "id": "us2000294d"
    },
    {
      "type": "Feature",
      "properties": {
        "mag": 5,
        "place": "33 km NNE of Bharatpur, Nepal",
        "time": 1429950564560,
        "updated": 1659230140894,
        "tz": null,
        "url": "https://earthquake.usgs.gov/earthquakes/eventpage/us20002946",
        "detail": "https://earthquake.usgs.gov/fdsnws/event/1/query?eventid=us20002946&format=geojson",
        "felt": 7,
        "cdi": 3.4,
        "mmi": null,
        "alert": null,
        "status": "reviewed",
        "tsunami": 0,
        "sig": 387,
        "net": "us",
        "code": "20002946",
        "ids": ",us20002946,iscgem607208687,",
        "sources": ",us,iscgem,",
        "types": ",cap,dyfi,impact-text,origin,phase-data,",
        "nst": null,
        "dmin": 1.937,
        "rms": 0.68,
        "gap": 99,
        "magType": "mb",
        "type": "earthquake",
        "title": "M 5.0 - 33 km NNE of Bharatpur, Nepal"
      },
      "geometry": {
        "type": "Point",
        "coordinates": [
          84.6218,
          27.9351,
          10
        ]
      },
      "id": "us20002946"
    },
    {
      "type": "Feature",
      "properties": {
        "mag": 5,
        "place": "13 km NNE of Nagarkot, Nepal",
        "time": 1429948021480,
        "updated": 1659230024729,
        "tz": null,
        "url": "https://earthquake.usgs.gov/earthquakes/eventpage/us2000293p",
        "detail": "https://earthquake.usgs.gov/fdsnws/event/1/query?eventid=us2000293p&format=geojson",
        "felt": 8,
        "cdi": 4.3,
        "mmi": null,
        "alert": null,
        "status": "reviewed",
        "tsunami": 0,
        "sig": 388,
        "net": "us",
        "code": "2000293p",
        "ids": ",us2000293p,iscgem607208683,",
        "sources": ",us,iscgem,",
        "types": ",cap,dyfi,impact-text,origin,phase-data,",
        "nst": null,
        "dmin": 1.085,
        "rms": 0.59,
        "gap": 79,
        "magType": "mb",
        "type": "earthquake",
        "title": "M 5.0 - 13 km NNE of Nagarkot, Nepal"
      },
      "geometry": {
        "type": "Point",
        "coordinates": [
          85.5955,
          27.8172,
          10
        ]
      },
      "id": "us2000293p"
    },
    {
      "type": "Feature",
      "properties": {
        "mag": 5.1,
        "place": "26 km S of Kod?ri??, Nepal",
        "time": 1429945107570,
        "updated": 1651598580632,
        "tz": null,
        "url": "https://earthquake.usgs.gov/earthquakes/eventpage/us20002bfz",
        "detail": "https://earthquake.usgs.gov/fdsnws/event/1/query?eventid=us20002bfz&format=geojson",
        "felt": 0,
        "cdi": 1,
        "mmi": null,
        "alert": null,
        "status": "reviewed",
        "tsunami": 0,
        "sig": 400,
        "net": "us",
        "code": "20002bfz",
        "ids": ",us20002bfz,iscgem607260072,",
        "sources": ",us,iscgem,",
        "types": ",dyfi,origin,phase-data,",
        "nst": null,
        "dmin": 0.751,
        "rms": 0.55,
        "gap": 76,
        "magType": "mb",
        "type": "earthquake",
        "title": "M 5.1 - 26 km S of Kod?ri??, Nepal"
      },
      "geometry": {
        "type": "Point",
        "coordinates": [
          86.0061,
          27.7219,
          10
        ]
      },
      "id": "us20002bfz"
    },
    {
      "type": "Feature",
      "properties": {
        "mag": 5.5,
        "place": "22 km WSW of Kod?ri??, Nepal",
        "time": 1429944993860,
        "updated": 1659229969171,
        "tz": null,
        "url": "https://earthquake.usgs.gov/earthquakes/eventpage/us20002934",
        "detail": "https://earthquake.usgs.gov/fdsnws/event/1/query?eventid=us20002934&format=geojson",
        "felt": 2,
        "cdi": 4.6,
        "mmi": 5.637,
        "alert": "green",
        "status": "reviewed",
        "tsunami": 0,
        "sig": 466,
        "net": "us",
        "code": "20002934",
        "ids": ",us20002934,iscgem607260068,atlas20150425065633,",
        "sources": ",us,iscgem,atlas,",
        "types": ",cap,dyfi,impact-text,losspager,origin,phase-data,shakemap,",
        "nst": null,
        "dmin": 0.942,
        "rms": 0.65,
        "gap": 39,
        "magType": "mb",
        "type": "earthquake",
        "title": "M 5.5 - 22 km WSW of Kod?ri??, Nepal"
      },
      "geometry": {
        "type": "Point",
        "coordinates": [
          85.7505,
          27.8822,
          10
        ]
      },
      "id": "us20002934"
    },
    {
      "type": "Feature",
      "properties": {
        "mag": 5,
        "place": "7 km W of Kirtipur, Nepal",
        "time": 1429944822750,
        "updated": 1651598578327,
        "tz": null,
        "url": "https://earthquake.usgs.gov/earthquakes/eventpage/us20002bf3",
        "detail": "https://earthquake.usgs.gov/fdsnws/event/1/query?eventid=us20002bf3&format=geojson",
        "felt": 0,
        "cdi": 1,
        "mmi": null,
        "alert": null,
        "status": "reviewed",
        "tsunami": 0,
        "sig": 385,
        "net": "us",
        "code": "20002bf3",
        "ids": ",us20002bf3,iscgem607260067,",
        "sources": ",us,iscgem,",
        "types": ",dyfi,origin,phase-data,",
        "nst": null,
        "dmin": 1.455,
        "rms": 0.65,
        "gap": 42,
        "magType": "mb",
        "type": "earthquake",
        "title": "M 5.0 - 7 km W of Kirtipur, Nepal"
      },
      "geometry": {
        "type": "Point",
        "coordinates": [
          85.2009,
          27.672,
          10
        ]
      },
      "id": "us20002bf3"
    },
    {
      "type": "Feature",
      "properties": {
        "mag": 6.6,
        "place": "71 km NNE of Bharatpur, Nepal",
        "time": 1429944321320,
        "updated": 1740202398829,
        "tz": null,
        "url": "https://earthquake.usgs.gov/earthquakes/eventpage/us2000292y",
        "detail": "https://earthquake.usgs.gov/fdsnws/event/1/query?eventid=us2000292y&format=geojson",
        "felt": 82,
        "cdi": 7.7,
        "mmi": 6.659,
        "alert": "yellow",
        "status": "reviewed",
        "tsunami": 0,
        "sig": 733,
        "net": "us",
        "code": "2000292y",
        "ids": ",us2000292y,gcmt20150425064521,iscgem607260065,atlas20150425064521,",
        "sources": ",us,gcmt,iscgem,atlas,",
        "types": ",cap,dyfi,impact-text,losspager,moment-tensor,origin,phase-data,shakemap,",
        "nst": null,
        "dmin": 1.778,
        "rms": 0.64,
        "gap": 16,
        "magType": "mww",
        "type": "earthquake",
        "title": "M 6.6 - 71 km NNE of Bharatpur, Nepal"
      },
      "geometry": {
        "type": "Point",
        "coordinates": [
          84.8216,
          28.2244,
          10
        ]
      },
      "id": "us2000292y"
    },
    {
      "type": "Feature",
      "properties": {
        "mag": 5.1,
        "place": "27 km SSW of Kod?ri??, Nepal",
        "time": 1429943878690,
        "updated": 1659229782615,
        "tz": null,
        "url": "https://earthquake.usgs.gov/earthquakes/eventpage/us2000292w",
        "detail": "https://earthquake.usgs.gov/fdsnws/event/1/query?eventid=us2000292w&format=geojson",
        "felt": 3,
        "cdi": 2.2,
        "mmi": null,
        "alert": null,
        "status": "reviewed",
        "tsunami": 0,
        "sig": 401,
        "net": "us",
        "code": "2000292w",
        "ids": ",us2000292w,iscgem607260059,",
        "sources": ",us,iscgem,",
        "types": ",cap,dyfi,impact-text,origin,phase-data,",
        "nst": null,
        "dmin": 0.895,
        "rms": 0.65,
        "gap": 76,
        "magType": "mb",
        "type": "earthquake",
        "title": "M 5.1 - 27 km SSW of Kod?ri??, Nepal"
      },
      "geometry": {
        "type": "Point",
        "coordinates": [
          85.8302,
          27.7435,
          10
        ]
      },
      "id": "us2000292w"
    },
    {
      "type": "Feature",
      "properties": {
        "mag": 5,
        "place": "7 km ESE of Nagarkot, Nepal",
        "time": 1429943155260,
        "updated": 1651598573826,
        "tz": null,
        "url": "https://earthquake.usgs.gov/earthquakes/eventpage/us20002bfk",
        "detail": "https://earthquake.usgs.gov/fdsnws/event/1/query?eventid=us20002bfk&format=geojson",
        "felt": 0,
        "cdi": 1,
        "mmi": null,
        "alert": null,
        "status": "reviewed",
        "tsunami": 0,
        "sig": 385,
        "net": "us",
        "code": "20002bfk",
        "ids": ",us20002bfk,iscgem607260036,",
        "sources": ",us,iscgem,",
        "types": ",dyfi,origin,phase-data,",
        "nst": null,
        "dmin": 1.119,
        "rms": 0.63,
        "gap": 58,
        "magType": "mb",
        "type": "earthquake",
        "title": "M 5.0 - 7 km ESE of Nagarkot, Nepal"
      },
      "geometry": {
        "type": "Point",
        "coordinates": [
          85.5854,
          27.687,
          10
        ]
      },
      "id": "us20002bfk"
    },
    {
      "type": "Feature",
      "properties": {
        "mag": 5.26,
        "place": "12 km NNW of Nagarkot, Nepal",
        "time": 1429942943350,
        "updated": 1651598572632,
        "tz": null,
        "url": "https://earthquake.usgs.gov/earthquakes/eventpage/iscgem607260025",
        "detail": "https://earthquake.usgs.gov/fdsnws/event/1/query?eventid=iscgem607260025&format=geojson",
        "felt": null,
        "cdi": null,
        "mmi": null,
        "alert": null,
        "status": "reviewed",
        "tsunami": 0,
        "sig": 426,
        "net": "iscgem",
        "code": "607260025",
        "ids": ",iscgem607260025,",
        "sources": ",iscgem,",
        "types": ",origin,",
        "nst": null,
        "dmin": null,
        "rms": null,
        "gap": null,
        "magType": "mw",
        "type": "earthquake",
        "title": "M 5.3 - 12 km NNW of Nagarkot, Nepal"
      },
      "geometry": {
        "type": "Point",
        "coordinates": [
          85.448,
          27.813,
          18
        ]
      },
      "id": "iscgem607260025"
    },
    {
      "type": "Feature",
      "properties": {
        "mag": 5.1,
        "place": "21 km NW of Kirtipur, Nepal",
        "time": 1429942922750,
        "updated": 1705525749592,
        "tz": null,
        "url": "https://earthquake.usgs.gov/earthquakes/eventpage/us20002bhs",
        "detail": "https://earthquake.usgs.gov/fdsnws/event/1/query?eventid=us20002bhs&format=geojson",
        "felt": 0,
        "cdi": 1,
        "mmi": null,
        "alert": null,
        "status": "reviewed",
        "tsunami": 0,
        "sig": 400,
        "net": "us",
        "code": "20002bhs",
        "ids": ",us20002bhs,iscgem607260021,",
        "sources": ",us,iscgem,",
        "types": ",dyfi,earthquake-name,origin,phase-data,",
        "nst": null,
        "dmin": 1.511,
        "rms": 0.86,
        "gap": 99,
        "magType": "mb",
        "type": "earthquake",
        "title": "M 5.1 - 21 km NW of Kirtipur, Nepal"
      },
      "geometry": {
        "type": "Point",
        "coordinates": [
          85.1141,
          27.8006,
          10
        ]
      },
      "id": "us20002bhs"
    },
    {
      "type": "Feature",
      "properties": {
        "mag": 5.4,
        "place": "Nepal",
        "time": 1429942840340,
        "updated": 1651598569242,
        "tz": null,
        "url": "https://earthquake.usgs.gov/earthquakes/eventpage/us20002bi6",
        "detail": "https://earthquake.usgs.gov/fdsnws/event/1/query?eventid=us20002bi6&format=geojson",
        "felt": 0,
        "cdi": 1,
        "mmi": null,
        "alert": null,
        "status": "reviewed",
        "tsunami": 0,
        "sig": 449,
        "net": "us",
        "code": "20002bi6",
        "ids": ",us20002bi6,iscgem607260020,",
        "sources": ",us,iscgem,",
        "types": ",dyfi,origin,phase-data,",
        "nst": null,
        "dmin": 2.064,
        "rms": 0.88,
        "gap": 151,
        "magType": "mb",
        "type": "earthquake",
        "title": "M 5.4 - Nepal"
      },
      "geometry": {
        "type": "Point",
        "coordinates": [
          84.492,
          28.2046,
          10
        ]
      },
      "id": "us20002bi6"
    },
    {
      "type": "Feature",
      "properties": {
        "mag": 5.6,
        "place": "31 km SSE of Kod?ri??, Nepal",
        "time": 1429942690870,
        "updated": 1718581539737,
        "tz": null,
        "url": "https://earthquake.usgs.gov/earthquakes/eventpage/us20002bi0",
        "detail": "https://earthquake.usgs.gov/fdsnws/event/1/query?eventid=us20002bi0&format=geojson",
        "felt": null,
        "cdi": null,
        "mmi": 5.939,
        "alert": "green",
        "status": "reviewed",
        "tsunami": 0,
        "sig": 482,
        "net": "us",
        "code": "20002bi0",
        "ids": ",us20002bi0,iscgem607260016,atlas20150425061810,",
        "sources": ",us,iscgem,atlas,",
        "types": ",losspager,origin,phase-data,shakemap,",
        "nst": null,
        "dmin": 0.751,
        "rms": 0.76,
        "gap": 42,
        "magType": "mb",
        "type": "earthquake",
        "title": "M 5.6 - 31 km SSE of Kod?ri??, Nepal"
      },
      "geometry": {
        "type": "Point",
        "coordinates": [
          86.0213,
          27.6857,
          10
        ]
      },
      "id": "us20002bi0"
    },
    {
      "type": "Feature",
      "properties": {
        "mag": 6.1,
        "place": "0 km NNW of Dhulikhel, Nepal",
        "time": 1429942522910,
        "updated": 1718581544729,
        "tz": null,
        "url": "https://earthquake.usgs.gov/earthquakes/eventpage/us20002bi4",
        "detail": "https://earthquake.usgs.gov/fdsnws/event/1/query?eventid=us20002bi4&format=geojson",
        "felt": null,
        "cdi": null,
        "mmi": 6.468,
        "alert": "yellow",
        "status": "reviewed",
        "tsunami": 0,
        "sig": 650,
        "net": "us",
        "code": "20002bi4",
        "ids": ",us20002bi4,iscgem607260012,",
        "sources": ",us,iscgem,",
        "types": ",losspager,origin,phase-data,shakemap,",
        "nst": null,
        "dmin": 1.173,
        "rms": 1.02,
        "gap": 43,
        "magType": "mb",
        "type": "earthquake",
        "title": "M 6.1 - 0 km NNW of Dhulikhel, Nepal"
      },
      "geometry": {
        "type": "Point",
        "coordinates": [
          85.5398,
          27.6285,
          10
        ]
      },
      "id": "us20002bi4"
    },
    {
      "type": "Feature",
      "properties": {
        "mag": 7.8,
        "place": "67 km NNE of Bharatpur, Nepal",
        "time": 1429942285950,
        "updated": 1754562671955,
        "tz": null,
        "url": "https://earthquake.usgs.gov/earthquakes/eventpage/us20002926",
        "detail": "https://earthquake.usgs.gov/fdsnws/event/1/query?eventid=us20002926&format=geojson",
        "felt": 1134,
        "cdi": 8.2,
        "mmi": 8.718,
        "alert": "red",
        "status": "reviewed",
        "tsunami": 0,
        "sig": 2820,
        "net": "us",
        "code": "20002926",
        "ids": ",us20002926,gcmt20150425061126,iscgem607208674,atlas20150425061125,",
        "sources": ",us,gcmt,iscgem,atlas,",
        "types": ",cap,dyfi,finite-fault,general-text,ground-failure,impact-link,impact-text,losspager,moment-tensor,origin,phase-data,poster,scitech-link,shakemap,trump-shakemap,",
        "nst": null,
        "dmin": 1.857,
        "rms": 0.96,
        "gap": 12,
        "magType": "mww",
        "type": "earthquake",
        "title": "M 7.8 - 67 km NNE of Bharatpur, Nepal"
      },
      "geometry": {
        "type": "Point",
        "coordinates": [
          84.7314,
          28.2305,
          8.22
        ]
      },
      "id": "us20002926"
    },
    {
      "type": "Feature",
      "properties": {
        "mag": 5,
        "place": "46 km SSE of Jumla, Nepal",
        "time": 1429624935550,
        "updated": 1659227545483,
        "tz": null,
        "url": "https://earthquake.usgs.gov/earthquakes/eventpage/us2000281p",
        "detail": "https://earthquake.usgs.gov/fdsnws/event/1/query?eventid=us2000281p&format=geojson",
        "felt": 7,
        "cdi": 4.1,
        "mmi": null,
        "alert": null,
        "status": "reviewed",
        "tsunami": 0,
        "sig": 387,
        "net": "us",
        "code": "2000281p",
        "ids": ",us2000281p,iscgem607182604,",
        "sources": ",us,iscgem,",
        "types": ",cap,dyfi,impact-text,origin,phase-data,",
        "nst": null,
        "dmin": 7.668,
        "rms": 0.7,
        "gap": 35,
        "magType": "mb",
        "type": "earthquake",
        "title": "M 5.0 - 46 km SSE of Jumla, Nepal"
      },
      "geometry": {
        "type": "Point",
        "coordinates": [
          82.3938,
          28.8947,
          10
        ]
      },
      "id": "us2000281p"
    },
    {
      "type": "Feature",
      "properties": {
        "mag": 5.1,
        "place": "269 km N of Bamboo Flat, India",
        "time": 1429575448930,
        "updated": 1435360560040,
        "tz": null,
        "url": "https://earthquake.usgs.gov/earthquakes/eventpage/us200027ye",
        "detail": "https://earthquake.usgs.gov/fdsnws/event/1/query?eventid=us200027ye&format=geojson",
        "felt": 0,
        "cdi": 1,
        "mmi": null,
        "alert": null,
        "status": "reviewed",
        "tsunami": 0,
        "sig": 400,
        "net": "us",
        "code": "200027ye",
        "ids": ",us200027ye,",
        "sources": ",us,",
        "types": ",cap,dyfi,origin,phase-data,",
        "nst": null,
        "dmin": 7.052,
        "rms": 0.75,
        "gap": 46,
        "magType": "mb",
        "type": "earthquake",
        "title": "M 5.1 - 269 km N of Bamboo Flat, India"
      },
      "geometry": {
        "type": "Point",
        "coordinates": [
          92.9493,
          14.1208,
          27.07
        ]
      },
      "id": "us200027ye"
    },
    {
      "type": "Feature",
      "properties": {
        "mag": 5.1,
        "place": "262 km N of Bamboo Flat, India",
        "time": 1428619782590,
        "updated": 1435015134040,
        "tz": null,
        "url": "https://earthquake.usgs.gov/earthquakes/eventpage/us200025i0",
        "detail": "https://earthquake.usgs.gov/fdsnws/event/1/query?eventid=us200025i0&format=geojson",
        "felt": 0,
        "cdi": 1,
        "mmi": null,
        "alert": null,
        "status": "reviewed",
        "tsunami": 0,
        "sig": 400,
        "net": "us",
        "code": "200025i0",
        "ids": ",us200025i0,",
        "sources": ",us,",
        "types": ",cap,dyfi,origin,phase-data,",
        "nst": null,
        "dmin": 2.401,
        "rms": 0.61,
        "gap": 19,
        "magType": "mb",
        "type": "earthquake",
        "title": "M 5.1 - 262 km N of Bamboo Flat, India"
      },
      "geometry": {
        "type": "Point",
        "coordinates": [
          92.8474,
          14.0702,
          27.94
        ]
      },
      "id": "us200025i0"
    },
    {
      "type": "Feature",
      "properties": {
        "mag": 5.4,
        "place": "23 km E of Battagram, Pakistan",
        "time": 1424987945140,
        "updated": 1658963971542,
        "tz": null,
        "url": "https://earthquake.usgs.gov/earthquakes/eventpage/usc000ttgc",
        "detail": "https://earthquake.usgs.gov/fdsnws/event/1/query?eventid=usc000ttgc&format=geojson",
        "felt": 27,
        "cdi": 5.2,
        "mmi": 4.942,
        "alert": "green",
        "status": "reviewed",
        "tsunami": 0,
        "sig": 463,
        "net": "us",
        "code": "c000ttgc",
        "ids": ",usc000ttgc,iscgem606751296,",
        "sources": ",us,iscgem,",
        "types": ",cap,dyfi,impact-text,losspager,origin,phase-data,shakemap,",
        "nst": null,
        "dmin": 1.017,
        "rms": 0.86,
        "gap": 16,
        "magType": "mb",
        "type": "earthquake",
        "title": "M 5.4 - 23 km E of Battagram, Pakistan"
      },
      "geometry": {
        "type": "Point",
        "coordinates": [
          73.2777,
          34.671,
          29.74
        ]
      },
      "id": "usc000ttgc"
    },
    {
      "type": "Feature",
      "properties": {
        "mag": 5.1,
        "place": "174 km NNW of Bamboo Flat, India",
        "time": 1423625411780,
        "updated": 1658953341063,
        "tz": null,
        "url": "https://earthquake.usgs.gov/earthquakes/eventpage/usc000tnwj",
        "detail": "https://earthquake.usgs.gov/fdsnws/event/1/query?eventid=usc000tnwj&format=geojson",
        "felt": 1,
        "cdi": 3.4,
        "mmi": null,
        "alert": null,
        "status": "reviewed",
        "tsunami": 0,
        "sig": 400,
        "net": "us",
        "code": "c000tnwj",
        "ids": ",usc000tnwj,iscgem606723623,",
        "sources": ",us,iscgem,",
        "types": ",cap,dyfi,impact-text,moment-tensor,origin,phase-data,",
        "nst": null,
        "dmin": 8.1,
        "rms": 0.47,
        "gap": 46,
        "magType": "mwb",
        "type": "earthquake",
        "title": "M 5.1 - 174 km NNW of Bamboo Flat, India"
      },
      "geometry": {
        "type": "Point",
        "coordinates": [
          92.3474,
          13.2332,
          20.15
        ]
      },
      "id": "usc000tnwj"
    },
    {
      "type": "Feature",
      "properties": {
        "mag": 5.1,
        "place": "western Xizang",
        "time": 1423046656740,
        "updated": 1651597959109,
        "tz": null,
        "url": "https://earthquake.usgs.gov/earthquakes/eventpage/usc000tlgv",
        "detail": "https://earthquake.usgs.gov/fdsnws/event/1/query?eventid=usc000tlgv&format=geojson",
        "felt": 0,
        "cdi": 1,
        "mmi": null,
        "alert": null,
        "status": "reviewed",
        "tsunami": 0,
        "sig": 400,
        "net": "us",
        "code": "c000tlgv",
        "ids": ",usc000tlgv,iscgem606684121,",
        "sources": ",us,iscgem,",
        "types": ",cap,dyfi,origin,phase-data,",
        "nst": null,
        "dmin": 8.547,
        "rms": 0.73,
        "gap": 38,
        "magType": "mb",
        "type": "earthquake",
        "title": "M 5.1 - western Xizang"
      },
      "geometry": {
        "type": "Point",
        "coordinates": [
          83.4305,
          32.866,
          10
        ]
      },
      "id": "usc000tlgv"
    },
    {
      "type": "Feature",
      "properties": {
        "mag": 5.1,
        "place": "68 km NNE of Mawlaik, Myanmar",
        "time": 1419140259090,
        "updated": 1766422949296,
        "tz": null,
        "url": "https://earthquake.usgs.gov/earthquakes/eventpage/usc000t8ua",
        "detail": "https://earthquake.usgs.gov/fdsnws/event/1/query?eventid=usc000t8ua&format=geojson",
        "felt": 2,
        "cdi": 3.1,
        "mmi": null,
        "alert": null,
        "status": "reviewed",
        "tsunami": 0,
        "sig": 401,
        "net": "us",
        "code": "c000t8ua",
        "ids": ",usc000t8ua,iscgem606411949,",
        "sources": ",us,iscgem,",
        "types": ",cap,dyfi,impact-text,origin,phase-data,",
        "nst": null,
        "dmin": 5.732,
        "rms": 0.61,
        "gap": 24,
        "magType": "mb",
        "type": "earthquake",
        "title": "M 5.1 - 68 km NNE of Mawlaik, Myanmar"
      },
      "geometry": {
        "type": "Point",
        "coordinates": [
          94.6939,
          24.2001,
          99.66
        ]
      },
      "id": "usc000t8ua"
    },
    {
      "type": "Feature",
      "properties": {
        "mag": 5.3,
        "place": "134 km NNW of Sabang, Indonesia",
        "time": 1419000106490,
        "updated": 1651597718823,
        "tz": null,
        "url": "https://earthquake.usgs.gov/earthquakes/eventpage/usc000t8a1",
        "detail": "https://earthquake.usgs.gov/fdsnws/event/1/query?eventid=usc000t8a1&format=geojson",
        "felt": 0,
        "cdi": 1,
        "mmi": null,
        "alert": null,
        "status": "reviewed",
        "tsunami": 0,
        "sig": 432,
        "net": "us",
        "code": "c000t8a1",
        "ids": ",usc000t8a1,iscgem606395823,",
        "sources": ",us,iscgem,",
        "types": ",cap,dyfi,origin,phase-data,",
        "nst": null,
        "dmin": 2.797,
        "rms": 1.28,
        "gap": 53,
        "magType": "mb",
        "type": "earthquake",
        "title": "M 5.3 - 134 km NNW of Sabang, Indonesia"
      },
      "geometry": {
        "type": "Point",
        "coordinates": [
          94.7191,
          6.9475,
          35
        ]
      },
      "id": "usc000t8a1"
    },
    {
      "type": "Feature",
      "properties": {
        "mag": 5,
        "place": "34 km WSW of Namche Bazar, Nepal",
        "time": 1418916732950,
        "updated": 1658919464431,
        "tz": null,
        "url": "https://earthquake.usgs.gov/earthquakes/eventpage/usc000t7wj",
        "detail": "https://earthquake.usgs.gov/fdsnws/event/1/query?eventid=usc000t7wj&format=geojson",
        "felt": 30,
        "cdi": 3.7,
        "mmi": null,
        "alert": null,
        "status": "reviewed",
        "tsunami": 0,
        "sig": 396,
        "net": "us",
        "code": "c000t7wj",
        "ids": ",usc000t7wj,iscgem606389843,",
        "sources": ",us,iscgem,",
        "types": ",cap,dyfi,impact-text,origin,phase-data,",
        "nst": null,
        "dmin": 4.612,
        "rms": 0.84,
        "gap": 40,
        "magType": "mb",
        "type": "earthquake",
        "title": "M 5.0 - 34 km WSW of Namche Bazar, Nepal"
      },
      "geometry": {
        "type": "Point",
        "coordinates": [
          86.3702,
          27.7395,
          33.6
        ]
      },
      "id": "usc000t7wj"
    },
    {
      "type": "Feature",
      "properties": {
        "mag": 5.3,
        "place": "90 km N of Bamboo Flat, India",
        "time": 1417137525610,
        "updated": 1658912311772,
        "tz": null,
        "url": "https://earthquake.usgs.gov/earthquakes/eventpage/usb000t0sq",
        "detail": "https://earthquake.usgs.gov/fdsnws/event/1/query?eventid=usb000t0sq&format=geojson",
        "felt": 1,
        "cdi": 4.1,
        "mmi": null,
        "alert": null,
        "status": "reviewed",
        "tsunami": 0,
        "sig": 433,
        "net": "us",
        "code": "b000t0sq",
        "ids": ",usb000t0sq,iscgem605742588,",
        "sources": ",us,iscgem,",
        "types": ",cap,dyfi,impact-text,origin,phase-data,",
        "nst": null,
        "dmin": 0.854,
        "rms": 0.64,
        "gap": 24,
        "magType": "mb",
        "type": "earthquake",
        "title": "M 5.3 - 90 km N of Bamboo Flat, India"
      },
      "geometry": {
        "type": "Point",
        "coordinates": [
          92.7957,
          12.5135,
          43.76
        ]
      },
      "id": "usb000t0sq"
    },
    {
      "type": "Feature",
      "properties": {
        "mag": 5.2,
        "place": "41 km SSE of Jurm, Afghanistan",
        "time": 1416560284990,
        "updated": 1766422197759,
        "tz": null,
        "url": "https://earthquake.usgs.gov/earthquakes/eventpage/usb000syhn",
        "detail": "https://earthquake.usgs.gov/fdsnws/event/1/query?eventid=usb000syhn&format=geojson",
        "felt": 3,
        "cdi": 2.7,
        "mmi": null,
        "alert": null,
        "status": "reviewed",
        "tsunami": 0,
        "sig": 417,
        "net": "us",
        "code": "b000syhn",
        "ids": ",usb000syhn,iscgem605670234,",
        "sources": ",us,iscgem,",
        "types": ",cap,dyfi,impact-text,origin,phase-data,",
        "nst": null,
        "dmin": 0.7,
        "rms": 0.86,
        "gap": 17,
        "magType": "mb",
        "type": "earthquake",
        "title": "M 5.2 - 41 km SSE of Jurm, Afghanistan"
      },
      "geometry": {
        "type": "Point",
        "coordinates": [
          71.0089,
          36.5157,
          234.57
        ]
      },
      "id": "usb000syhn"
    },
    {
      "type": "Feature",
      "properties": {
        "mag": 5.6,
        "place": "42 km ENE of Khawhai, India",
        "time": 1416507277790,
        "updated": 1658909832248,
        "tz": null,
        "url": "https://earthquake.usgs.gov/earthquakes/eventpage/usb000sybr",
        "detail": "https://earthquake.usgs.gov/fdsnws/event/1/query?eventid=usb000sybr&format=geojson",
        "felt": 10,
        "cdi": 4.3,
        "mmi": 4.854,
        "alert": "green",
        "status": "reviewed",
        "tsunami": 0,
        "sig": 487,
        "net": "us",
        "code": "b000sybr",
        "ids": ",usb000sybr,gcmt20141120181437,iscgem610573987,",
        "sources": ",us,gcmt,iscgem,",
        "types": ",cap,dyfi,impact-text,losspager,moment-tensor,origin,phase-data,shakemap,",
        "nst": null,
        "dmin": 2.546,
        "rms": 0.78,
        "gap": 10,
        "magType": "mwb",
        "type": "earthquake",
        "title": "M 5.6 - 42 km ENE of Khawhai, India"
      },
      "geometry": {
        "type": "Point",
        "coordinates": [
          93.5148,
          23.5081,
          49
        ]
      },
      "id": "usb000sybr"
    },
    {
      "type": "Feature",
      "properties": {
        "mag": 5,
        "place": "201 km NNW of Sabang, Indonesia",
        "time": 1416463545990,
        "updated": 1424230247040,
        "tz": null,
        "url": "https://earthquake.usgs.gov/earthquakes/eventpage/usb000sy5x",
        "detail": "https://earthquake.usgs.gov/fdsnws/event/1/query?eventid=usb000sy5x&format=geojson",
        "felt": 0,
        "cdi": 1,
        "mmi": null,
        "alert": null,
        "status": "reviewed",
        "tsunami": 0,
        "sig": 385,
        "net": "us",
        "code": "b000sy5x",
        "ids": ",usb000sy5x,",
        "sources": ",us,",
        "types": ",cap,dyfi,origin,phase-data,",
        "nst": null,
        "dmin": 3.394,
        "rms": 0.79,
        "gap": 44,
        "magType": "mb",
        "type": "earthquake",
        "title": "M 5.0 - 201 km NNW of Sabang, Indonesia"
      },
      "geometry": {
        "type": "Point",
        "coordinates": [
          94.3335,
          7.4278,
          27.22
        ]
      },
      "id": "usb000sy5x"
    },
    {
      "type": "Feature",
      "properties": {
        "mag": 5.2,
        "place": "201 km NNW of Sabang, Indonesia",
        "time": 1416290784960,
        "updated": 1766422897423,
        "tz": null,
        "url": "https://earthquake.usgs.gov/earthquakes/eventpage/usc000syd1",
        "detail": "https://earthquake.usgs.gov/fdsnws/event/1/query?eventid=usc000syd1&format=geojson",
        "felt": 0,
        "cdi": 1,
        "mmi": null,
        "alert": null,
        "status": "reviewed",
        "tsunami": 0,
        "sig": 416,
        "net": "us",
        "code": "c000syd1",
        "ids": ",usc000syd1,iscgem605662940,",
        "sources": ",us,iscgem,",
        "types": ",cap,dyfi,origin,phase-data,",
        "nst": null,
        "dmin": 3.373,
        "rms": 1.06,
        "gap": 52,
        "magType": "mb",
        "type": "earthquake",
        "title": "M 5.2 - 201 km NNW of Sabang, Indonesia"
      },
      "geometry": {
        "type": "Point",
        "coordinates": [
          94.3818,
          7.4528,
          10
        ]
      },
      "id": "usc000syd1"
    },
    {
      "type": "Feature",
      "properties": {
        "mag": 5.6,
        "place": "205 km NNW of Sabang, Indonesia",
        "time": 1416281137490,
        "updated": 1651602007341,
        "tz": null,
        "url": "https://earthquake.usgs.gov/earthquakes/eventpage/usc000syca",
        "detail": "https://earthquake.usgs.gov/fdsnws/event/1/query?eventid=usc000syca&format=geojson",
        "felt": 0,
        "cdi": 1,
        "mmi": 3.97,
        "alert": "green",
        "status": "reviewed",
        "tsunami": 0,
        "sig": 482,
        "net": "us",
        "code": "c000syca",
        "ids": ",usc000syca,gcmt20141118032541,iscgem610573919,",
        "sources": ",us,gcmt,iscgem,",
        "types": ",cap,dyfi,losspager,moment-tensor,origin,phase-data,shakemap,",
        "nst": null,
        "dmin": 3.411,
        "rms": 0.43,
        "gap": 23,
        "magType": "mww",
        "type": "earthquake",
        "title": "M 5.6 - 205 km NNW of Sabang, Indonesia"
      },
      "geometry": {
        "type": "Point",
        "coordinates": [
          94.359,
          7.484,
          6.61
        ]
      },
      "id": "usc000syca"
    },
    {
      "type": "Feature",
      "properties": {
        "mag": 5.3,
        "place": "43 km WSW of Chauk, Myanmar",
        "time": 1416198852360,
        "updated": 1766422892389,
        "tz": null,
        "url": "https://earthquake.usgs.gov/earthquakes/eventpage/usc000sy0y",
        "detail": "https://earthquake.usgs.gov/fdsnws/event/1/query?eventid=usc000sy0y&format=geojson",
        "felt": 1,
        "cdi": 2,
        "mmi": 3.94,
        "alert": "green",
        "status": "reviewed",
        "tsunami": 0,
        "sig": 432,
        "net": "us",
        "code": "c000sy0y",
        "ids": ",usc000sy0y,iscgem605660617,",
        "sources": ",us,iscgem,",
        "types": ",cap,dyfi,impact-text,losspager,moment-tensor,origin,phase-data,shakemap,",
        "nst": null,
        "dmin": 3.634,
        "rms": 1,
        "gap": 18,
        "magType": "mwb",
        "type": "earthquake",
        "title": "M 5.3 - 43 km WSW of Chauk, Myanmar"
      },
      "geometry": {
        "type": "Point",
        "coordinates": [
          94.4211,
          20.7795,
          66
        ]
      },
      "id": "usc000sy0y"
    },
    {
      "type": "Feature",
      "properties": {
        "mag": 5.1,
        "place": "212 km NW of Sabang, Indonesia",
        "time": 1415693075670,
        "updated": 1651597576718,
        "tz": null,
        "url": "https://earthquake.usgs.gov/earthquakes/eventpage/usc000sw7k",
        "detail": "https://earthquake.usgs.gov/fdsnws/event/1/query?eventid=usc000sw7k&format=geojson",
        "felt": 0,
        "cdi": 1,
        "mmi": null,
        "alert": null,
        "status": "reviewed",
        "tsunami": 0,
        "sig": 400,
        "net": "us",
        "code": "c000sw7k",
        "ids": ",usc000sw7k,iscgem605654494,",
        "sources": ",us,iscgem,",
        "types": ",cap,dyfi,origin,phase-data,",
        "nst": null,
        "dmin": 3.512,
        "rms": 0.76,
        "gap": 46,
        "magType": "mb",
        "type": "earthquake",
        "title": "M 5.1 - 212 km NW of Sabang, Indonesia"
      },
      "geometry": {
        "type": "Point",
        "coordinates": [
          94.1965,
          7.4484,
          10
        ]
      },
      "id": "usc000sw7k"
    },
    {
      "type": "Feature",
      "properties": {
        "mag": 5.3,
        "place": "206 km NNW of Sabang, Indonesia",
        "time": 1415692207740,
        "updated": 1766423615220,
        "tz": null,
        "url": "https://earthquake.usgs.gov/earthquakes/eventpage/usc000sw7i",
        "detail": "https://earthquake.usgs.gov/fdsnws/event/1/query?eventid=usc000sw7i&format=geojson",
        "felt": 0,
        "cdi": 1,
        "mmi": null,
        "alert": null,
        "status": "reviewed",
        "tsunami": 0,
        "sig": 432,
        "net": "us",
        "code": "c000sw7i",
        "ids": ",usc000sw7i,gcmt20141111075012,iscgem608396528,",
        "sources": ",us,gcmt,iscgem,",
        "types": ",cap,dyfi,moment-tensor,origin,phase-data,",
        "nst": null,
        "dmin": 3.437,
        "rms": 0.87,
        "gap": 38,
        "magType": "mwb",
        "type": "earthquake",
        "title": "M 5.3 - 206 km NNW of Sabang, Indonesia"
      },
      "geometry": {
        "type": "Point",
        "coordinates": [
          94.3042,
          7.4608,
          8
        ]
      },
      "id": "usc000sw7i"
    },
    {
      "type": "Feature",
      "properties": {
        "mag": 5.1,
        "place": "214 km NNW of Sabang, Indonesia",
        "time": 1415682282180,
        "updated": 1766422196355,
        "tz": null,
        "url": "https://earthquake.usgs.gov/earthquakes/eventpage/usc000sw6s",
        "detail": "https://earthquake.usgs.gov/fdsnws/event/1/query?eventid=usc000sw6s&format=geojson",
        "felt": 0,
        "cdi": 1,
        "mmi": null,
        "alert": null,
        "status": "reviewed",
        "tsunami": 0,
        "sig": 400,
        "net": "us",
        "code": "c000sw6s",
        "ids": ",usc000sw6s,iscgem605654488,",
        "sources": ",us,iscgem,",
        "types": ",cap,dyfi,origin,phase-data,",
        "nst": null,
        "dmin": 3.473,
        "rms": 0.83,
        "gap": 72,
        "magType": "mb",
        "type": "earthquake",
        "title": "M 5.1 - 214 km NNW of Sabang, Indonesia"
      },
      "geometry": {
        "type": "Point",
        "coordinates": [
          94.361,
          7.5806,
          10
        ]
      },
      "id": "usc000sw6s"
    },
    {
      "type": "Feature",
      "properties": {
        "mag": 5.3,
        "place": "201 km NNW of Sabang, Indonesia",
        "time": 1415288780400,
        "updated": 1766422878048,
        "tz": null,
        "url": "https://earthquake.usgs.gov/earthquakes/eventpage/usc000suzb",
        "detail": "https://earthquake.usgs.gov/fdsnws/event/1/query?eventid=usc000suzb&format=geojson",
        "felt": 0,
        "cdi": 1,
        "mmi": null,
        "alert": null,
        "status": "reviewed",
        "tsunami": 0,
        "sig": 432,
        "net": "us",
        "code": "c000suzb",
        "ids": ",usc000suzb,iscgem605648962,",
        "sources": ",us,iscgem,",
        "types": ",cap,dyfi,origin,phase-data,",
        "nst": null,
        "dmin": 3.39,
        "rms": 0.91,
        "gap": 31,
        "magType": "mb",
        "type": "earthquake",
        "title": "M 5.3 - 201 km NNW of Sabang, Indonesia"
      },
      "geometry": {
        "type": "Point",
        "coordinates": [
          94.3316,
          7.4197,
          28.75
        ]
      },
      "id": "usc000suzb"
    },
    {
      "type": "Feature",
      "properties": {
        "mag": 5,
        "place": "Nicobar Islands, India region",
        "time": 1413311766270,
        "updated": 1766422190140,
        "tz": null,
        "url": "https://earthquake.usgs.gov/earthquakes/eventpage/usb000sm3q",
        "detail": "https://earthquake.usgs.gov/fdsnws/event/1/query?eventid=usb000sm3q&format=geojson",
        "felt": 0,
        "cdi": 1,
        "mmi": null,
        "alert": null,
        "status": "reviewed",
        "tsunami": 0,
        "sig": 385,
        "net": "us",
        "code": "b000sm3q",
        "ids": ",usb000sm3q,iscgem605544877,",
        "sources": ",us,iscgem,",
        "types": ",cap,dyfi,origin,phase-data,",
        "nst": null,
        "dmin": 3.547,
        "rms": 0.84,
        "gap": 32,
        "magType": "mb",
        "type": "earthquake",
        "title": "M 5.0 - Nicobar Islands, India region"
      },
      "geometry": {
        "type": "Point",
        "coordinates": [
          94.2408,
          7.5569,
          10
        ]
      },
      "id": "usb000sm3q"
    },
    {
      "type": "Feature",
      "properties": {
        "mag": 5.1,
        "place": "northern Qinghai, China",
        "time": 1412265392070,
        "updated": 1651597388982,
        "tz": null,
        "url": "https://earthquake.usgs.gov/earthquakes/eventpage/usb000si6c",
        "detail": "https://earthquake.usgs.gov/fdsnws/event/1/query?eventid=usb000si6c&format=geojson",
        "felt": null,
        "cdi": null,
        "mmi": null,
        "alert": null,
        "status": "reviewed",
        "tsunami": 0,
        "sig": 400,
        "net": "us",
        "code": "b000si6c",
        "ids": ",usb000si6c,iscgem605478319,",
        "sources": ",us,iscgem,",
        "types": ",cap,moment-tensor,origin,phase-data,",
        "nst": null,
        "dmin": 8.673,
        "rms": 0.66,
        "gap": 20,
        "magType": "mwb",
        "type": "earthquake",
        "title": "M 5.1 - northern Qinghai, China"
      },
      "geometry": {
        "type": "Point",
        "coordinates": [
          97.7681,
          36.3702,
          12.28
        ]
      },
      "id": "usb000si6c"
    },
    {
      "type": "Feature",
      "properties": {
        "mag": 5,
        "place": "13 km SSW of Farkh?r, Afghanistan",
        "time": 1411858144540,
        "updated": 1658891706491,
        "tz": null,
        "url": "https://earthquake.usgs.gov/earthquakes/eventpage/usb000sgs7",
        "detail": "https://earthquake.usgs.gov/fdsnws/event/1/query?eventid=usb000sgs7&format=geojson",
        "felt": 3,
        "cdi": 2.7,
        "mmi": null,
        "alert": null,
        "status": "reviewed",
        "tsunami": 0,
        "sig": 385,
        "net": "us",
        "code": "b000sgs7",
        "ids": ",usb000sgs7,iscgem605416841,",
        "sources": ",us,iscgem,",
        "types": ",cap,dyfi,impact-text,moment-tensor,origin,phase-data,",
        "nst": null,
        "dmin": 0.909,
        "rms": 0.84,
        "gap": 21,
        "magType": "mwr",
        "type": "earthquake",
        "title": "M 5.0 - 13 km SSW of Farkh?r, Afghanistan"
      },
      "geometry": {
        "type": "Point",
        "coordinates": [
          69.8145,
          36.4517,
          29.16
        ]
      },
      "id": "usb000sgs7"
    },
    {
      "type": "Feature",
      "properties": {
        "mag": 5.5,
        "place": "285 km ENE of Port Blair, India",
        "time": 1411705284080,
        "updated": 1651597357866,
        "tz": null,
        "url": "https://earthquake.usgs.gov/earthquakes/eventpage/usb000sg5e",
        "detail": "https://earthquake.usgs.gov/fdsnws/event/1/query?eventid=usb000sg5e&format=geojson",
        "felt": null,
        "cdi": null,
        "mmi": 2.93,
        "alert": "green",
        "status": "reviewed",
        "tsunami": 0,
        "sig": 465,
        "net": "us",
        "code": "b000sg5e",
        "ids": ",usb000sg5e,iscgem605407841,",
        "sources": ",us,iscgem,",
        "types": ",cap,losspager,moment-tensor,origin,phase-data,shakemap,",
        "nst": null,
        "dmin": 2.574,
        "rms": 0.69,
        "gap": 18,
        "magType": "mwc",
        "type": "earthquake",
        "title": "M 5.5 - 285 km ENE of Port Blair, India"
      },
      "geometry": {
        "type": "Point",
        "coordinates": [
          95.2254,
          12.5193,
          20.22
        ]
      },
      "id": "usb000sg5e"
    },
    {
      "type": "Feature",
      "properties": {
        "mag": 5,
        "place": "29 km ENE of Sabang, Indonesia",
        "time": 1411633798390,
        "updated": 1766422778703,
        "tz": null,
        "url": "https://earthquake.usgs.gov/earthquakes/eventpage/usb000sftr",
        "detail": "https://earthquake.usgs.gov/fdsnws/event/1/query?eventid=usb000sftr&format=geojson",
        "felt": null,
        "cdi": null,
        "mmi": null,
        "alert": null,
        "status": "reviewed",
        "tsunami": 0,
        "sig": 385,
        "net": "us",
        "code": "b000sftr",
        "ids": ",usb000sftr,iscgem605407733,",
        "sources": ",us,iscgem,",
        "types": ",cap,impact-text,origin,phase-data,",
        "nst": null,
        "dmin": 1.58,
        "rms": 1.06,
        "gap": 19,
        "magType": "mb",
        "type": "earthquake",
        "title": "M 5.0 - 29 km ENE of Sabang, Indonesia"
      },
      "geometry": {
        "type": "Point",
        "coordinates": [
          95.5588,
          6.0011,
          194.66
        ]
      },
      "id": "usb000sftr"
    },
    {
      "type": "Feature",
      "properties": {
        "mag": 5.2,
        "place": "67 km NNW of P?r?n, Afghanistan",
        "time": 1410647518810,
        "updated": 1766422758882,
        "tz": null,
        "url": "https://earthquake.usgs.gov/earthquakes/eventpage/usb000sc6p",
        "detail": "https://earthquake.usgs.gov/fdsnws/event/1/query?eventid=usb000sc6p&format=geojson",
        "felt": 2,
        "cdi": 2.7,
        "mmi": null,
        "alert": null,
        "status": "reviewed",
        "tsunami": 0,
        "sig": 417,
        "net": "us",
        "code": "b000sc6p",
        "ids": ",usb000sc6p,iscgem605288259,",
        "sources": ",us,iscgem,",
        "types": ",cap,dyfi,impact-text,moment-tensor,origin,phase-data,",
        "nst": null,
        "dmin": 1.125,
        "rms": 0.92,
        "gap": 18,
        "magType": "mww",
        "type": "earthquake",
        "title": "M 5.2 - 67 km NNW of P?r?n, Afghanistan"
      },
      "geometry": {
        "type": "Point",
        "coordinates": [
          70.6992,
          36.0019,
          94.97
        ]
      },
      "id": "usb000sc6p"
    },
    {
      "type": "Feature",
      "properties": {
        "mag": 5,
        "place": "Nicobar Islands, India region",
        "time": 1410527193630,
        "updated": 1418081458040,
        "tz": null,
        "url": "https://earthquake.usgs.gov/earthquakes/eventpage/usb000sbrr",
        "detail": "https://earthquake.usgs.gov/fdsnws/event/1/query?eventid=usb000sbrr&format=geojson",
        "felt": null,
        "cdi": null,
        "mmi": null,
        "alert": null,
        "status": "reviewed",
        "tsunami": 0,
        "sig": 385,
        "net": "us",
        "code": "b000sbrr",
        "ids": ",usb000sbrr,",
        "sources": ",us,",
        "types": ",cap,origin,phase-data,",
        "nst": null,
        "dmin": 3.075,
        "rms": 0.93,
        "gap": 92,
        "magType": "mb",
        "type": "earthquake",
        "title": "M 5.0 - Nicobar Islands, India region"
      },
      "geometry": {
        "type": "Point",
        "coordinates": [
          92.5561,
          8.5661,
          39.08
        ]
      },
      "id": "usb000sbrr"
    },
    {
      "type": "Feature",
      "properties": {
        "mag": 5.3,
        "place": "97 km W of Sabang, Indonesia",
        "time": 1410513957440,
        "updated": 1418081457040,
        "tz": null,
        "url": "https://earthquake.usgs.gov/earthquakes/eventpage/usb000sbn5",
        "detail": "https://earthquake.usgs.gov/fdsnws/event/1/query?eventid=usb000sbn5&format=geojson",
        "felt": null,
        "cdi": null,
        "mmi": null,
        "alert": null,
        "status": "reviewed",
        "tsunami": 0,
        "sig": 432,
        "net": "us",
        "code": "b000sbn5",
        "ids": ",usb000sbn5,",
        "sources": ",us,",
        "types": ",cap,impact-text,origin,phase-data,",
        "nst": null,
        "dmin": 2.61,
        "rms": 0.73,
        "gap": 27,
        "magType": "mb",
        "type": "earthquake",
        "title": "M 5.3 - 97 km W of Sabang, Indonesia"
      },
      "geometry": {
        "type": "Point",
        "coordinates": [
          94.4536,
          6.0429,
          69.16
        ]
      },
      "id": "usb000sbn5"
    },
    {
      "type": "Feature",
      "properties": {
        "mag": 5.4,
        "place": "42 km SE of Saiha, India",
        "time": 1410254902190,
        "updated": 1658884799293,
        "tz": null,
        "url": "https://earthquake.usgs.gov/earthquakes/eventpage/usb000samy",
        "detail": "https://earthquake.usgs.gov/fdsnws/event/1/query?eventid=usb000samy&format=geojson",
        "felt": 4,
        "cdi": 4.1,
        "mmi": null,
        "alert": null,
        "status": "reviewed",
        "tsunami": 0,
        "sig": 450,
        "net": "us",
        "code": "b000samy",
        "ids": ",usb000samy,iscgem610572381,",
        "sources": ",us,iscgem,",
        "types": ",cap,dyfi,impact-text,moment-tensor,origin,phase-data,",
        "nst": null,
        "dmin": 3.585,
        "rms": 0.87,
        "gap": 24,
        "magType": "mwb",
        "type": "earthquake",
        "title": "M 5.4 - 42 km SE of Saiha, India"
      },
      "geometry": {
        "type": "Point",
        "coordinates": [
          93.244,
          22.1989,
          10
        ]
      },
      "id": "usb000samy"
    },
    {
      "type": "Feature",
      "properties": {
        "mag": 5.2,
        "place": "35 km SSE of Jurm, Afghanistan",
        "time": 1409485704160,
        "updated": 1766422720587,
        "tz": null,
        "url": "https://earthquake.usgs.gov/earthquakes/eventpage/usc000s8gb",
        "detail": "https://earthquake.usgs.gov/fdsnws/event/1/query?eventid=usc000s8gb&format=geojson",
        "felt": 11,
        "cdi": 3.6,
        "mmi": null,
        "alert": null,
        "status": "reviewed",
        "tsunami": 0,
        "sig": 420,
        "net": "us",
        "code": "c000s8gb",
        "ids": ",usc000s8gb,iscgem605184128,",
        "sources": ",us,iscgem,",
        "types": ",cap,dyfi,impact-text,origin,phase-data,",
        "nst": null,
        "dmin": 0.644,
        "rms": 1.06,
        "gap": 17,
        "magType": "mb",
        "type": "earthquake",
        "title": "M 5.2 - 35 km SSE of Jurm, Afghanistan"
      },
      "geometry": {
        "type": "Point",
        "coordinates": [
          70.9638,
          36.5605,
          200.45
        ]
      },
      "id": "usc000s8gb"
    },
    {
      "type": "Feature",
      "properties": {
        "mag": 5,
        "place": "51 km E of W?ngjing, India",
        "time": 1408207195170,
        "updated": 1658874226385,
        "tz": null,
        "url": "https://earthquake.usgs.gov/earthquakes/eventpage/usb000s3dx",
        "detail": "https://earthquake.usgs.gov/fdsnws/event/1/query?eventid=usb000s3dx&format=geojson",
        "felt": 3,
        "cdi": 5.2,
        "mmi": null,
        "alert": null,
        "status": "reviewed",
        "tsunami": 0,
        "sig": 386,
        "net": "us",
        "code": "b000s3dx",
        "ids": ",usb000s3dx,",
        "sources": ",us,",
        "types": ",cap,dyfi,impact-text,origin,phase-data,",
        "nst": null,
        "dmin": 2.644,
        "rms": 0.95,
        "gap": 32,
        "magType": "mb",
        "type": "earthquake",
        "title": "M 5.0 - 51 km E of W?ngjing, India"
      },
      "geometry": {
        "type": "Point",
        "coordinates": [
          94.5693,
          24.593,
          91.24
        ]
      },
      "id": "usb000s3dx"
    },
    {
      "type": "Feature",
      "properties": {
        "mag": 5.2,
        "place": "26 km ESE of Saga, China",
        "time": 1407045450560,
        "updated": 1651597088308,
        "tz": null,
        "url": "https://earthquake.usgs.gov/earthquakes/eventpage/usb000rzm0",
        "detail": "https://earthquake.usgs.gov/fdsnws/event/1/query?eventid=usb000rzm0&format=geojson",
        "felt": null,
        "cdi": null,
        "mmi": null,
        "alert": null,
        "status": "reviewed",
        "tsunami": 0,
        "sig": 416,
        "net": "us",
        "code": "b000rzm0",
        "ids": ",usb000rzm0,iscgem605131007,",
        "sources": ",us,iscgem,",
        "types": ",cap,origin,phase-data,",
        "nst": null,
        "dmin": 4.926,
        "rms": 0.61,
        "gap": 38,
        "magType": "mb",
        "type": "earthquake",
        "title": "M 5.2 - 26 km ESE of Saga, China"
      },
      "geometry": {
        "type": "Point",
        "coordinates": [
          85.4967,
          29.2757,
          10
        ]
      },
      "id": "usb000rzm0"
    },
    {
      "type": "Feature",
      "properties": {
        "mag": 5.1,
        "place": "261 km ENE of Port Blair, India",
        "time": 1406828048620,
        "updated": 1414612372000,
        "tz": null,
        "url": "https://earthquake.usgs.gov/earthquakes/eventpage/usb000s24x",
        "detail": "https://earthquake.usgs.gov/fdsnws/event/1/query?eventid=usb000s24x&format=geojson",
        "felt": null,
        "cdi": null,
        "mmi": null,
        "alert": null,
        "status": "reviewed",
        "tsunami": 0,
        "sig": 400,
        "net": "us",
        "code": "b000s24x",
        "ids": ",usb000s24x,",
        "sources": ",us,",
        "types": ",origin,phase-data,",
        "nst": null,
        "dmin": 2.352,
        "rms": 0.78,
        "gap": 79,
        "magType": "mb",
        "type": "earthquake",
        "title": "M 5.1 - 261 km ENE of Port Blair, India"
      },
      "geometry": {
        "type": "Point",
        "coordinates": [
          95.0439,
          12.3436,
          26.23
        ]
      },
      "id": "usb000s24x"
    },
    {
      "type": "Feature",
      "properties": {
        "mag": 5.8,
        "place": "280 km ENE of Port Blair, India",
        "time": 1406814060830,
        "updated": 1651598242968,
        "tz": null,
        "url": "https://earthquake.usgs.gov/earthquakes/eventpage/usb000ryuh",
        "detail": "https://earthquake.usgs.gov/fdsnws/event/1/query?eventid=usb000ryuh&format=geojson",
        "felt": null,
        "cdi": null,
        "mmi": 3.4,
        "alert": "green",
        "status": "reviewed",
        "tsunami": 0,
        "sig": 518,
        "net": "us",
        "code": "b000ryuh",
        "ids": ",usb000ryuh,iscgem606920661,",
        "sources": ",us,iscgem,",
        "types": ",cap,losspager,moment-tensor,origin,phase-data,shakemap,",
        "nst": null,
        "dmin": 2.527,
        "rms": 0.98,
        "gap": 61,
        "magType": "mww",
        "type": "earthquake",
        "title": "M 5.8 - 280 km ENE of Port Blair, India"
      },
      "geometry": {
        "type": "Point",
        "coordinates": [
          95.2033,
          12.4337,
          10
        ]
      },
      "id": "usb000ryuh"
    },
    {
      "type": "Feature",
      "properties": {
        "mag": 5.3,
        "place": "297 km N of Bamboo Flat, India",
        "time": 1406617627130,
        "updated": 1651597055039,
        "tz": null,
        "url": "https://earthquake.usgs.gov/earthquakes/eventpage/usb000ry7u",
        "detail": "https://earthquake.usgs.gov/fdsnws/event/1/query?eventid=usb000ry7u&format=geojson",
        "felt": null,
        "cdi": null,
        "mmi": 3.99,
        "alert": "green",
        "status": "reviewed",
        "tsunami": 0,
        "sig": 432,
        "net": "us",
        "code": "b000ry7u",
        "ids": ",usb000ry7u,iscgem605099846,",
        "sources": ",us,iscgem,",
        "types": ",cap,losspager,moment-tensor,origin,phase-data,shakemap,",
        "nst": null,
        "dmin": 2.709,
        "rms": 1.18,
        "gap": 28,
        "magType": "mwb",
        "type": "earthquake",
        "title": "M 5.3 - 297 km N of Bamboo Flat, India"
      },
      "geometry": {
        "type": "Point",
        "coordinates": [
          93.0904,
          14.3603,
          12
        ]
      },
      "id": "usb000ry7u"
    },
    {
      "type": "Feature",
      "properties": {
        "mag": 5.2,
        "place": "23 km E of Jurm, Afghanistan",
        "time": 1405754276180,
        "updated": 1766422646247,
        "tz": null,
        "url": "https://earthquake.usgs.gov/earthquakes/eventpage/usb000ruhx",
        "detail": "https://earthquake.usgs.gov/fdsnws/event/1/query?eventid=usb000ruhx&format=geojson",
        "felt": null,
        "cdi": null,
        "mmi": null,
        "alert": null,
        "status": "reviewed",
        "tsunami": 0,
        "sig": 416,
        "net": "us",
        "code": "b000ruhx",
        "ids": ",usb000ruhx,iscgem604850913,",
        "sources": ",us,iscgem,",
        "types": ",cap,moment-tensor,origin,phase-data,",
        "nst": null,
        "dmin": 0.485,
        "rms": 1.34,
        "gap": 21,
        "magType": "mwb",
        "type": "earthquake",
        "title": "M 5.2 - 23 km E of Jurm, Afghanistan"
      },
      "geometry": {
        "type": "Point",
        "coordinates": [
          71.0988,
          36.8785,
          83.67
        ]
      },
      "id": "usb000ruhx"
    },
    {
      "type": "Feature",
      "properties": {
        "mag": 5.6,
        "place": "46 km SSW of Jurm, Afghanistan",
        "time": 1402718321650,
        "updated": 1658855108960,
        "tz": null,
        "url": "https://earthquake.usgs.gov/earthquakes/eventpage/usc000rff2",
        "detail": "https://earthquake.usgs.gov/fdsnws/event/1/query?eventid=usc000rff2&format=geojson",
        "felt": 16,
        "cdi": 5,
        "mmi": 3.66,
        "alert": "green",
        "status": "reviewed",
        "tsunami": 0,
        "sig": 490,
        "net": "us",
        "code": "c000rff2",
        "ids": ",usc000rff2,iscgem604725915,",
        "sources": ",us,iscgem,",
        "types": ",cap,dyfi,losspager,moment-tensor,origin,phase-data,shakemap,",
        "nst": null,
        "dmin": 0.679,
        "rms": 0.83,
        "gap": 22,
        "magType": "mww",
        "type": "earthquake",
        "title": "M 5.6 - 46 km SSW of Jurm, Afghanistan"
      },
      "geometry": {
        "type": "Point",
        "coordinates": [
          70.7174,
          36.4544,
          200
        ]
      },
      "id": "usc000rff2"
    },
    {
      "type": "Feature",
      "properties": {
        "mag": 5,
        "place": "16 km N of Doda, India",
        "time": 1402666372870,
        "updated": 1651596876331,
        "tz": null,
        "url": "https://earthquake.usgs.gov/earthquakes/eventpage/usc000rf2p",
        "detail": "https://earthquake.usgs.gov/fdsnws/event/1/query?eventid=usc000rf2p&format=geojson",
        "felt": null,
        "cdi": null,
        "mmi": null,
        "alert": null,
        "status": "reviewed",
        "tsunami": 0,
        "sig": 385,
        "net": "us",
        "code": "c000rf2p",
        "ids": ",usc000rf2p,iscgem604725280,",
        "sources": ",us,iscgem,",
        "types": ",cap,origin,phase-data,",
        "nst": null,
        "dmin": 1.965,
        "rms": 1.14,
        "gap": 91,
        "magType": "mb",
        "type": "earthquake",
        "title": "M 5.0 - 16 km N of Doda, India"
      },
      "geometry": {
        "type": "Point",
        "coordinates": [
          75.5807,
          33.292,
          42.74
        ]
      },
      "id": "usc000rf2p"
    },
    {
      "type": "Feature",
      "properties": {
        "mag": 5.9,
        "place": "62 km SE of Myitkyina, Myanmar",
        "time": 1401412815170,
        "updated": 1651596735368,
        "tz": null,
        "url": "https://earthquake.usgs.gov/earthquakes/eventpage/usc000r8xg",
        "detail": "https://earthquake.usgs.gov/fdsnws/event/1/query?eventid=usc000r8xg&format=geojson",
        "felt": null,
        "cdi": null,
        "mmi": 7.036,
        "alert": "yellow",
        "status": "reviewed",
        "tsunami": 0,
        "sig": 650,
        "net": "us",
        "code": "c000r8xg",
        "ids": ",usc000r8xg,iscgem604662118,",
        "sources": ",us,iscgem,",
        "types": ",cap,losspager,moment-tensor,origin,phase-data,shakemap,",
        "nst": null,
        "dmin": 4.441,
        "rms": 0.86,
        "gap": 18,
        "magType": "mww",
        "type": "earthquake",
        "title": "M 5.9 - 62 km SE of Myitkyina, Myanmar"
      },
      "geometry": {
        "type": "Point",
        "coordinates": [
          97.845,
          24.9997,
          10
        ]
      },
      "id": "usc000r8xg"
    },
    {
      "type": "Feature",
      "properties": {
        "mag": 5.8,
        "place": "63 km SE of Myitkyina, Myanmar",
        "time": 1400878161970,
        "updated": 1651596730215,
        "tz": null,
        "url": "https://earthquake.usgs.gov/earthquakes/eventpage/usb000r1y6",
        "detail": "https://earthquake.usgs.gov/fdsnws/event/1/query?eventid=usb000r1y6&format=geojson",
        "felt": null,
        "cdi": null,
        "mmi": 7.046,
        "alert": "yellow",
        "status": "reviewed",
        "tsunami": 0,
        "sig": 650,
        "net": "us",
        "code": "b000r1y6",
        "ids": ",usb000r1y6,iscgem604653261,atlas20140523204921,",
        "sources": ",us,iscgem,atlas,",
        "types": ",cap,losspager,moment-tensor,origin,phase-data,shakemap,",
        "nst": null,
        "dmin": 4.443,
        "rms": 0.98,
        "gap": 24,
        "magType": "mww",
        "type": "earthquake",
        "title": "M 5.8 - 63 km SE of Myitkyina, Myanmar"
      },
      "geometry": {
        "type": "Point",
        "coordinates": [
          97.8437,
          24.9737,
          8
        ]
      },
      "id": "usb000r1y6"
    },
    {
      "type": "Feature",
      "properties": {
        "mag": 6,
        "place": "276 km SE of Kon?rka, India",
        "time": 1400689314350,
        "updated": 1658849447952,
        "tz": null,
        "url": "https://earthquake.usgs.gov/earthquakes/eventpage/usb000qy82",
        "detail": "https://earthquake.usgs.gov/fdsnws/event/1/query?eventid=usb000qy82&format=geojson",
        "felt": 66,
        "cdi": 5,
        "mmi": 4.01,
        "alert": "green",
        "status": "reviewed",
        "tsunami": 0,
        "sig": 587,
        "net": "us",
        "code": "b000qy82",
        "ids": ",usb000qy82,iscgem604650993,",
        "sources": ",us,iscgem,",
        "types": ",cap,dyfi,losspager,moment-tensor,origin,phase-data,shakemap,",
        "nst": null,
        "dmin": 5.59,
        "rms": 0.63,
        "gap": 38,
        "magType": "mww",
        "type": "earthquake",
        "title": "M 6.0 - 276 km SE of Kon?rka, India"
      },
      "geometry": {
        "type": "Point",
        "coordinates": [
          88.0376,
          18.2012,
          47.23
        ]
      },
      "id": "usb000qy82"
    },
    {
      "type": "Feature",
      "properties": {
        "mag": 5.3,
        "place": "258 km NNE of Saga, China",
        "time": 1396199414880,
        "updated": 1651596392039,
        "tz": null,
        "url": "https://earthquake.usgs.gov/earthquakes/eventpage/usc000nx0f",
        "detail": "https://earthquake.usgs.gov/fdsnws/event/1/query?eventid=usc000nx0f&format=geojson",
        "felt": null,
        "cdi": null,
        "mmi": null,
        "alert": null,
        "status": "reviewed",
        "tsunami": 0,
        "sig": 432,
        "net": "us",
        "code": "c000nx0f",
        "ids": ",usc000nx0f,iscgem604373875,",
        "sources": ",us,iscgem,",
        "types": ",cap,origin,phase-data,",
        "nst": null,
        "dmin": 4.363,
        "rms": 1.11,
        "gap": 35,
        "magType": "mb",
        "type": "earthquake",
        "title": "M 5.3 - 258 km NNE of Saga, China"
      },
      "geometry": {
        "type": "Point",
        "coordinates": [
          86.4624,
          31.3961,
          13.47
        ]
      },
      "id": "usc000nx0f"
    },
    {
      "type": "Feature",
      "properties": {
        "mag": 5.2,
        "place": "38 km SW of Khorugh, Tajikistan",
        "time": 1396002252500,
        "updated": 1401406326000,
        "tz": null,
        "url": "https://earthquake.usgs.gov/earthquakes/eventpage/usc000nugd",
        "detail": "https://earthquake.usgs.gov/fdsnws/event/1/query?eventid=usc000nugd&format=geojson",
        "felt": null,
        "cdi": null,
        "mmi": null,
        "alert": null,
        "status": "reviewed",
        "tsunami": 0,
        "sig": 416,
        "net": "us",
        "code": "c000nugd",
        "ids": ",usc000nugd,",
        "sources": ",us,",
        "types": ",cap,origin,phase-data,",
        "nst": null,
        "dmin": 3.235,
        "rms": 0.9,
        "gap": 26,
        "magType": "mb",
        "type": "earthquake",
        "title": "M 5.2 - 38 km SW of Khorugh, Tajikistan"
      },
      "geometry": {
        "type": "Point",
        "coordinates": [
          71.2425,
          37.2444,
          101.07
        ]
      },
      "id": "usc000nugd"
    },
    {
      "type": "Feature",
      "properties": {
        "mag": 5.1,
        "place": "253 km SE of Hotan, China",
        "time": 1395493096830,
        "updated": 1651596343141,
        "tz": null,
        "url": "https://earthquake.usgs.gov/earthquakes/eventpage/usc000nl0l",
        "detail": "https://earthquake.usgs.gov/fdsnws/event/1/query?eventid=usc000nl0l&format=geojson",
        "felt": null,
        "cdi": null,
        "mmi": null,
        "alert": null,
        "status": "reviewed",
        "tsunami": 0,
        "sig": 400,
        "net": "us",
        "code": "c000nl0l",
        "ids": ",usc000nl0l,iscgem604187017,",
        "sources": ",us,iscgem,",
        "types": ",cap,origin,phase-data,",
        "nst": null,
        "dmin": 7.751,
        "rms": 0.53,
        "gap": 45,
        "magType": "mb",
        "type": "earthquake",
        "title": "M 5.1 - 253 km SE of Hotan, China"
      },
      "geometry": {
        "type": "Point",
        "coordinates": [
          82.3019,
          35.8478,
          10
        ]
      },
      "id": "usc000nl0l"
    },
    {
      "type": "Feature",
      "properties": {
        "mag": 5.2,
        "place": "205 km NNW of Sabang, Indonesia",
        "time": 1395435821620,
        "updated": 1651596341726,
        "tz": null,
        "url": "https://earthquake.usgs.gov/earthquakes/eventpage/usc000nkdy",
        "detail": "https://earthquake.usgs.gov/fdsnws/event/1/query?eventid=usc000nkdy&format=geojson",
        "felt": null,
        "cdi": null,
        "mmi": null,
        "alert": null,
        "status": "reviewed",
        "tsunami": 0,
        "sig": 416,
        "net": "us",
        "code": "c000nkdy",
        "ids": ",usc000nkdy,iscgem604186081,",
        "sources": ",us,iscgem,",
        "types": ",cap,origin,phase-data,",
        "nst": null,
        "dmin": 3.433,
        "rms": 0.97,
        "gap": 25,
        "magType": "mb",
        "type": "earthquake",
        "title": "M 5.2 - 205 km NNW of Sabang, Indonesia"
      },
      "geometry": {
        "type": "Point",
        "coordinates": [
          94.2965,
          7.4454,
          9.96
        ]
      },
      "id": "usc000nkdy"
    },
    {
      "type": "Feature",
      "properties": {
        "mag": 5.1,
        "place": "218 km NNW of Sabang, Indonesia",
        "time": 1395413151850,
        "updated": 1400892877000,
        "tz": null,
        "url": "https://earthquake.usgs.gov/earthquakes/eventpage/usc000njtg",
        "detail": "https://earthquake.usgs.gov/fdsnws/event/1/query?eventid=usc000njtg&format=geojson",
        "felt": null,
        "cdi": null,
        "mmi": null,
        "alert": null,
        "status": "reviewed",
        "tsunami": 0,
        "sig": 400,
        "net": "us",
        "code": "c000njtg",
        "ids": ",usc000njtg,",
        "sources": ",us,",
        "types": ",cap,origin,phase-data,",
        "nst": null,
        "dmin": 3.514,
        "rms": 0.58,
        "gap": 83,
        "magType": "mb",
        "type": "earthquake",
        "title": "M 5.1 - 218 km NNW of Sabang, Indonesia"
      },
      "geometry": {
        "type": "Point",
        "coordinates": [
          94.3114,
          7.5875,
          9.99
        ]
      },
      "id": "usc000njtg"
    },
    {
      "type": "Feature",
      "properties": {
        "mag": 5.2,
        "place": "217 km NW of Sabang, Indonesia",
        "time": 1395411908910,
        "updated": 1651598197385,
        "tz": null,
        "url": "https://earthquake.usgs.gov/earthquakes/eventpage/usc000njsl",
        "detail": "https://earthquake.usgs.gov/fdsnws/event/1/query?eventid=usc000njsl&format=geojson",
        "felt": null,
        "cdi": null,
        "mmi": null,
        "alert": null,
        "status": "reviewed",
        "tsunami": 0,
        "sig": 416,
        "net": "us",
        "code": "c000njsl",
        "ids": ",usc000njsl,iscgem606912671,",
        "sources": ",us,iscgem,",
        "types": ",cap,origin,phase-data,",
        "nst": null,
        "dmin": 3.556,
        "rms": 1.08,
        "gap": 37,
        "magType": "mb",
        "type": "earthquake",
        "title": "M 5.2 - 217 km NW of Sabang, Indonesia"
      },
      "geometry": {
        "type": "Point",
        "coordinates": [
          94.1847,
          7.5037,
          10
        ]
      },
      "id": "usc000njsl"
    },
    {
      "type": "Feature",
      "properties": {
        "mag": 5.1,
        "place": "202 km NW of Sabang, Indonesia",
        "time": 1395411209110,
        "updated": 1400892877000,
        "tz": null,
        "url": "https://earthquake.usgs.gov/earthquakes/eventpage/usc000nuyk",
        "detail": "https://earthquake.usgs.gov/fdsnws/event/1/query?eventid=usc000nuyk&format=geojson",
        "felt": null,
        "cdi": null,
        "mmi": null,
        "alert": null,
        "status": "reviewed",
        "tsunami": 0,
        "sig": 400,
        "net": "us",
        "code": "c000nuyk",
        "ids": ",usc000nuyk,",
        "sources": ",us,",
        "types": ",origin,phase-data,",
        "nst": null,
        "dmin": 3.453,
        "rms": 1,
        "gap": 68,
        "magType": "mb",
        "type": "earthquake",
        "title": "M 5.1 - 202 km NW of Sabang, Indonesia"
      },
      "geometry": {
        "type": "Point",
        "coordinates": [
          94.1739,
          7.3232,
          10
        ]
      },
      "id": "usc000nuyk"
    },
    {
      "type": "Feature",
      "properties": {
        "mag": 5.5,
        "place": "216 km NNW of Sabang, Indonesia",
        "time": 1395411073890,
        "updated": 1651598191434,
        "tz": null,
        "url": "https://earthquake.usgs.gov/earthquakes/eventpage/usc000njsg",
        "detail": "https://earthquake.usgs.gov/fdsnws/event/1/query?eventid=usc000njsg&format=geojson",
        "felt": null,
        "cdi": null,
        "mmi": 3.87,
        "alert": "green",
        "status": "reviewed",
        "tsunami": 0,
        "sig": 465,
        "net": "us",
        "code": "c000njsg",
        "ids": ",usc000njsg,iscgem606912666,",
        "sources": ",us,iscgem,",
        "types": ",cap,losspager,origin,phase-data,shakemap,",
        "nst": null,
        "dmin": 3.515,
        "rms": 1.1,
        "gap": 37,
        "magType": "mb",
        "type": "earthquake",
        "title": "M 5.5 - 216 km NNW of Sabang, Indonesia"
      },
      "geometry": {
        "type": "Point",
        "coordinates": [
          94.2698,
          7.5417,
          10
        ]
      },
      "id": "usc000njsg"
    },
    {
      "type": "Feature",
      "properties": {
        "mag": 6.4,
        "place": "232 km NNW of Sabang, Indonesia",
        "time": 1395409269480,
        "updated": 1651601347758,
        "tz": null,
        "url": "https://earthquake.usgs.gov/earthquakes/eventpage/usc000njrq",
        "detail": "https://earthquake.usgs.gov/fdsnws/event/1/query?eventid=usc000njrq&format=geojson",
        "felt": null,
        "cdi": null,
        "mmi": 4.73,
        "alert": "green",
        "status": "reviewed",
        "tsunami": 0,
        "sig": 630,
        "net": "us",
        "code": "c000njrq",
        "ids": ",usc000njrq,iscgem610098741,",
        "sources": ",us,iscgem,",
        "types": ",cap,losspager,moment-tensor,origin,phase-data,shakemap,",
        "nst": null,
        "dmin": 3.604,
        "rms": 1.14,
        "gap": 35,
        "magType": "mww",
        "type": "earthquake",
        "title": "M 6.4 - 232 km NNW of Sabang, Indonesia"
      },
      "geometry": {
        "type": "Point",
        "coordinates": [
          94.3342,
          7.7448,
          21.54
        ]
      },
      "id": "usc000njrq"
    },
    {
      "type": "Feature",
      "properties": {
        "mag": 5.5,
        "place": "235 km NNW of Sabang, Indonesia",
        "time": 1394804286200,
        "updated": 1651596304684,
        "tz": null,
        "url": "https://earthquake.usgs.gov/earthquakes/eventpage/usc000nb99",
        "detail": "https://earthquake.usgs.gov/fdsnws/event/1/query?eventid=usc000nb99&format=geojson",
        "felt": null,
        "cdi": null,
        "mmi": 3.65,
        "alert": "green",
        "status": "reviewed",
        "tsunami": 0,
        "sig": 465,
        "net": "us",
        "code": "c000nb99",
        "ids": ",usc000nb99,iscgem604158263,",
        "sources": ",us,iscgem,",
        "types": ",cap,losspager,moment-tensor,origin,phase-data,shakemap,",
        "nst": null,
        "dmin": 3.631,
        "rms": 0.95,
        "gap": 62,
        "magType": "mww",
        "type": "earthquake",
        "title": "M 5.5 - 235 km NNW of Sabang, Indonesia"
      },
      "geometry": {
        "type": "Point",
        "coordinates": [
          94.3128,
          7.7631,
          10
        ]
      },
      "id": "usc000nb99"
    },
    {
      "type": "Feature",
      "properties": {
        "mag": 5.1,
        "place": "56 km ESE of Myaydo, Myanmar",
        "time": 1394380979690,
        "updated": 1651596287304,
        "tz": null,
        "url": "https://earthquake.usgs.gov/earthquakes/eventpage/usc000n5yd",
        "detail": "https://earthquake.usgs.gov/fdsnws/event/1/query?eventid=usc000n5yd&format=geojson",
        "felt": null,
        "cdi": null,
        "mmi": null,
        "alert": null,
        "status": "reviewed",
        "tsunami": 0,
        "sig": 400,
        "net": "us",
        "code": "c000n5yd",
        "ids": ",usc000n5yd,iscgem604106216,",
        "sources": ",us,iscgem,",
        "types": ",cap,origin,phase-data,",
        "nst": null,
        "dmin": 2.122,
        "rms": 0.58,
        "gap": 33,
        "magType": "mb",
        "type": "earthquake",
        "title": "M 5.1 - 56 km ESE of Myaydo, Myanmar"
      },
      "geometry": {
        "type": "Point",
        "coordinates": [
          95.7207,
          19.1942,
          24.93
        ]
      },
      "id": "usc000n5yd"
    },
    {
      "type": "Feature",
      "properties": {
        "mag": 5.1,
        "place": "195 km NW of Sabang, Indonesia",
        "time": 1393566639150,
        "updated": 1766422099275,
        "tz": null,
        "url": "https://earthquake.usgs.gov/earthquakes/eventpage/usb000my0i",
        "detail": "https://earthquake.usgs.gov/fdsnws/event/1/query?eventid=usb000my0i&format=geojson",
        "felt": null,
        "cdi": null,
        "mmi": null,
        "alert": null,
        "status": "reviewed",
        "tsunami": 0,
        "sig": 400,
        "net": "us",
        "code": "b000my0i",
        "ids": ",usb000my0i,iscgem604074383,",
        "sources": ",us,iscgem,",
        "types": ",cap,origin,phase-data,",
        "nst": null,
        "dmin": 3.373,
        "rms": 1.14,
        "gap": 39,
        "magType": "mb",
        "type": "earthquake",
        "title": "M 5.1 - 195 km NW of Sabang, Indonesia"
      },
      "geometry": {
        "type": "Point",
        "coordinates": [
          94.2594,
          7.3016,
          102.47
        ]
      },
      "id": "usb000my0i"
    },
    {
      "type": "Feature",
      "properties": {
        "mag": 5.7,
        "place": "267 km ESE of Hotan, China",
        "time": 1392197083010,
        "updated": 1651596141136,
        "tz": null,
        "url": "https://earthquake.usgs.gov/earthquakes/eventpage/usc000mz3i",
        "detail": "https://earthquake.usgs.gov/fdsnws/event/1/query?eventid=usc000mz3i&format=geojson",
        "felt": null,
        "cdi": null,
        "mmi": 6.965,
        "alert": "green",
        "status": "reviewed",
        "tsunami": 0,
        "sig": 500,
        "net": "us",
        "code": "c000mz3i",
        "ids": ",usc000mz3i,iscgem604044475,",
        "sources": ",us,iscgem,",
        "types": ",losspager,origin,phase-data,shakemap,",
        "nst": null,
        "dmin": 9.192,
        "rms": 0.93,
        "gap": 29,
        "magType": "mb",
        "type": "earthquake",
        "title": "M 5.7 - 267 km ESE of Hotan, China"
      },
      "geometry": {
        "type": "Point",
        "coordinates": [
          82.4667,
          35.8221,
          10
        ]
      },
      "id": "usc000mz3i"
    },
    {
      "type": "Feature",
      "properties": {
        "mag": 6.9,
        "place": "272 km ESE of Hotan, China",
        "time": 1392196789060,
        "updated": 1658819122867,
        "tz": null,
        "url": "https://earthquake.usgs.gov/earthquakes/eventpage/usc000mnvj",
        "detail": "https://earthquake.usgs.gov/fdsnws/event/1/query?eventid=usc000mnvj&format=geojson",
        "felt": 2,
        "cdi": 3.3,
        "mmi": 7.656,
        "alert": "yellow",
        "status": "reviewed",
        "tsunami": 0,
        "sig": 733,
        "net": "us",
        "code": "c000mnvj",
        "ids": ",usc000mnvj,iscgem604043291,atlas20140212091949,",
        "sources": ",us,iscgem,atlas,",
        "types": ",cap,dyfi,losspager,moment-tensor,origin,phase-data,shakemap,",
        "nst": null,
        "dmin": 7.496,
        "rms": 0.83,
        "gap": 18,
        "magType": "mww",
        "type": "earthquake",
        "title": "M 6.9 - 272 km ESE of Hotan, China"
      },
      "geometry": {
        "type": "Point",
        "coordinates": [
          82.5864,
          35.9053,
          10
        ]
      },
      "id": "usc000mnvj"
    },
    {
      "type": "Feature",
      "properties": {
        "mag": 5.2,
        "place": "259 km ESE of Hotan, China",
        "time": 1392084895990,
        "updated": 1651596114308,
        "tz": null,
        "url": "https://earthquake.usgs.gov/earthquakes/eventpage/usc000mmrh",
        "detail": "https://earthquake.usgs.gov/fdsnws/event/1/query?eventid=usc000mmrh&format=geojson",
        "felt": null,
        "cdi": null,
        "mmi": null,
        "alert": null,
        "status": "reviewed",
        "tsunami": 0,
        "sig": 416,
        "net": "us",
        "code": "c000mmrh",
        "ids": ",usc000mmrh,iscgem604041627,",
        "sources": ",us,iscgem,",
        "types": ",cap,origin,phase-data,",
        "nst": null,
        "dmin": 7.201,
        "rms": 0.71,
        "gap": 52,
        "magType": "mb",
        "type": "earthquake",
        "title": "M 5.2 - 259 km ESE of Hotan, China"
      },
      "geometry": {
        "type": "Point",
        "coordinates": [
          82.487,
          35.9947,
          10
        ]
      },
      "id": "usc000mmrh"
    },
    {
      "type": "Feature",
      "properties": {
        "mag": 5.2,
        "place": "western Xizang",
        "time": 1392081326590,
        "updated": 1651596108867,
        "tz": null,
        "url": "https://earthquake.usgs.gov/earthquakes/eventpage/usc000mmqn",
        "detail": "https://earthquake.usgs.gov/fdsnws/event/1/query?eventid=usc000mmqn&format=geojson",
        "felt": null,
        "cdi": null,
        "mmi": null,
        "alert": null,
        "status": "reviewed",
        "tsunami": 0,
        "sig": 416,
        "net": "us",
        "code": "c000mmqn",
        "ids": ",usc000mmqn,iscgem604041626,",
        "sources": ",us,iscgem,",
        "types": ",cap,origin,phase-data,",
        "nst": null,
        "dmin": 4.467,
        "rms": 0.66,
        "gap": 28,
        "magType": "mb",
        "type": "earthquake",
        "title": "M 5.2 - western Xizang"
      },
      "geometry": {
        "type": "Point",
        "coordinates": [
          89.2216,
          33.8784,
          10
        ]
      },
      "id": "usc000mmqn"
    },
    {
      "type": "Feature",
      "properties": {
        "mag": 5.2,
        "place": "261 km ENE of Port Blair, India",
        "time": 1391384641200,
        "updated": 1766422047679,
        "tz": null,
        "url": "https://earthquake.usgs.gov/earthquakes/eventpage/usc000mftb",
        "detail": "https://earthquake.usgs.gov/fdsnws/event/1/query?eventid=usc000mftb&format=geojson",
        "felt": null,
        "cdi": null,
        "mmi": null,
        "alert": null,
        "status": "reviewed",
        "tsunami": 0,
        "sig": 416,
        "net": "us",
        "code": "c000mftb",
        "ids": ",usc000mftb,iscgem604030866,",
        "sources": ",us,iscgem,",
        "types": ",cap,origin,phase-data,",
        "nst": null,
        "dmin": 2.35,
        "rms": 0.73,
        "gap": 45,
        "magType": "mb",
        "type": "earthquake",
        "title": "M 5.2 - 261 km ENE of Port Blair, India"
      },
      "geometry": {
        "type": "Point",
        "coordinates": [
          95.0592,
          12.2849,
          34.18
        ]
      },
      "id": "usc000mftb"
    },
    {
      "type": "Feature",
      "properties": {
        "mag": 5.1,
        "place": "50 km WNW of Mawlaik, Myanmar",
        "time": 1391003210340,
        "updated": 1651595978987,
        "tz": null,
        "url": "https://earthquake.usgs.gov/earthquakes/eventpage/usc000mcu0",
        "detail": "https://earthquake.usgs.gov/fdsnws/event/1/query?eventid=usc000mcu0&format=geojson",
        "felt": null,
        "cdi": null,
        "mmi": null,
        "alert": null,
        "status": "reviewed",
        "tsunami": 0,
        "sig": 400,
        "net": "us",
        "code": "c000mcu0",
        "ids": ",usc000mcu0,iscgem604014481,",
        "sources": ",us,iscgem,",
        "types": ",cap,origin,phase-data,",
        "nst": null,
        "dmin": 2.425,
        "rms": 0.68,
        "gap": 19,
        "magType": "mb",
        "type": "earthquake",
        "title": "M 5.1 - 50 km WNW of Mawlaik, Myanmar"
      },
      "geometry": {
        "type": "Point",
        "coordinates": [
          93.9581,
          23.8428,
          59.11
        ]
      },
      "id": "usc000mcu0"
    },
    {
      "type": "Feature",
      "properties": {
        "mag": 5.2,
        "place": "52 km NNE of Shwebo, Myanmar",
        "time": 1390739917240,
        "updated": 1651595966234,
        "tz": null,
        "url": "https://earthquake.usgs.gov/earthquakes/eventpage/usb000m8ca",
        "detail": "https://earthquake.usgs.gov/fdsnws/event/1/query?eventid=usb000m8ca&format=geojson",
        "felt": null,
        "cdi": null,
        "mmi": null,
        "alert": null,
        "status": "reviewed",
        "tsunami": 0,
        "sig": 416,
        "net": "us",
        "code": "b000m8ca",
        "ids": ",usb000m8ca,iscgem604009321,",
        "sources": ",us,iscgem,",
        "types": ",cap,origin,phase-data,",
        "nst": null,
        "dmin": 4.006,
        "rms": 1.24,
        "gap": 50,
        "magType": "mb",
        "type": "earthquake",
        "title": "M 5.2 - 52 km NNE of Shwebo, Myanmar"
      },
      "geometry": {
        "type": "Point",
        "coordinates": [
          95.9078,
          23.0007,
          12.43
        ]
      },
      "id": "usb000m8ca"
    },
    {
      "type": "Feature",
      "properties": {
        "mag": 5.1,
        "place": "14 km S of Ashk?sham, Afghanistan",
        "time": 1389714068780,
        "updated": 1394854831000,
        "tz": null,
        "url": "https://earthquake.usgs.gov/earthquakes/eventpage/usb000m0se",
        "detail": "https://earthquake.usgs.gov/fdsnws/event/1/query?eventid=usb000m0se&format=geojson",
        "felt": null,
        "cdi": null,
        "mmi": null,
        "alert": null,
        "status": "reviewed",
        "tsunami": 0,
        "sig": 400,
        "net": "us",
        "code": "b000m0se",
        "ids": ",usb000m0se,",
        "sources": ",us,",
        "types": ",cap,origin,phase-data,",
        "nst": null,
        "dmin": 2.624,
        "rms": 1.09,
        "gap": 24,
        "magType": "mb",
        "type": "earthquake",
        "title": "M 5.1 - 14 km S of Ashk?sham, Afghanistan"
      },
      "geometry": {
        "type": "Point",
        "coordinates": [
          71.5185,
          36.5504,
          107.24
        ]
      },
      "id": "usb000m0se"
    },
    {
      "type": "Feature",
      "properties": {
        "mag": 5,
        "place": "20 km SW of Ashk?sham, Afghanistan",
        "time": 1387635700650,
        "updated": 1393537045000,
        "tz": null,
        "url": "https://earthquake.usgs.gov/earthquakes/eventpage/usc000lphw",
        "detail": "https://earthquake.usgs.gov/fdsnws/event/1/query?eventid=usc000lphw&format=geojson",
        "felt": null,
        "cdi": null,
        "mmi": null,
        "alert": null,
        "status": "reviewed",
        "tsunami": 0,
        "sig": 385,
        "net": "us",
        "code": "c000lphw",
        "ids": ",usc000lphw,",
        "sources": ",us,",
        "types": ",cap,origin,phase-data,",
        "nst": null,
        "dmin": 2.598,
        "rms": 1.49,
        "gap": 38,
        "magType": "mb",
        "type": "earthquake",
        "title": "M 5.0 - 20 km SW of Ashk?sham, Afghanistan"
      },
      "geometry": {
        "type": "Point",
        "coordinates": [
          71.3868,
          36.5395,
          87.1
        ]
      },
      "id": "usc000lphw"
    },
    {
      "type": "Feature",
      "properties": {
        "mag": 5,
        "place": "103 km NNE of P?sigh?t, India",
        "time": 1385690089070,
        "updated": 1658803225125,
        "tz": null,
        "url": "https://earthquake.usgs.gov/earthquakes/eventpage/usb000l7uv",
        "detail": "https://earthquake.usgs.gov/fdsnws/event/1/query?eventid=usb000l7uv&format=geojson",
        "felt": 4,
        "cdi": 4.6,
        "mmi": null,
        "alert": null,
        "status": "reviewed",
        "tsunami": 0,
        "sig": 386,
        "net": "us",
        "code": "b000l7uv",
        "ids": ",usb000l7uv,iscgem603821234,",
        "sources": ",us,iscgem,",
        "types": ",cap,dyfi,origin,phase-data,",
        "nst": null,
        "dmin": 4.225,
        "rms": 0.63,
        "gap": 40,
        "magType": "mb",
        "type": "earthquake",
        "title": "M 5.0 - 103 km NNE of P?sigh?t, India"
      },
      "geometry": {
        "type": "Point",
        "coordinates": [
          95.8701,
          28.8721,
          35.15
        ]
      },
      "id": "usb000l7uv"
    },
    {
      "type": "Feature",
      "properties": {
        "mag": 5.4,
        "place": "Xinjiang-Xizang border region",
        "time": 1385249442550,
        "updated": 1651595656187,
        "tz": null,
        "url": "https://earthquake.usgs.gov/earthquakes/eventpage/usb000l5eq",
        "detail": "https://earthquake.usgs.gov/fdsnws/event/1/query?eventid=usb000l5eq&format=geojson",
        "felt": null,
        "cdi": null,
        "mmi": null,
        "alert": null,
        "status": "reviewed",
        "tsunami": 0,
        "sig": 449,
        "net": "us",
        "code": "b000l5eq",
        "ids": ",usb000l5eq,iscgem603810459,",
        "sources": ",us,iscgem,",
        "types": ",cap,moment-tensor,origin,phase-data,",
        "nst": null,
        "dmin": 7.259,
        "rms": 0.73,
        "gap": 26,
        "magType": "mwb",
        "type": "earthquake",
        "title": "M 5.4 - Xinjiang-Xizang border region"
      },
      "geometry": {
        "type": "Point",
        "coordinates": [
          86.8448,
          36.5757,
          7.18
        ]
      },
      "id": "usb000l5eq"
    },
    {
      "type": "Feature",
      "properties": {
        "mag": 5.5,
        "place": "273 km ENE of Port Blair, India",
        "time": 1384942158430,
        "updated": 1651595634354,
        "tz": null,
        "url": "https://earthquake.usgs.gov/earthquakes/eventpage/usb000l2rk",
        "detail": "https://earthquake.usgs.gov/fdsnws/event/1/query?eventid=usb000l2rk&format=geojson",
        "felt": null,
        "cdi": null,
        "mmi": 3.19,
        "alert": "green",
        "status": "reviewed",
        "tsunami": 0,
        "sig": 465,
        "net": "us",
        "code": "b000l2rk",
        "ids": ",usb000l2rk,iscgem603798565,",
        "sources": ",us,iscgem,",
        "types": ",cap,losspager,moment-tensor,origin,phase-data,shakemap,",
        "nst": null,
        "dmin": 7,
        "rms": 0.86,
        "gap": 32,
        "magType": "mwb",
        "type": "earthquake",
        "title": "M 5.5 - 273 km ENE of Port Blair, India"
      },
      "geometry": {
        "type": "Point",
        "coordinates": [
          95.1481,
          12.3975,
          10.26
        ]
      },
      "id": "usb000l2rk"
    },
    {
      "type": "Feature",
      "properties": {
        "mag": 5.4,
        "place": "24 km SSW of Num?ligarh, India",
        "time": 1383711376060,
        "updated": 1658797467812,
        "tz": null,
        "url": "https://earthquake.usgs.gov/earthquakes/eventpage/usb000ktbm",
        "detail": "https://earthquake.usgs.gov/fdsnws/event/1/query?eventid=usb000ktbm&format=geojson",
        "felt": 13,
        "cdi": 5.4,
        "mmi": 4.27,
        "alert": "green",
        "status": "reviewed",
        "tsunami": 0,
        "sig": 456,
        "net": "us",
        "code": "b000ktbm",
        "ids": ",usb000ktbm,iscgem603773254,",
        "sources": ",us,iscgem,",
        "types": ",cap,dyfi,losspager,origin,phase-data,shakemap,",
        "nst": null,
        "dmin": 1.816,
        "rms": 0.96,
        "gap": 25,
        "magType": "mb",
        "type": "earthquake",
        "title": "M 5.4 - 24 km SSW of Num?ligarh, India"
      },
      "geometry": {
        "type": "Point",
        "coordinates": [
          93.6451,
          26.4118,
          34.32
        ]
      },
      "id": "usb000ktbm"
    },
    {
      "type": "Feature",
      "properties": {
        "mag": 5.4,
        "place": "289 km N of Bamboo Flat, India",
        "time": 1382637456970,
        "updated": 1651595426250,
        "tz": null,
        "url": "https://earthquake.usgs.gov/earthquakes/eventpage/usc000kmdj",
        "detail": "https://earthquake.usgs.gov/fdsnws/event/1/query?eventid=usc000kmdj&format=geojson",
        "felt": null,
        "cdi": null,
        "mmi": 4.08,
        "alert": "green",
        "status": "reviewed",
        "tsunami": 0,
        "sig": 449,
        "net": "us",
        "code": "c000kmdj",
        "ids": ",usc000kmdj,iscgem603758296,",
        "sources": ",us,iscgem,",
        "types": ",cap,losspager,moment-tensor,origin,phase-data,shakemap,",
        "nst": null,
        "dmin": 2.638,
        "rms": 0.91,
        "gap": 19,
        "magType": "mwb",
        "type": "earthquake",
        "title": "M 5.4 - 289 km N of Bamboo Flat, India"
      },
      "geometry": {
        "type": "Point",
        "coordinates": [
          93.0654,
          14.2917,
          23
        ]
      },
      "id": "usc000kmdj"
    },
    {
      "type": "Feature",
      "properties": {
        "mag": 5.4,
        "place": "52 km NNE of Thang, India",
        "time": 1382322433710,
        "updated": 1651600468260,
        "tz": null,
        "url": "https://earthquake.usgs.gov/earthquakes/eventpage/usb000khr2",
        "detail": "https://earthquake.usgs.gov/fdsnws/event/1/query?eventid=usb000khr2&format=geojson",
        "felt": null,
        "cdi": null,
        "mmi": null,
        "alert": null,
        "status": "reviewed",
        "tsunami": 0,
        "sig": 449,
        "net": "us",
        "code": "b000khr2",
        "ids": ",usb000khr2,iscgem609095329,",
        "sources": ",us,iscgem,",
        "types": ",cap,moment-tensor,origin,phase-data,",
        "nst": null,
        "dmin": 3.573,
        "rms": 1.13,
        "gap": 20,
        "magType": "mwb",
        "type": "earthquake",
        "title": "M 5.4 - 52 km NNE of Thang, India"
      },
      "geometry": {
        "type": "Point",
        "coordinates": [
          77.0837,
          35.3406,
          48.7
        ]
      },
      "id": "usb000khr2"
    },
    {
      "type": "Feature",
      "properties": {
        "mag": 5.4,
        "place": "108 km NNE of Thang, India",
        "time": 1382298307850,
        "updated": 1766423770043,
        "tz": null,
        "url": "https://earthquake.usgs.gov/earthquakes/eventpage/usb000khnw",
        "detail": "https://earthquake.usgs.gov/fdsnws/event/1/query?eventid=usb000khnw&format=geojson",
        "felt": 10,
        "cdi": 3.4,
        "mmi": null,
        "alert": null,
        "status": "reviewed",
        "tsunami": 0,
        "sig": 452,
        "net": "us",
        "code": "b000khnw",
        "ids": ",usb000khnw,iscgem609095318,",
        "sources": ",us,iscgem,",
        "types": ",cap,dyfi,origin,phase-data,",
        "nst": null,
        "dmin": 4.014,
        "rms": 0.72,
        "gap": 47,
        "magType": "mb",
        "type": "earthquake",
        "title": "M 5.4 - 108 km NNE of Thang, India"
      },
      "geometry": {
        "type": "Point",
        "coordinates": [
          77.4189,
          35.7595,
          96.76
        ]
      },
      "id": "usb000khnw"
    },
    {
      "type": "Feature",
      "properties": {
        "mag": 5.3,
        "place": "48 km SSW of Jurm, Afghanistan",
        "time": 1381627074490,
        "updated": 1766421824967,
        "tz": null,
        "url": "https://earthquake.usgs.gov/earthquakes/eventpage/usb000kc2x",
        "detail": "https://earthquake.usgs.gov/fdsnws/event/1/query?eventid=usb000kc2x&format=geojson",
        "felt": 4,
        "cdi": 2.9,
        "mmi": null,
        "alert": null,
        "status": "reviewed",
        "tsunami": 0,
        "sig": 433,
        "net": "us",
        "code": "b000kc2x",
        "ids": ",usb000kc2x,iscgem603734850,",
        "sources": ",us,iscgem,",
        "types": ",cap,dyfi,moment-tensor,origin,phase-data,",
        "nst": null,
        "dmin": 2.33,
        "rms": 0.83,
        "gap": 20,
        "magType": "mwb",
        "type": "earthquake",
        "title": "M 5.3 - 48 km SSW of Jurm, Afghanistan"
      },
      "geometry": {
        "type": "Point",
        "coordinates": [
          70.7061,
          36.4392,
          210
        ]
      },
      "id": "usb000kc2x"
    },
    {
      "type": "Feature",
      "properties": {
        "mag": 5.2,
        "place": "11 km WNW of Singtam, India",
        "time": 1380780759140,
        "updated": 1658790766780,
        "tz": null,
        "url": "https://earthquake.usgs.gov/earthquakes/eventpage/usb000k57j",
        "detail": "https://earthquake.usgs.gov/fdsnws/event/1/query?eventid=usb000k57j&format=geojson",
        "felt": 7,
        "cdi": 4.3,
        "mmi": null,
        "alert": null,
        "status": "reviewed",
        "tsunami": 0,
        "sig": 419,
        "net": "us",
        "code": "b000k57j",
        "ids": ",usb000k57j,",
        "sources": ",us,",
        "types": ",cap,dyfi,origin,phase-data,",
        "nst": null,
        "dmin": 3.395,
        "rms": 0.61,
        "gap": 37,
        "magType": "mb",
        "type": "earthquake",
        "title": "M 5.2 - 11 km WNW of Singtam, India"
      },
      "geometry": {
        "type": "Point",
        "coordinates": [
          88.4022,
          27.2898,
          9.87
        ]
      },
      "id": "usb000k57j"
    },
    {
      "type": "Feature",
      "properties": {
        "mag": 5.7,
        "place": "48 km NE of Shwebo, Myanmar",
        "time": 1379679886270,
        "updated": 1651599532445,
        "tz": null,
        "url": "https://earthquake.usgs.gov/earthquakes/eventpage/usb000jwly",
        "detail": "https://earthquake.usgs.gov/fdsnws/event/1/query?eventid=usb000jwly&format=geojson",
        "felt": null,
        "cdi": null,
        "mmi": 7.4,
        "alert": "green",
        "status": "reviewed",
        "tsunami": 0,
        "sig": 500,
        "net": "us",
        "code": "b000jwly",
        "ids": ",usb000jwly,iscgem608162450,atlas20130920122446,",
        "sources": ",us,iscgem,atlas,",
        "types": ",losspager,moment-tensor,origin,phase-data,shakemap,",
        "nst": null,
        "dmin": 3.995,
        "rms": 0.44,
        "gap": 30,
        "magType": "mww",
        "type": "earthquake",
        "title": "M 5.7 - 48 km NE of Shwebo, Myanmar"
      },
      "geometry": {
        "type": "Point",
        "coordinates": [
          95.9607,
          22.9341,
          4
        ]
      },
      "id": "usb000jwly"
    },
    {
      "type": "Feature",
      "properties": {
        "mag": 5,
        "place": "49 km NNE of Shwebo, Myanmar",
        "time": 1378697311970,
        "updated": 1384485629000,
        "tz": null,
        "url": "https://earthquake.usgs.gov/earthquakes/eventpage/usb000jlv7",
        "detail": "https://earthquake.usgs.gov/fdsnws/event/1/query?eventid=usb000jlv7&format=geojson",
        "felt": null,
        "cdi": null,
        "mmi": null,
        "alert": null,
        "status": "reviewed",
        "tsunami": 0,
        "sig": 385,
        "net": "us",
        "code": "b000jlv7",
        "ids": ",usb000jlv7,",
        "sources": ",us,",
        "types": ",cap,origin,phase-data,",
        "nst": null,
        "dmin": 4.538,
        "rms": 1.03,
        "gap": 60,
        "magType": "mb",
        "type": "earthquake",
        "title": "M 5.0 - 49 km NNE of Shwebo, Myanmar"
      },
      "geometry": {
        "type": "Point",
        "coordinates": [
          95.9365,
          22.9608,
          10
        ]
      },
      "id": "usb000jlv7"
    },
    {
      "type": "Feature",
      "properties": {
        "mag": 5.2,
        "place": "25 km ESE of Farkh?r, Afghanistan",
        "time": 1378661420100,
        "updated": 1766421781291,
        "tz": null,
        "url": "https://earthquake.usgs.gov/earthquakes/eventpage/usb000jlmp",
        "detail": "https://earthquake.usgs.gov/fdsnws/event/1/query?eventid=usb000jlmp&format=geojson",
        "felt": null,
        "cdi": null,
        "mmi": null,
        "alert": null,
        "status": "reviewed",
        "tsunami": 0,
        "sig": 416,
        "net": "us",
        "code": "b000jlmp",
        "ids": ",usb000jlmp,iscgem603388341,",
        "sources": ",us,iscgem,",
        "types": ",cap,moment-tensor,origin,phase-data,scitech-link,",
        "nst": null,
        "dmin": 2.153,
        "rms": 1.07,
        "gap": 26,
        "magType": "mwb",
        "type": "earthquake",
        "title": "M 5.2 - 25 km ESE of Farkh?r, Afghanistan"
      },
      "geometry": {
        "type": "Point",
        "coordinates": [
          70.1261,
          36.5088,
          212
        ]
      },
      "id": "usb000jlmp"
    },
    {
      "type": "Feature",
      "properties": {
        "mag": 5.1,
        "place": "136 km SSE of Qamdo, China",
        "time": 1376265526250,
        "updated": 1651595129497,
        "tz": null,
        "url": "https://earthquake.usgs.gov/earthquakes/eventpage/usb000j0v3",
        "detail": "https://earthquake.usgs.gov/fdsnws/event/1/query?eventid=usb000j0v3&format=geojson",
        "felt": null,
        "cdi": null,
        "mmi": null,
        "alert": null,
        "status": "reviewed",
        "tsunami": 0,
        "sig": 400,
        "net": "us",
        "code": "b000j0v3",
        "ids": ",usb000j0v3,iscgem603324786,",
        "sources": ",us,iscgem,",
        "types": ",cap,origin,phase-data,",
        "nst": null,
        "dmin": 5.913,
        "rms": 0.71,
        "gap": 23,
        "magType": "mb",
        "type": "earthquake",
        "title": "M 5.1 - 136 km SSE of Qamdo, China"
      },
      "geometry": {
        "type": "Point",
        "coordinates": [
          97.9241,
          30.0761,
          10
        ]
      },
      "id": "usb000j0v3"
    },
    {
      "type": "Feature",
      "properties": {
        "mag": 5.7,
        "place": "141 km SSE of Qamdo, China",
        "time": 1376256221310,
        "updated": 1651596715603,
        "tz": null,
        "url": "https://earthquake.usgs.gov/earthquakes/eventpage/usb000j0t5",
        "detail": "https://earthquake.usgs.gov/fdsnws/event/1/query?eventid=usb000j0t5&format=geojson",
        "felt": null,
        "cdi": null,
        "mmi": 7.036,
        "alert": "yellow",
        "status": "reviewed",
        "tsunami": 0,
        "sig": 650,
        "net": "us",
        "code": "b000j0t5",
        "ids": ",usb000j0t5,iscgem604645882,",
        "sources": ",us,iscgem,",
        "types": ",cap,losspager,moment-tensor,origin,phase-data,scitech-link,shakemap,",
        "nst": null,
        "dmin": 5.94,
        "rms": 0.94,
        "gap": 12,
        "magType": "mww",
        "type": "earthquake",
        "title": "M 5.7 - 141 km SSE of Qamdo, China"
      },
      "geometry": {
        "type": "Point",
        "coordinates": [
          97.9565,
          30.0464,
          6
        ]
      },
      "id": "usb000j0t5"
    },
    {
      "type": "Feature",
      "properties": {
        "mag": 5.2,
        "place": "262 km NNE of Saga, China",
        "time": 1375803082080,
        "updated": 1651595114738,
        "tz": null,
        "url": "https://earthquake.usgs.gov/earthquakes/eventpage/usb000iwfd",
        "detail": "https://earthquake.usgs.gov/fdsnws/event/1/query?eventid=usb000iwfd&format=geojson",
        "felt": null,
        "cdi": null,
        "mmi": null,
        "alert": null,
        "status": "reviewed",
        "tsunami": 0,
        "sig": 416,
        "net": "us",
        "code": "b000iwfd",
        "ids": ",usb000iwfd,iscgem603307892,",
        "sources": ",us,iscgem,",
        "types": ",cap,origin,phase-data,",
        "nst": null,
        "dmin": 4.392,
        "rms": 0.65,
        "gap": 39,
        "magType": "mb",
        "type": "earthquake",
        "title": "M 5.2 - 262 km NNE of Saga, China"
      },
      "geometry": {
        "type": "Point",
        "coordinates": [
          86.4483,
          31.4444,
          8.91
        ]
      },
      "id": "usb000iwfd"
    },
    {
      "type": "Feature",
      "properties": {
        "mag": 5.2,
        "place": "17 km E of Kishtw?r, India",
        "time": 1375479466070,
        "updated": 1658777632894,
        "tz": null,
        "url": "https://earthquake.usgs.gov/earthquakes/eventpage/usb000iug2",
        "detail": "https://earthquake.usgs.gov/fdsnws/event/1/query?eventid=usb000iug2&format=geojson",
        "felt": 15,
        "cdi": 4.8,
        "mmi": 3.695,
        "alert": null,
        "status": "reviewed",
        "tsunami": 0,
        "sig": 423,
        "net": "us",
        "code": "b000iug2",
        "ids": ",usb000iug2,iscgem603303637,",
        "sources": ",us,iscgem,",
        "types": ",cap,dyfi,origin,phase-data,shakemap,",
        "nst": null,
        "dmin": 2.269,
        "rms": 0.93,
        "gap": 44,
        "magType": "mb",
        "type": "earthquake",
        "title": "M 5.2 - 17 km E of Kishtw?r, India"
      },
      "geometry": {
        "type": "Point",
        "coordinates": [
          75.9504,
          33.2967,
          42.43
        ]
      },
      "id": "usb000iug2"
    },
    {
      "type": "Feature",
      "properties": {
        "mag": 5,
        "place": "46 km NE of Mawlaik, Myanmar",
        "time": 1375445070140,
        "updated": 1380131150000,
        "tz": null,
        "url": "https://earthquake.usgs.gov/earthquakes/eventpage/usb000itzy",
        "detail": "https://earthquake.usgs.gov/fdsnws/event/1/query?eventid=usb000itzy&format=geojson",
        "felt": null,
        "cdi": null,
        "mmi": null,
        "alert": null,
        "status": "reviewed",
        "tsunami": 0,
        "sig": 385,
        "net": "us",
        "code": "b000itzy",
        "ids": ",usb000itzy,",
        "sources": ",us,",
        "types": ",cap,origin,phase-data,",
        "nst": null,
        "dmin": 3.076,
        "rms": 1.01,
        "gap": 25,
        "magType": "mb",
        "type": "earthquake",
        "title": "M 5.0 - 46 km NE of Mawlaik, Myanmar"
      },
      "geometry": {
        "type": "Point",
        "coordinates": [
          94.7314,
          23.9377,
          100.98
        ]
      },
      "id": "usb000itzy"
    },
    {
      "type": "Feature",
      "properties": {
        "mag": 5,
        "place": "16 km ESE of Kishtw?r, India",
        "time": 1375410767770,
        "updated": 1658777416374,
        "tz": null,
        "url": "https://earthquake.usgs.gov/earthquakes/eventpage/usb000itvz",
        "detail": "https://earthquake.usgs.gov/fdsnws/event/1/query?eventid=usb000itvz&format=geojson",
        "felt": 14,
        "cdi": 8,
        "mmi": null,
        "alert": null,
        "status": "reviewed",
        "tsunami": 0,
        "sig": 396,
        "net": "us",
        "code": "b000itvz",
        "ids": ",usb000itvz,iscgem608161108,",
        "sources": ",us,iscgem,",
        "types": ",cap,dyfi,moment-tensor,origin,phase-data,",
        "nst": null,
        "dmin": 2.264,
        "rms": 0.68,
        "gap": 43,
        "magType": "mwb",
        "type": "earthquake",
        "title": "M 5.0 - 16 km ESE of Kishtw?r, India"
      },
      "geometry": {
        "type": "Point",
        "coordinates": [
          75.9377,
          33.2663,
          14.12
        ]
      },
      "id": "usb000itvz"
    },
    {
      "type": "Feature",
      "properties": {
        "mag": 5,
        "place": "111 km ENE of Man?li, India",
        "time": 1373377758870,
        "updated": 1415325074566,
        "tz": null,
        "url": "https://earthquake.usgs.gov/earthquakes/eventpage/usb000i9y4",
        "detail": "https://earthquake.usgs.gov/fdsnws/event/1/query?eventid=usb000i9y4&format=geojson",
        "felt": null,
        "cdi": null,
        "mmi": null,
        "alert": null,
        "status": "reviewed",
        "tsunami": 0,
        "sig": 385,
        "net": "us",
        "code": "b000i9y4",
        "ids": ",usb000i9y4,",
        "sources": ",us,",
        "types": ",cap,impact-text,origin,phase-data,",
        "nst": 144,
        "dmin": null,
        "rms": 0.99,
        "gap": 41,
        "magType": "mb",
        "type": "earthquake",
        "title": "M 5.0 - 111 km ENE of Man?li, India"
      },
      "geometry": {
        "type": "Point",
        "coordinates": [
          78.197,
          32.765,
          49.9
        ]
      },
      "id": "usb000i9y4"
    },
    {
      "type": "Feature",
      "properties": {
        "mag": 5.2,
        "place": "48 km SW of Jurm, Afghanistan",
        "time": 1372835058400,
        "updated": 1766421672348,
        "tz": null,
        "url": "https://earthquake.usgs.gov/earthquakes/eventpage/usb000i5pc",
        "detail": "https://earthquake.usgs.gov/fdsnws/event/1/query?eventid=usb000i5pc&format=geojson",
        "felt": 15,
        "cdi": 3.4,
        "mmi": null,
        "alert": null,
        "status": "reviewed",
        "tsunami": 0,
        "sig": 421,
        "net": "us",
        "code": "b000i5pc",
        "ids": ",usb000i5pc,iscgem603175408,",
        "sources": ",us,iscgem,",
        "types": ",cap,dyfi,impact-text,origin,phase-data,",
        "nst": 112,
        "dmin": null,
        "rms": 0.94,
        "gap": 35,
        "magType": "mb",
        "type": "earthquake",
        "title": "M 5.2 - 48 km SW of Jurm, Afghanistan"
      },
      "geometry": {
        "type": "Point",
        "coordinates": [
          70.474,
          36.534,
          215.3
        ]
      },
      "id": "usb000i5pc"
    },
    {
      "type": "Feature",
      "properties": {
        "mag": 5,
        "place": "48 km NNW of Besisahar, Nepal",
        "time": 1372419649440,
        "updated": 1658770198855,
        "tz": null,
        "url": "https://earthquake.usgs.gov/earthquakes/eventpage/usb000i2gf",
        "detail": "https://earthquake.usgs.gov/fdsnws/event/1/query?eventid=usb000i2gf&format=geojson",
        "felt": 6,
        "cdi": 3.3,
        "mmi": null,
        "alert": null,
        "status": "reviewed",
        "tsunami": 0,
        "sig": 387,
        "net": "us",
        "code": "b000i2gf",
        "ids": ",usb000i2gf,iscgem603157284,",
        "sources": ",us,iscgem,",
        "types": ",cap,dyfi,impact-text,origin,phase-data,",
        "nst": 137,
        "dmin": null,
        "rms": 0.54,
        "gap": 35,
        "magType": "mb",
        "type": "earthquake",
        "title": "M 5.0 - 48 km NNW of Besisahar, Nepal"
      },
      "geometry": {
        "type": "Point",
        "coordinates": [
          82.279,
          28.655,
          24.8
        ]
      },
      "id": "usb000i2gf"
    },
    {
      "type": "Feature",
      "properties": {
        "mag": 5.3,
        "place": "Nicobar Islands, India region",
        "time": 1372225727180,
        "updated": 1415325067554,
        "tz": null,
        "url": "https://earthquake.usgs.gov/earthquakes/eventpage/usc000i0ki",
        "detail": "https://earthquake.usgs.gov/fdsnws/event/1/query?eventid=usc000i0ki&format=geojson",
        "felt": null,
        "cdi": null,
        "mmi": null,
        "alert": null,
        "status": "reviewed",
        "tsunami": 0,
        "sig": 432,
        "net": "us",
        "code": "c000i0ki",
        "ids": ",usc000i0ki,",
        "sources": ",us,",
        "types": ",cap,impact-text,origin,phase-data,",
        "nst": 107,
        "dmin": null,
        "rms": 0.88,
        "gap": 46,
        "magType": "mb",
        "type": "earthquake",
        "title": "M 5.3 - Nicobar Islands, India region"
      },
      "geometry": {
        "type": "Point",
        "coordinates": [
          91.246,
          9.379,
          30.5
        ]
      },
      "id": "usc000i0ki"
    },
    {
      "type": "Feature",
      "properties": {
        "mag": 5.1,
        "place": "292 km SSW of Laojunmiao, China",
        "time": 1370393016490,
        "updated": 1651594904541,
        "tz": null,
        "url": "https://earthquake.usgs.gov/earthquakes/eventpage/usb000hdu8",
        "detail": "https://earthquake.usgs.gov/fdsnws/event/1/query?eventid=usb000hdu8&format=geojson",
        "felt": null,
        "cdi": null,
        "mmi": 3.99,
        "alert": "green",
        "status": "reviewed",
        "tsunami": 0,
        "sig": 400,
        "net": "us",
        "code": "b000hdu8",
        "ids": ",usb000hdu8,iscgem603051424,",
        "sources": ",us,iscgem,",
        "types": ",cap,impact-text,losspager,moment-tensor,origin,phase-data,scitech-link,shakemap,",
        "nst": 100,
        "dmin": null,
        "rms": 0.74,
        "gap": 30,
        "magType": "mwb",
        "type": "earthquake",
        "title": "M 5.1 - 292 km SSW of Laojunmiao, China"
      },
      "geometry": {
        "type": "Point",
        "coordinates": [
          95.931,
          37.604,
          9
        ]
      },
      "id": "usb000hdu8"
    },
    {
      "type": "Feature",
      "properties": {
        "mag": 5.2,
        "place": "275 km NNE of Saga, China",
        "time": 1368675256800,
        "updated": 1651594710786,
        "tz": null,
        "url": "https://earthquake.usgs.gov/earthquakes/eventpage/usp000k0qg",
        "detail": "https://earthquake.usgs.gov/fdsnws/event/1/query?eventid=usp000k0qg&format=geojson",
        "felt": null,
        "cdi": null,
        "mmi": null,
        "alert": null,
        "status": "reviewed",
        "tsunami": 0,
        "sig": 416,
        "net": "us",
        "code": "p000k0qg",
        "ids": ",usp000k0qg,iscgem602955175,",
        "sources": ",us,iscgem,",
        "types": ",impact-text,origin,phase-data,",
        "nst": 119,
        "dmin": null,
        "rms": 1.22,
        "gap": 28,
        "magType": "mb",
        "type": "earthquake",
        "title": "M 5.2 - 275 km NNE of Saga, China"
      },
      "geometry": {
        "type": "Point",
        "coordinates": [
          86.604,
          31.504,
          25.3
        ]
      },
      "id": "usp000k0qg"
    },
    {
      "type": "Feature",
      "properties": {
        "mag": 5.1,
        "place": "266 km NNE of Saga, China",
        "time": 1368615268740,
        "updated": 1651594703770,
        "tz": null,
        "url": "https://earthquake.usgs.gov/earthquakes/eventpage/usc000gx7a",
        "detail": "https://earthquake.usgs.gov/fdsnws/event/1/query?eventid=usc000gx7a&format=geojson",
        "felt": null,
        "cdi": null,
        "mmi": null,
        "alert": null,
        "status": "reviewed",
        "tsunami": 0,
        "sig": 400,
        "net": "us",
        "code": "c000gx7a",
        "ids": ",usc000gx7a,iscgem602953194,",
        "sources": ",us,iscgem,",
        "types": ",cap,impact-text,origin,phase-data,",
        "nst": 171,
        "dmin": null,
        "rms": 0.69,
        "gap": 35,
        "magType": "mb",
        "type": "earthquake",
        "title": "M 5.1 - 266 km NNE of Saga, China"
      },
      "geometry": {
        "type": "Point",
        "coordinates": [
          86.589,
          31.414,
          27.5
        ]
      },
      "id": "usc000gx7a"
    },
    {
      "type": "Feature",
      "properties": {
        "mag": 5.7,
        "place": "16 km ENE of Bhadarw?h, India",
        "time": 1367391433480,
        "updated": 1658711068396,
        "tz": null,
        "url": "https://earthquake.usgs.gov/earthquakes/eventpage/usb000gjhz",
        "detail": "https://earthquake.usgs.gov/fdsnws/event/1/query?eventid=usb000gjhz&format=geojson",
        "felt": 79,
        "cdi": 5.3,
        "mmi": 5.834,
        "alert": "yellow",
        "status": "reviewed",
        "tsunami": 0,
        "sig": 692,
        "net": "us",
        "code": "b000gjhz",
        "ids": ",usb000gjhz,iscgem602926449,atlas20130501065712,",
        "sources": ",us,iscgem,atlas,",
        "types": ",cap,dyfi,impact-text,losspager,moment-tensor,origin,phase-data,scitech-link,shakemap,trump-shakemap,",
        "nst": 137,
        "dmin": null,
        "rms": 1.11,
        "gap": 25,
        "magType": "mww",
        "type": "earthquake",
        "title": "M 5.7 - 16 km ENE of Bhadarw?h, India"
      },
      "geometry": {
        "type": "Point",
        "coordinates": [
          75.863,
          33.061,
          15
        ]
      },
      "id": "usb000gjhz"
    },
    {
      "type": "Feature",
      "properties": {
        "mag": 5.5,
        "place": "16 km S of Mehtar L?m, Afghanistan",
        "time": 1366795530040,
        "updated": 1658709031616,
        "tz": null,
        "url": "https://earthquake.usgs.gov/earthquakes/eventpage/usb000geu9",
        "detail": "https://earthquake.usgs.gov/fdsnws/event/1/query?eventid=usb000geu9&format=geojson",
        "felt": 115,
        "cdi": 5.5,
        "mmi": 4.507,
        "alert": "green",
        "status": "reviewed",
        "tsunami": 0,
        "sig": 529,
        "net": "us",
        "code": "b000geu9",
        "ids": ",usb000geu9,iscgem602880349,atlas20130424092530,",
        "sources": ",us,iscgem,atlas,",
        "types": ",cap,dyfi,impact-text,losspager,moment-tensor,origin,phase-data,scitech-link,shakemap,",
        "nst": 303,
        "dmin": null,
        "rms": 0.89,
        "gap": 20,
        "magType": "mww",
        "type": "earthquake",
        "title": "M 5.5 - 16 km S of Mehtar L?m, Afghanistan"
      },
      "geometry": {
        "type": "Point",
        "coordinates": [
          70.22,
          34.526,
          63.8
        ]
      },
      "id": "usb000geu9"
    },
    {
      "type": "Feature",
      "properties": {
        "mag": 5.2,
        "place": "Arunachal Pradesh, India",
        "time": 1366101254090,
        "updated": 1415325034430,
        "tz": null,
        "url": "https://earthquake.usgs.gov/earthquakes/eventpage/usb000g7uy",
        "detail": "https://earthquake.usgs.gov/fdsnws/event/1/query?eventid=usb000g7uy&format=geojson",
        "felt": null,
        "cdi": null,
        "mmi": null,
        "alert": null,
        "status": "reviewed",
        "tsunami": 0,
        "sig": 416,
        "net": "us",
        "code": "b000g7uy",
        "ids": ",usb000g7uy,",
        "sources": ",us,",
        "types": ",cap,impact-text,origin,phase-data,",
        "nst": 230,
        "dmin": null,
        "rms": 0.57,
        "gap": 15,
        "magType": "mb",
        "type": "earthquake",
        "title": "M 5.2 - Arunachal Pradesh, India"
      },
      "geometry": {
        "type": "Point",
        "coordinates": [
          95.15,
          28.887,
          39.5
        ]
      },
      "id": "usb000g7uy"
    },
    {
      "type": "Feature",
      "properties": {
        "mag": 5.5,
        "place": "44 km ESE of Myaydo, Myanmar",
        "time": 1365652022930,
        "updated": 1651594439456,
        "tz": null,
        "url": "https://earthquake.usgs.gov/earthquakes/eventpage/usb000g4nw",
        "detail": "https://earthquake.usgs.gov/fdsnws/event/1/query?eventid=usb000g4nw&format=geojson",
        "felt": null,
        "cdi": null,
        "mmi": 6.461,
        "alert": null,
        "status": "reviewed",
        "tsunami": 0,
        "sig": 465,
        "net": "us",
        "code": "b000g4nw",
        "ids": ",usb000g4nw,iscgem602780329,",
        "sources": ",us,iscgem,",
        "types": ",cap,impact-text,origin,phase-data,shakemap,",
        "nst": 325,
        "dmin": null,
        "rms": 0.89,
        "gap": 23,
        "magType": "mb",
        "type": "earthquake",
        "title": "M 5.5 - 44 km ESE of Myaydo, Myanmar"
      },
      "geometry": {
        "type": "Point",
        "coordinates": [
          95.623,
          19.258,
          9.9
        ]
      },
      "id": "usb000g4nw"
    },
    {
      "type": "Feature",
      "properties": {
        "mag": 5.4,
        "place": "26 km SSW of Ashk?sham, Afghanistan",
        "time": 1365202501600,
        "updated": 1766421522389,
        "tz": null,
        "url": "https://earthquake.usgs.gov/earthquakes/eventpage/usb000g112",
        "detail": "https://earthquake.usgs.gov/fdsnws/event/1/query?eventid=usb000g112&format=geojson",
        "felt": 8,
        "cdi": 3.4,
        "mmi": 4.27,
        "alert": "green",
        "status": "reviewed",
        "tsunami": 0,
        "sig": 451,
        "net": "us",
        "code": "b000g112",
        "ids": ",usb000g112,iscgem602761438,",
        "sources": ",us,iscgem,",
        "types": ",cap,dyfi,impact-text,losspager,origin,phase-data,shakemap,",
        "nst": 195,
        "dmin": null,
        "rms": 1,
        "gap": 20.6,
        "magType": "mb",
        "type": "earthquake",
        "title": "M 5.4 - 26 km SSW of Ashk?sham, Afghanistan"
      },
      "geometry": {
        "type": "Point",
        "coordinates": [
          71.457,
          36.454,
          103.9
        ]
      },
      "id": "usb000g112"
    },
    {
      "type": "Feature",
      "properties": {
        "mag": 5.1,
        "place": "57 km ESE of Myaydo, Myanmar",
        "time": 1365088586520,
        "updated": 1651594389798,
        "tz": null,
        "url": "https://earthquake.usgs.gov/earthquakes/eventpage/usb000fzn7",
        "detail": "https://earthquake.usgs.gov/fdsnws/event/1/query?eventid=usb000fzn7&format=geojson",
        "felt": null,
        "cdi": null,
        "mmi": 4.27,
        "alert": "green",
        "status": "reviewed",
        "tsunami": 0,
        "sig": 400,
        "net": "us",
        "code": "b000fzn7",
        "ids": ",usb000fzn7,iscgem602759922,",
        "sources": ",us,iscgem,",
        "types": ",cap,impact-text,losspager,moment-tensor,origin,phase-data,shakemap,",
        "nst": 338,
        "dmin": null,
        "rms": 1.07,
        "gap": 19,
        "magType": "mwc",
        "type": "earthquake",
        "title": "M 5.1 - 57 km ESE of Myaydo, Myanmar"
      },
      "geometry": {
        "type": "Point",
        "coordinates": [
          95.745,
          19.247,
          10.7
        ]
      },
      "id": "usb000fzn7"
    },
    {
      "type": "Feature",
      "properties": {
        "mag": 5.3,
        "place": "49 km SW of Ashk?sham, Afghanistan",
        "time": 1365057092040,
        "updated": 1766421518609,
        "tz": null,
        "url": "https://earthquake.usgs.gov/earthquakes/eventpage/usb000fzik",
        "detail": "https://earthquake.usgs.gov/fdsnws/event/1/query?eventid=usb000fzik&format=geojson",
        "felt": 26,
        "cdi": 3.6,
        "mmi": null,
        "alert": null,
        "status": "reviewed",
        "tsunami": 0,
        "sig": 442,
        "net": "us",
        "code": "b000fzik",
        "ids": ",usb000fzik,iscgem602759434,",
        "sources": ",us,iscgem,",
        "types": ",cap,dyfi,impact-text,moment-tensor,origin,phase-data,scitech-link,",
        "nst": 316,
        "dmin": null,
        "rms": 0.72,
        "gap": 15,
        "magType": "mwb",
        "type": "earthquake",
        "title": "M 5.3 - 49 km SW of Ashk?sham, Afghanistan"
      },
      "geometry": {
        "type": "Point",
        "coordinates": [
          71.106,
          36.403,
          239.5
        ]
      },
      "id": "usb000fzik"
    },
    {
      "type": "Feature",
      "properties": {
        "mag": 5.4,
        "place": "48 km ESE of Myaydo, Myanmar",
        "time": 1365006945110,
        "updated": 1658701148131,
        "tz": null,
        "url": "https://earthquake.usgs.gov/earthquakes/eventpage/usb000fz1t",
        "detail": "https://earthquake.usgs.gov/fdsnws/event/1/query?eventid=usb000fz1t&format=geojson",
        "felt": 3,
        "cdi": 4.1,
        "mmi": 6.586,
        "alert": "green",
        "status": "reviewed",
        "tsunami": 0,
        "sig": 450,
        "net": "us",
        "code": "b000fz1t",
        "ids": ",usb000fz1t,iscgem602759903,atlas20130403163545,",
        "sources": ",us,iscgem,atlas,",
        "types": ",cap,dyfi,focal-mechanism,impact-text,losspager,moment-tensor,origin,phase-data,scitech-link,shakemap,",
        "nst": 388,
        "dmin": null,
        "rms": 0.74,
        "gap": 19.9,
        "magType": "mww",
        "type": "earthquake",
        "title": "M 5.4 - 48 km ESE of Myaydo, Myanmar"
      },
      "geometry": {
        "type": "Point",
        "coordinates": [
          95.646,
          19.223,
          6
        ]
      },
      "id": "usb000fz1t"
    },
    {
      "type": "Feature",
      "properties": {
        "mag": 5,
        "place": "57 km E of Dailekh, Nepal",
        "time": 1362588586540,
        "updated": 1651594220140,
        "tz": null,
        "url": "https://earthquake.usgs.gov/earthquakes/eventpage/us2013mka1",
        "detail": "https://earthquake.usgs.gov/fdsnws/event/1/query?eventid=us2013mka1&format=geojson",
        "felt": null,
        "cdi": null,
        "mmi": null,
        "alert": null,
        "status": "reviewed",
        "tsunami": 0,
        "sig": 385,
        "net": "us",
        "code": "2013mka1",
        "ids": ",us2013mka1,iscgem602579435,",
        "sources": ",us,iscgem,",
        "types": ",cap,impact-text,origin,phase-data,",
        "nst": 135,
        "dmin": null,
        "rms": 0.89,
        "gap": 70.8,
        "magType": "mb",
        "type": "earthquake",
        "title": "M 5.0 - 57 km E of Dailekh, Nepal"
      },
      "geometry": {
        "type": "Point",
        "coordinates": [
          82.294,
          28.758,
          10
        ]
      },
      "id": "us2013mka1"
    },
    {
      "type": "Feature",
      "properties": {
        "mag": 5.2,
        "place": "25 km SSW of Kar?mganj, India",
        "time": 1362187838630,
        "updated": 1658691033038,
        "tz": null,
        "url": "https://earthquake.usgs.gov/earthquakes/eventpage/usc000ff4h",
        "detail": "https://earthquake.usgs.gov/fdsnws/event/1/query?eventid=usc000ff4h&format=geojson",
        "felt": 12,
        "cdi": 6,
        "mmi": 3.92,
        "alert": "green",
        "status": "reviewed",
        "tsunami": 0,
        "sig": 423,
        "net": "us",
        "code": "c000ff4h",
        "ids": ",usc000ff4h,iscgem602566760,",
        "sources": ",us,iscgem,",
        "types": ",cap,dyfi,impact-text,losspager,moment-tensor,origin,phase-data,scitech-link,shakemap,",
        "nst": 268,
        "dmin": null,
        "rms": 0.63,
        "gap": 18.8,
        "magType": "mwb",
        "type": "earthquake",
        "title": "M 5.2 - 25 km SSW of Kar?mganj, India"
      },
      "geometry": {
        "type": "Point",
        "coordinates": [
          92.222,
          24.677,
          38.7
        ]
      },
      "id": "usc000ff4h"
    },
    {
      "type": "Feature",
      "properties": {
        "mag": 5.4,
        "place": "western Xizang",
        "time": 1361769067520,
        "updated": 1651594056990,
        "tz": null,
        "url": "https://earthquake.usgs.gov/earthquakes/eventpage/usc000fd4k",
        "detail": "https://earthquake.usgs.gov/fdsnws/event/1/query?eventid=usc000fd4k&format=geojson",
        "felt": null,
        "cdi": null,
        "mmi": null,
        "alert": null,
        "status": "reviewed",
        "tsunami": 0,
        "sig": 449,
        "net": "us",
        "code": "c000fd4k",
        "ids": ",usc000fd4k,iscgem602550749,",
        "sources": ",us,iscgem,",
        "types": ",impact-text,moment-tensor,origin,phase-data,scitech-link,",
        "nst": 139,
        "dmin": null,
        "rms": 0.86,
        "gap": 29.9,
        "magType": "mwb",
        "type": "earthquake",
        "title": "M 5.4 - western Xizang"
      },
      "geometry": {
        "type": "Point",
        "coordinates": [
          85.651,
          34.292,
          10
        ]
      },
      "id": "usc000fd4k"
    },
    {
      "type": "Feature",
      "properties": {
        "mag": 5.2,
        "place": "294 km ENE of Nagqu, China",
        "time": 1359538023700,
        "updated": 1651593858962,
        "tz": null,
        "url": "https://earthquake.usgs.gov/earthquakes/eventpage/usc000ey8j",
        "detail": "https://earthquake.usgs.gov/fdsnws/event/1/query?eventid=usc000ey8j&format=geojson",
        "felt": null,
        "cdi": null,
        "mmi": null,
        "alert": null,
        "status": "reviewed",
        "tsunami": 0,
        "sig": 416,
        "net": "us",
        "code": "c000ey8j",
        "ids": ",usc000ey8j,iscgem602360174,",
        "sources": ",us,iscgem,",
        "types": ",cap,impact-text,origin,phase-data,",
        "nst": 164,
        "dmin": null,
        "rms": 0.91,
        "gap": 20.8,
        "magType": "mb",
        "type": "earthquake",
        "title": "M 5.2 - 294 km ENE of Nagqu, China"
      },
      "geometry": {
        "type": "Point",
        "coordinates": [
          94.68,
          32.921,
          21.5
        ]
      },
      "id": "usc000ey8j"
    },
    {
      "type": "Feature",
      "properties": {
        "mag": 5.2,
        "place": "26 km NNE of Baghl?n, Afghanistan",
        "time": 1358867362850,
        "updated": 1651593833632,
        "tz": null,
        "url": "https://earthquake.usgs.gov/earthquakes/eventpage/usp000jyqe",
        "detail": "https://earthquake.usgs.gov/fdsnws/event/1/query?eventid=usp000jyqe&format=geojson",
        "felt": 29,
        "cdi": 3.8,
        "mmi": null,
        "alert": null,
        "status": "reviewed",
        "tsunami": 0,
        "sig": 427,
        "net": "us",
        "code": "p000jyqe",
        "ids": ",usb000esq0,usp000jyqe,iscgem602344886,",
        "sources": ",us,us,iscgem,",
        "types": ",associate,dyfi,impact-text,origin,phase-data,",
        "nst": 185,
        "dmin": null,
        "rms": 0.92,
        "gap": 24.4,
        "magType": "mb",
        "type": "earthquake",
        "title": "M 5.2 - 26 km NNE of Baghl?n, Afghanistan"
      },
      "geometry": {
        "type": "Point",
        "coordinates": [
          68.847,
          36.339,
          51.5
        ]
      },
      "id": "usp000jyqe"
    },
    {
      "type": "Feature",
      "properties": {
        "mag": 5,
        "place": "65 km NW of Jumla, Nepal",
        "time": 1357717457110,
        "updated": 1651593785847,
        "tz": null,
        "url": "https://earthquake.usgs.gov/earthquakes/eventpage/usp000jy41",
        "detail": "https://earthquake.usgs.gov/fdsnws/event/1/query?eventid=usp000jy41&format=geojson",
        "felt": null,
        "cdi": null,
        "mmi": null,
        "alert": null,
        "status": "reviewed",
        "tsunami": 0,
        "sig": 385,
        "net": "us",
        "code": "p000jy41",
        "ids": ",usp000jy41,iscgem602216713,",
        "sources": ",us,iscgem,",
        "types": ",impact-text,origin,phase-data,",
        "nst": 195,
        "dmin": null,
        "rms": 0.98,
        "gap": 33.9,
        "magType": "mb",
        "type": "earthquake",
        "title": "M 5.0 - 65 km NW of Jumla, Nepal"
      },
      "geometry": {
        "type": "Point",
        "coordinates": [
          81.711,
          29.694,
          15.3
        ]
      },
      "id": "usp000jy41"
    },
    {
      "type": "Feature",
      "properties": {
        "mag": 5.8,
        "place": "66 km SE of Phek, India",
        "time": 1357695713260,
        "updated": 1718657742290,
        "tz": null,
        "url": "https://earthquake.usgs.gov/earthquakes/eventpage/usp000jy3c",
        "detail": "https://earthquake.usgs.gov/fdsnws/event/1/query?eventid=usp000jy3c&format=geojson",
        "felt": 25,
        "cdi": 4.6,
        "mmi": 4.33,
        "alert": null,
        "status": "reviewed",
        "tsunami": 0,
        "sig": 529,
        "net": "us",
        "code": "p000jy3c",
        "ids": ",usc000elmf,usp000jy3c,choy20130109014153,iscgem602264460,",
        "sources": ",us,us,choy,iscgem,",
        "types": ",associate,dyfi,focal-mechanism,impact-text,moment-tensor,origin,phase-data,shakemap,",
        "nst": 482,
        "dmin": null,
        "rms": 0.99,
        "gap": 14.7,
        "magType": "mww",
        "type": "earthquake",
        "title": "M 5.8 - 66 km SE of Phek, India"
      },
      "geometry": {
        "type": "Point",
        "coordinates": [
          95.048,
          25.329,
          93
        ]
      },
      "id": "usp000jy3c"
    },
    {
      "type": "Feature",
      "properties": {
        "mag": 5.5,
        "place": "43 km NW of P?r?n, Afghanistan",
        "time": 1356803452840,
        "updated": 1705525638909,
        "tz": null,
        "url": "https://earthquake.usgs.gov/earthquakes/eventpage/usp000jxjw",
        "detail": "https://earthquake.usgs.gov/fdsnws/event/1/query?eventid=usp000jxjw&format=geojson",
        "felt": 156,
        "cdi": 4.3,
        "mmi": null,
        "alert": null,
        "status": "reviewed",
        "tsunami": 0,
        "sig": 532,
        "net": "us",
        "code": "p000jxjw",
        "ids": ",usc000ehgp,usp000jxjw,iscgem602065113,",
        "sources": ",us,us,iscgem,",
        "types": ",associate,dyfi,earthquake-name,impact-text,moment-tensor,origin,phase-data,",
        "nst": 361,
        "dmin": null,
        "rms": 0.82,
        "gap": 20.3,
        "magType": "mww",
        "type": "earthquake",
        "title": "M 5.5 - 43 km NW of P?r?n, Afghanistan"
      },
      "geometry": {
        "type": "Point",
        "coordinates": [
          70.599,
          35.711,
          117.4
        ]
      },
      "id": "usp000jxjw"
    },
    {
      "type": "Feature",
      "properties": {
        "mag": 5.5,
        "place": "51 km NW of Monywa, Myanmar",
        "time": 1356194505740,
        "updated": 1718657461060,
        "tz": null,
        "url": "https://earthquake.usgs.gov/earthquakes/eventpage/usp000jx9b",
        "detail": "https://earthquake.usgs.gov/fdsnws/event/1/query?eventid=usp000jx9b&format=geojson",
        "felt": 65,
        "cdi": 5,
        "mmi": 3.769,
        "alert": null,
        "status": "reviewed",
        "tsunami": 0,
        "sig": 498,
        "net": "us",
        "code": "p000jx9b",
        "ids": ",usc000eewi,usp000jx9b,iscgem602056587,",
        "sources": ",us,us,iscgem,",
        "types": ",associate,dyfi,impact-text,moment-tensor,origin,phase-data,shakemap,",
        "nst": 213,
        "dmin": null,
        "rms": 0.94,
        "gap": 19.6,
        "magType": "mww",
        "type": "earthquake",
        "title": "M 5.5 - 51 km NW of Monywa, Myanmar"
      },
      "geometry": {
        "type": "Point",
        "coordinates": [
          94.782,
          22.443,
          134.4
        ]
      },
      "id": "usp000jx9b"
    },
    {
      "type": "Feature",
      "properties": {
        "mag": 5.1,
        "place": "257 km NNE of Bamboo Flat, India",
        "time": 1353971632470,
        "updated": 1415324966694,
        "tz": null,
        "url": "https://earthquake.usgs.gov/earthquakes/eventpage/usp000jw44",
        "detail": "https://earthquake.usgs.gov/fdsnws/event/1/query?eventid=usp000jw44&format=geojson",
        "felt": null,
        "cdi": null,
        "mmi": null,
        "alert": null,
        "status": "reviewed",
        "tsunami": 0,
        "sig": 400,
        "net": "us",
        "code": "p000jw44",
        "ids": ",usp000jw44,",
        "sources": ",us,",
        "types": ",impact-text,origin,phase-data,",
        "nst": 133,
        "dmin": null,
        "rms": 0.81,
        "gap": 47.3,
        "magType": "mb",
        "type": "earthquake",
        "title": "M 5.1 - 257 km NNE of Bamboo Flat, India"
      },
      "geometry": {
        "type": "Point",
        "coordinates": [
          93.637,
          13.85,
          53.7
        ]
      },
      "id": "usp000jw44"
    },
    {
      "type": "Feature",
      "properties": {
        "mag": 5,
        "place": "43 km NE of Shwebo, Myanmar",
        "time": 1352831292810,
        "updated": 1415324962410,
        "tz": null,
        "url": "https://earthquake.usgs.gov/earthquakes/eventpage/usp000jvj3",
        "detail": "https://earthquake.usgs.gov/fdsnws/event/1/query?eventid=usp000jvj3&format=geojson",
        "felt": null,
        "cdi": null,
        "mmi": null,
        "alert": null,
        "status": "reviewed",
        "tsunami": 0,
        "sig": 385,
        "net": "us",
        "code": "p000jvj3",
        "ids": ",usp000jvj3,",
        "sources": ",us,",
        "types": ",impact-text,origin,phase-data,",
        "nst": 129,
        "dmin": null,
        "rms": 0.99,
        "gap": 36.1,
        "magType": "mb",
        "type": "earthquake",
        "title": "M 5.0 - 43 km NE of Shwebo, Myanmar"
      },
      "geometry": {
        "type": "Point",
        "coordinates": [
          95.943,
          22.895,
          10
        ]
      },
      "id": "usp000jvj3"
    },
    {
      "type": "Feature",
      "properties": {
        "mag": 5.5,
        "place": "64 km NNE of Shwebo, Myanmar",
        "time": 1352657985080,
        "updated": 1651593435367,
        "tz": null,
        "url": "https://earthquake.usgs.gov/earthquakes/eventpage/usp000jvd9",
        "detail": "https://earthquake.usgs.gov/fdsnws/event/1/query?eventid=usp000jvd9&format=geojson",
        "felt": null,
        "cdi": null,
        "mmi": 5.303,
        "alert": null,
        "status": "reviewed",
        "tsunami": 0,
        "sig": 465,
        "net": "us",
        "code": "p000jvd9",
        "ids": ",usp000jvd9,iscgem601885138,atlas20121111181942,",
        "sources": ",us,iscgem,atlas,",
        "types": ",impact-text,moment-tensor,origin,phase-data,shakemap,",
        "nst": 217,
        "dmin": null,
        "rms": 1.18,
        "gap": 19,
        "magType": "mww",
        "type": "earthquake",
        "title": "M 5.5 - 64 km NNE of Shwebo, Myanmar"
      },
      "geometry": {
        "type": "Point",
        "coordinates": [
          95.866,
          23.132,
          28.4
        ]
      },
      "id": "usp000jvd9"
    },
    {
      "type": "Feature",
      "properties": {
        "mag": 5.8,
        "place": "21 km NE of Shwebo, Myanmar",
        "time": 1352631281350,
        "updated": 1718656618275,
        "tz": null,
        "url": "https://earthquake.usgs.gov/earthquakes/eventpage/usp000jvcs",
        "detail": "https://earthquake.usgs.gov/fdsnws/event/1/query?eventid=usp000jvcs&format=geojson",
        "felt": 9,
        "cdi": 3.1,
        "mmi": 7.381,
        "alert": null,
        "status": "reviewed",
        "tsunami": 0,
        "sig": 520,
        "net": "us",
        "code": "p000jvcs",
        "ids": ",usp000jvcs,usc000dqvg,choy20121111105441,iscgem601883941,atlas20121111105441,",
        "sources": ",us,us,choy,iscgem,atlas,",
        "types": ",associate,dyfi,focal-mechanism,impact-text,moment-tensor,origin,phase-data,shakemap,",
        "nst": 279,
        "dmin": null,
        "rms": 0.95,
        "gap": 29,
        "magType": "mww",
        "type": "earthquake",
        "title": "M 5.8 - 21 km NE of Shwebo, Myanmar"
      },
      "geometry": {
        "type": "Point",
        "coordinates": [
          95.832,
          22.72,
          6
        ]
      },
      "id": "usp000jvcs"
    },
    {
      "type": "Feature",
      "properties": {
        "mag": 6.8,
        "place": "51 km NNE of Shwebo, Myanmar",
        "time": 1352596358870,
        "updated": 1651593430253,
        "tz": null,
        "url": "https://earthquake.usgs.gov/earthquakes/eventpage/usp000jvbq",
        "detail": "https://earthquake.usgs.gov/fdsnws/event/1/query?eventid=usp000jvbq&format=geojson",
        "felt": 126,
        "cdi": 6.6,
        "mmi": 5.523,
        "alert": null,
        "status": "reviewed",
        "tsunami": 0,
        "sig": 795,
        "net": "us",
        "code": "p000jvbq",
        "ids": ",usc000dqqw,choy20121111011238,usp000jvbq,iscgem601885134,atlas20121111011238,",
        "sources": ",us,choy,us,iscgem,atlas,",
        "types": ",associate,dyfi,focal-mechanism,impact-text,moment-tensor,origin,phase-data,shakemap,",
        "nst": 391,
        "dmin": null,
        "rms": 1.05,
        "gap": 13.7,
        "magType": "mww",
        "type": "earthquake",
        "title": "M 6.8 - 51 km NNE of Shwebo, Myanmar"
      },
      "geometry": {
        "type": "Point",
        "coordinates": [
          95.885,
          23.005,
          13.7
        ]
      },
      "id": "usp000jvbq"
    },
    {
      "type": "Feature",
      "properties": {
        "mag": 5,
        "place": "147 km S of Port Blair, India",
        "time": 1351393732410,
        "updated": 1415324949419,
        "tz": null,
        "url": "https://earthquake.usgs.gov/earthquakes/eventpage/usp000juj1",
        "detail": "https://earthquake.usgs.gov/fdsnws/event/1/query?eventid=usp000juj1&format=geojson",
        "felt": null,
        "cdi": null,
        "mmi": null,
        "alert": null,
        "status": "reviewed",
        "tsunami": 0,
        "sig": 385,
        "net": "us",
        "code": "p000juj1",
        "ids": ",usp000juj1,",
        "sources": ",us,",
        "types": ",impact-text,origin,phase-data,",
        "nst": 56,
        "dmin": null,
        "rms": 1.02,
        "gap": 54.4,
        "magType": "mb",
        "type": "earthquake",
        "title": "M 5.0 - 147 km S of Port Blair, India"
      },
      "geometry": {
        "type": "Point",
        "coordinates": [
          92.575,
          10.345,
          58.3
        ]
      },
      "id": "usp000juj1"
    },
    {
      "type": "Feature",
      "properties": {
        "mag": 5,
        "place": "12 km NW of Jaisinghnagar, India",
        "time": 1350527607970,
        "updated": 1718655737842,
        "tz": null,
        "url": "https://earthquake.usgs.gov/earthquakes/eventpage/usp000ju41",
        "detail": "https://earthquake.usgs.gov/fdsnws/event/1/query?eventid=usp000ju41&format=geojson",
        "felt": 9,
        "cdi": 4.8,
        "mmi": 6.284,
        "alert": null,
        "status": "reviewed",
        "tsunami": 0,
        "sig": 389,
        "net": "us",
        "code": "p000ju41",
        "ids": ",usp000ju41,usb000d83n,iscgem601838153,",
        "sources": ",us,us,iscgem,",
        "types": ",associate,dyfi,impact-text,origin,phase-data,shakemap,",
        "nst": 153,
        "dmin": null,
        "rms": 0.86,
        "gap": 39.7,
        "magType": "mb",
        "type": "earthquake",
        "title": "M 5.0 - 12 km NW of Jaisinghnagar, India"
      },
      "geometry": {
        "type": "Point",
        "coordinates": [
          81.314,
          23.769,
          10
        ]
      },
      "id": "usp000ju41"
    },
    {
      "type": "Feature",
      "properties": {
        "mag": 5,
        "place": "51 km ESE of Nahr?n, Afghanistan",
        "time": 1350344626580,
        "updated": 1415324945950,
        "tz": null,
        "url": "https://earthquake.usgs.gov/earthquakes/eventpage/usp000ju1c",
        "detail": "https://earthquake.usgs.gov/fdsnws/event/1/query?eventid=usp000ju1c&format=geojson",
        "felt": null,
        "cdi": null,
        "mmi": null,
        "alert": null,
        "status": "reviewed",
        "tsunami": 0,
        "sig": 385,
        "net": "us",
        "code": "p000ju1c",
        "ids": ",usp000ju1c,",
        "sources": ",us,",
        "types": ",impact-text,origin,phase-data,",
        "nst": 129,
        "dmin": null,
        "rms": 0.86,
        "gap": 42.7,
        "magType": "mb",
        "type": "earthquake",
        "title": "M 5.0 - 51 km ESE of Nahr?n, Afghanistan"
      },
      "geometry": {
        "type": "Point",
        "coordinates": [
          69.683,
          35.949,
          112.4
        ]
      },
      "id": "usp000ju1c"
    },
    {
      "type": "Feature",
      "properties": {
        "mag": 5.1,
        "place": "13 km NNE of Nahr?n, Afghanistan",
        "time": 1350220648570,
        "updated": 1651593153439,
        "tz": null,
        "url": "https://earthquake.usgs.gov/earthquakes/eventpage/usp000jtzf",
        "detail": "https://earthquake.usgs.gov/fdsnws/event/1/query?eventid=usp000jtzf&format=geojson",
        "felt": null,
        "cdi": null,
        "mmi": null,
        "alert": null,
        "status": "reviewed",
        "tsunami": 0,
        "sig": 400,
        "net": "us",
        "code": "p000jtzf",
        "ids": ",usp000jtzf,iscgem601833206,",
        "sources": ",us,iscgem,",
        "types": ",impact-text,origin,phase-data,",
        "nst": 143,
        "dmin": null,
        "rms": 0.83,
        "gap": 35,
        "magType": "mb",
        "type": "earthquake",
        "title": "M 5.1 - 13 km NNE of Nahr?n, Afghanistan"
      },
      "geometry": {
        "type": "Point",
        "coordinates": [
          69.216,
          36.167,
          50.2
        ]
      },
      "id": "usp000jtzf"
    },
    {
      "type": "Feature",
      "properties": {
        "mag": 5.2,
        "place": "15 km ENE of Rang?p?ra, India",
        "time": 1349203058700,
        "updated": 1427160788698,
        "tz": null,
        "url": "https://earthquake.usgs.gov/earthquakes/eventpage/usp000jte2",
        "detail": "https://earthquake.usgs.gov/fdsnws/event/1/query?eventid=usp000jte2&format=geojson",
        "felt": 31,
        "cdi": 5.1,
        "mmi": null,
        "alert": null,
        "status": "reviewed",
        "tsunami": 0,
        "sig": 432,
        "net": "us",
        "code": "p000jte2",
        "ids": ",usp000jte2,usc000czqj,",
        "sources": ",us,us,",
        "types": ",associate,dyfi,impact-text,origin,phase-data,",
        "nst": 258,
        "dmin": null,
        "rms": 0.84,
        "gap": 22.5,
        "magType": "mb",
        "type": "earthquake",
        "title": "M 5.2 - 15 km ENE of Rang?p?ra, India"
      },
      "geometry": {
        "type": "Point",
        "coordinates": [
          92.818,
          26.879,
          36.8
        ]
      },
      "id": "usp000jte2"
    },
    {
      "type": "Feature",
      "properties": {
        "mag": 5.3,
        "place": "281 km W of Sabang, Indonesia",
        "time": 1348917872650,
        "updated": 1766421203286,
        "tz": null,
        "url": "https://earthquake.usgs.gov/earthquakes/eventpage/usp000jt86",
        "detail": "https://earthquake.usgs.gov/fdsnws/event/1/query?eventid=usp000jt86&format=geojson",
        "felt": null,
        "cdi": null,
        "mmi": null,
        "alert": null,
        "status": "reviewed",
        "tsunami": 0,
        "sig": 432,
        "net": "us",
        "code": "p000jt86",
        "ids": ",usp000jt86,iscgem601767286,",
        "sources": ",us,iscgem,",
        "types": ",impact-text,origin,phase-data,",
        "nst": 203,
        "dmin": null,
        "rms": 0.78,
        "gap": 40.1,
        "magType": "mb",
        "type": "earthquake",
        "title": "M 5.3 - 281 km W of Sabang, Indonesia"
      },
      "geometry": {
        "type": "Point",
        "coordinates": [
          92.78,
          6.107,
          23.2
        ]
      },
      "id": "usp000jt86"
    },
    {
      "type": "Feature",
      "properties": {
        "mag": 5.2,
        "place": "24 km NNE of Nahr?n, Afghanistan",
        "time": 1348561980730,
        "updated": 1651593044343,
        "tz": null,
        "url": "https://earthquake.usgs.gov/earthquakes/eventpage/usp000jsy0",
        "detail": "https://earthquake.usgs.gov/fdsnws/event/1/query?eventid=usp000jsy0&format=geojson",
        "felt": 10,
        "cdi": 3.4,
        "mmi": null,
        "alert": null,
        "status": "reviewed",
        "tsunami": 0,
        "sig": 419,
        "net": "us",
        "code": "p000jsy0",
        "ids": ",usp000jsy0,usc000cvfb,iscgem601739374,",
        "sources": ",us,us,iscgem,",
        "types": ",associate,dyfi,impact-text,origin,phase-data,",
        "nst": 209,
        "dmin": null,
        "rms": 0.89,
        "gap": 24.5,
        "magType": "mb",
        "type": "earthquake",
        "title": "M 5.2 - 24 km NNE of Nahr?n, Afghanistan"
      },
      "geometry": {
        "type": "Point",
        "coordinates": [
          69.211,
          36.277,
          30.3
        ]
      },
      "id": "usp000jsy0"
    },
    {
      "type": "Feature",
      "properties": {
        "mag": 5.1,
        "place": "8 km W of Ashk?sham, Afghanistan",
        "time": 1347478196180,
        "updated": 1766421178075,
        "tz": null,
        "url": "https://earthquake.usgs.gov/earthquakes/eventpage/usp000js7t",
        "detail": "https://earthquake.usgs.gov/fdsnws/event/1/query?eventid=usp000js7t&format=geojson",
        "felt": 6,
        "cdi": 3.4,
        "mmi": null,
        "alert": null,
        "status": "reviewed",
        "tsunami": 0,
        "sig": 402,
        "net": "us",
        "code": "p000js7t",
        "ids": ",usc000cmah,usp000js7t,iscgem601712521,",
        "sources": ",us,us,iscgem,",
        "types": ",associate,dyfi,impact-text,origin,phase-data,",
        "nst": 223,
        "dmin": null,
        "rms": 1,
        "gap": 30,
        "magType": "mb",
        "type": "earthquake",
        "title": "M 5.1 - 8 km W of Ashk?sham, Afghanistan"
      },
      "geometry": {
        "type": "Point",
        "coordinates": [
          71.442,
          36.697,
          192.4
        ]
      },
      "id": "usp000js7t"
    },
    {
      "type": "Feature",
      "properties": {
        "mag": 5.2,
        "place": "163 km SE of Port Blair, India",
        "time": 1347287742810,
        "updated": 1766421170471,
        "tz": null,
        "url": "https://earthquake.usgs.gov/earthquakes/eventpage/usp000js3m",
        "detail": "https://earthquake.usgs.gov/fdsnws/event/1/query?eventid=usp000js3m&format=geojson",
        "felt": null,
        "cdi": null,
        "mmi": null,
        "alert": null,
        "status": "reviewed",
        "tsunami": 0,
        "sig": 416,
        "net": "us",
        "code": "p000js3m",
        "ids": ",usp000js3m,iscgem601699601,",
        "sources": ",us,iscgem,",
        "types": ",impact-text,origin,phase-data,",
        "nst": 219,
        "dmin": null,
        "rms": 0.72,
        "gap": 23.2,
        "magType": "mb",
        "type": "earthquake",
        "title": "M 5.2 - 163 km SE of Port Blair, India"
      },
      "geometry": {
        "type": "Point",
        "coordinates": [
          93.616,
          10.459,
          38.7
        ]
      },
      "id": "usp000js3m"
    },
    {
      "type": "Feature",
      "properties": {
        "mag": 5.2,
        "place": "161 km S of Port Blair, India",
        "time": 1346069123410,
        "updated": 1415324918215,
        "tz": null,
        "url": "https://earthquake.usgs.gov/earthquakes/eventpage/usp000jqwz",
        "detail": "https://earthquake.usgs.gov/fdsnws/event/1/query?eventid=usp000jqwz&format=geojson",
        "felt": null,
        "cdi": null,
        "mmi": null,
        "alert": null,
        "status": "reviewed",
        "tsunami": 0,
        "sig": 416,
        "net": "us",
        "code": "p000jqwz",
        "ids": ",usp000jqwz,",
        "sources": ",us,",
        "types": ",impact-text,origin,phase-data,",
        "nst": 186,
        "dmin": null,
        "rms": 0.86,
        "gap": 38.3,
        "magType": "mb",
        "type": "earthquake",
        "title": "M 5.2 - 161 km S of Port Blair, India"
      },
      "geometry": {
        "type": "Point",
        "coordinates": [
          92.802,
          10.21,
          57.6
        ]
      },
      "id": "usp000jqwz"
    },
    {
      "type": "Feature",
      "properties": {
        "mag": 5,
        "place": "37 km NE of Besisahar, Nepal",
        "time": 1345739421790,
        "updated": 1651592842205,
        "tz": null,
        "url": "https://earthquake.usgs.gov/earthquakes/eventpage/usp000jqn6",
        "detail": "https://earthquake.usgs.gov/fdsnws/event/1/query?eventid=usp000jqn6&format=geojson",
        "felt": 12,
        "cdi": 4.5,
        "mmi": null,
        "alert": null,
        "status": "reviewed",
        "tsunami": 0,
        "sig": 390,
        "net": "us",
        "code": "p000jqn6",
        "ids": ",usp000jqn6,usc000c5jj,iscgem601614687,",
        "sources": ",us,us,iscgem,",
        "types": ",associate,dyfi,impact-text,origin,phase-data,",
        "nst": 249,
        "dmin": null,
        "rms": 0.91,
        "gap": 26.1,
        "magType": "mb",
        "type": "earthquake",
        "title": "M 5.0 - 37 km NE of Besisahar, Nepal"
      },
      "geometry": {
        "type": "Point",
        "coordinates": [
          82.69,
          28.47,
          28.4
        ]
      },
      "id": "usp000jqn6"
    },
    {
      "type": "Feature",
      "properties": {
        "mag": 5.4,
        "place": "55 km NNE of Muzaffar?b?d, Pakistan",
        "time": 1344889979280,
        "updated": 1651592768944,
        "tz": null,
        "url": "https://earthquake.usgs.gov/earthquakes/eventpage/usp000jq94",
        "detail": "https://earthquake.usgs.gov/fdsnws/event/1/query?eventid=usp000jq94&format=geojson",
        "felt": 6,
        "cdi": 3.3,
        "mmi": null,
        "alert": null,
        "status": "reviewed",
        "tsunami": 0,
        "sig": 451,
        "net": "us",
        "code": "p000jq94",
        "ids": ",usp000jq94,usb000bw3l,iscgem601556030,",
        "sources": ",us,us,iscgem,",
        "types": ",associate,dyfi,impact-text,origin,phase-data,",
        "nst": 320,
        "dmin": null,
        "rms": 0.89,
        "gap": 29.5,
        "magType": "mb",
        "type": "earthquake",
        "title": "M 5.4 - 55 km NNE of Muzaffar?b?d, Pakistan"
      },
      "geometry": {
        "type": "Point",
        "coordinates": [
          73.663,
          34.849,
          27.5
        ]
      },
      "id": "usp000jq94"
    },
    {
      "type": "Feature",
      "properties": {
        "mag": 6.2,
        "place": "281 km SE of Hotan, China",
        "time": 1344768426450,
        "updated": 1718654148504,
        "tz": null,
        "url": "https://earthquake.usgs.gov/earthquakes/eventpage/usp000jq7p",
        "detail": "https://earthquake.usgs.gov/fdsnws/event/1/query?eventid=usp000jq7p&format=geojson",
        "felt": 4,
        "cdi": 5.3,
        "mmi": 7.139,
        "alert": null,
        "status": "reviewed",
        "tsunami": 0,
        "sig": 594,
        "net": "us",
        "code": "p000jq7p",
        "ids": ",usb000bv81,usp000jq7p,choy20120812104706,iscgem601554362,atlas20120812104706,",
        "sources": ",us,us,choy,iscgem,atlas,",
        "types": ",associate,dyfi,focal-mechanism,impact-text,moment-tensor,origin,phase-data,shakemap,",
        "nst": 471,
        "dmin": null,
        "rms": 0.86,
        "gap": 14.5,
        "magType": "mww",
        "type": "earthquake",
        "title": "M 6.2 - 281 km SE of Hotan, China"
      },
      "geometry": {
        "type": "Point",
        "coordinates": [
          82.518,
          35.661,
          13
        ]
      },
      "id": "usp000jq7p"
    },
    {
      "type": "Feature",
      "properties": {
        "mag": 5,
        "place": "207 km NNE of Shi Yomi, India",
        "time": 1344175830330,
        "updated": 1651592729604,
        "tz": null,
        "url": "https://earthquake.usgs.gov/earthquakes/eventpage/usp000jpxf",
        "detail": "https://earthquake.usgs.gov/fdsnws/event/1/query?eventid=usp000jpxf&format=geojson",
        "felt": null,
        "cdi": null,
        "mmi": null,
        "alert": null,
        "status": "reviewed",
        "tsunami": 0,
        "sig": 385,
        "net": "us",
        "code": "p000jpxf",
        "ids": ",usp000jpxf,iscgem601518347,",
        "sources": ",us,iscgem,",
        "types": ",impact-text,origin,phase-data,",
        "nst": 121,
        "dmin": null,
        "rms": 0.78,
        "gap": 51.1,
        "magType": "mb",
        "type": "earthquake",
        "title": "M 5.0 - 207 km NNE of Shi Yomi, India"
      },
      "geometry": {
        "type": "Point",
        "coordinates": [
          94.849,
          30.352,
          24.1
        ]
      },
      "id": "usp000jpxf"
    },
    {
      "type": "Feature",
      "properties": {
        "mag": 5.1,
        "place": "49 km WSW of Sarupathar, India",
        "time": 1343934372700,
        "updated": 1651592701044,
        "tz": null,
        "url": "https://earthquake.usgs.gov/earthquakes/eventpage/usp000jpsz",
        "detail": "https://earthquake.usgs.gov/fdsnws/event/1/query?eventid=usp000jpsz&format=geojson",
        "felt": null,
        "cdi": null,
        "mmi": null,
        "alert": null,
        "status": "reviewed",
        "tsunami": 0,
        "sig": 400,
        "net": "us",
        "code": "p000jpsz",
        "ids": ",usp000jpsz,iscgem601513193,",
        "sources": ",us,iscgem,",
        "types": ",impact-text,origin,phase-data,",
        "nst": 164,
        "dmin": null,
        "rms": 1.02,
        "gap": 61.2,
        "magType": "mb",
        "type": "earthquake",
        "title": "M 5.1 - 49 km WSW of Sarupathar, India"
      },
      "geometry": {
        "type": "Point",
        "coordinates": [
          96.324,
          26.103,
          55.6
        ]
      },
      "id": "usp000jpsz"
    },
    {
      "type": "Feature",
      "properties": {
        "mag": 5.7,
        "place": "63 km E of Falam, Myanmar",
        "time": 1343528472600,
        "updated": 1718653945433,
        "tz": null,
        "url": "https://earthquake.usgs.gov/earthquakes/eventpage/usp000jpkd",
        "detail": "https://earthquake.usgs.gov/fdsnws/event/1/query?eventid=usp000jpkd&format=geojson",
        "felt": 23,
        "cdi": 4.2,
        "mmi": 4.356,
        "alert": null,
        "status": "reviewed",
        "tsunami": 0,
        "sig": 510,
        "net": "us",
        "code": "p000jpkd",
        "ids": ",usb000biir,usp000jpkd,iscgem601484809,",
        "sources": ",us,us,iscgem,",
        "types": ",associate,dyfi,impact-text,moment-tensor,origin,phase-data,shakemap,",
        "nst": 481,
        "dmin": null,
        "rms": 0.87,
        "gap": 12.2,
        "magType": "mwb",
        "type": "earthquake",
        "title": "M 5.7 - 63 km E of Falam, Myanmar"
      },
      "geometry": {
        "type": "Point",
        "coordinates": [
          94.299,
          22.935,
          75.3
        ]
      },
      "id": "usp000jpkd"
    },
    {
      "type": "Feature",
      "properties": {
        "mag": 5.1,
        "place": "106 km WSW of Myitkyina, Myanmar",
        "time": 1342923072210,
        "updated": 1651592660469,
        "tz": null,
        "url": "https://earthquake.usgs.gov/earthquakes/eventpage/usp000jpa0",
        "detail": "https://earthquake.usgs.gov/fdsnws/event/1/query?eventid=usp000jpa0&format=geojson",
        "felt": null,
        "cdi": null,
        "mmi": null,
        "alert": null,
        "status": "reviewed",
        "tsunami": 0,
        "sig": 400,
        "net": "us",
        "code": "p000jpa0",
        "ids": ",usp000jpa0,iscgem601456918,",
        "sources": ",us,iscgem,",
        "types": ",impact-text,origin,phase-data,",
        "nst": 166,
        "dmin": null,
        "rms": 1.01,
        "gap": 41.4,
        "magType": "mb",
        "type": "earthquake",
        "title": "M 5.1 - 106 km WSW of Myitkyina, Myanmar"
      },
      "geometry": {
        "type": "Point",
        "coordinates": [
          96.427,
          24.998,
          22.6
        ]
      },
      "id": "usp000jpa0"
    },
    {
      "type": "Feature",
      "properties": {
        "mag": 5.6,
        "place": "31 km SSW of Khorugh, Tajikistan",
        "time": 1342683395470,
        "updated": 1718653470447,
        "tz": null,
        "url": "https://earthquake.usgs.gov/earthquakes/eventpage/usp000jp6g",
        "detail": "https://earthquake.usgs.gov/fdsnws/event/1/query?eventid=usp000jp6g&format=geojson",
        "felt": 10,
        "cdi": 3.6,
        "mmi": 3.95,
        "alert": null,
        "status": "reviewed",
        "tsunami": 0,
        "sig": 486,
        "net": "us",
        "code": "p000jp6g",
        "ids": ",usp000jp6g,usb000bamj,iscgem601451990,",
        "sources": ",us,us,iscgem,",
        "types": ",associate,dyfi,impact-text,moment-tensor,origin,phase-data,shakemap,",
        "nst": 287,
        "dmin": null,
        "rms": 0.96,
        "gap": 20.7,
        "magType": "mww",
        "type": "earthquake",
        "title": "M 5.6 - 31 km SSW of Khorugh, Tajikistan"
      },
      "geometry": {
        "type": "Point",
        "coordinates": [
          71.375,
          37.248,
          98.4
        ]
      },
      "id": "usp000jp6g"
    },
    {
      "type": "Feature",
      "properties": {
        "mag": 5.2,
        "place": "26 km S of Phek, India",
        "time": 1342295717950,
        "updated": 1651592639395,
        "tz": null,
        "url": "https://earthquake.usgs.gov/earthquakes/eventpage/usp000jp0s",
        "detail": "https://earthquake.usgs.gov/fdsnws/event/1/query?eventid=usp000jp0s&format=geojson",
        "felt": null,
        "cdi": null,
        "mmi": null,
        "alert": null,
        "status": "reviewed",
        "tsunami": 0,
        "sig": 416,
        "net": "us",
        "code": "p000jp0s",
        "ids": ",usp000jp0s,iscgem601273351,",
        "sources": ",us,iscgem,",
        "types": ",impact-text,moment-tensor,origin,phase-data,",
        "nst": 278,
        "dmin": null,
        "rms": 0.91,
        "gap": 18.9,
        "magType": "mwb",
        "type": "earthquake",
        "title": "M 5.2 - 26 km S of Phek, India"
      },
      "geometry": {
        "type": "Point",
        "coordinates": [
          94.48,
          25.424,
          52.1
        ]
      },
      "id": "usp000jp0s"
    },
    {
      "type": "Feature",
      "properties": {
        "mag": 5.7,
        "place": "38 km S of Jurm, Afghanistan",
        "time": 1342101634340,
        "updated": 1651592635822,
        "tz": null,
        "url": "https://earthquake.usgs.gov/earthquakes/eventpage/usp000jnxg",
        "detail": "https://earthquake.usgs.gov/fdsnws/event/1/query?eventid=usp000jnxg&format=geojson",
        "felt": 164,
        "cdi": 5.4,
        "mmi": null,
        "alert": null,
        "status": "reviewed",
        "tsunami": 0,
        "sig": 588,
        "net": "us",
        "code": "p000jnxg",
        "ids": ",usb000b40i,choy20120712140034,usp000jnxg,iscgem601268265,",
        "sources": ",us,choy,us,iscgem,",
        "types": ",associate,dyfi,focal-mechanism,impact-text,moment-tensor,origin,phase-data,",
        "nst": 310,
        "dmin": null,
        "rms": 1.14,
        "gap": 15,
        "magType": "mww",
        "type": "earthquake",
        "title": "M 5.7 - 38 km S of Jurm, Afghanistan"
      },
      "geometry": {
        "type": "Point",
        "coordinates": [
          70.906,
          36.527,
          198
        ]
      },
      "id": "usp000jnxg"
    },
    {
      "type": "Feature",
      "properties": {
        "mag": 5.1,
        "place": "87 km W of Myitkyina, Myanmar",
        "time": 1341864787390,
        "updated": 1651592625683,
        "tz": null,
        "url": "https://earthquake.usgs.gov/earthquakes/eventpage/usp000jntd",
        "detail": "https://earthquake.usgs.gov/fdsnws/event/1/query?eventid=usp000jntd&format=geojson",
        "felt": null,
        "cdi": null,
        "mmi": null,
        "alert": null,
        "status": "reviewed",
        "tsunami": 0,
        "sig": 400,
        "net": "us",
        "code": "p000jntd",
        "ids": ",usp000jntd,iscgem601254206,",
        "sources": ",us,iscgem,",
        "types": ",impact-text,origin,phase-data,",
        "nst": 151,
        "dmin": null,
        "rms": 1.12,
        "gap": 40.8,
        "magType": "mb",
        "type": "earthquake",
        "title": "M 5.1 - 87 km W of Myitkyina, Myanmar"
      },
      "geometry": {
        "type": "Point",
        "coordinates": [
          96.529,
          25.347,
          31
        ]
      },
      "id": "usp000jntd"
    },
    {
      "type": "Feature",
      "properties": {
        "mag": 5.6,
        "place": "21 km ESE of Phek, India",
        "time": 1341116032090,
        "updated": 1651592612385,
        "tz": null,
        "url": "https://earthquake.usgs.gov/earthquakes/eventpage/usp000jnev",
        "detail": "https://earthquake.usgs.gov/fdsnws/event/1/query?eventid=usp000jnev&format=geojson",
        "felt": 20,
        "cdi": 5,
        "mmi": 4.416,
        "alert": null,
        "status": "reviewed",
        "tsunami": 0,
        "sig": 492,
        "net": "us",
        "code": "p000jnev",
        "ids": ",usb000avb4,usp000jnev,iscgem601224672,",
        "sources": ",us,us,iscgem,",
        "types": ",associate,dyfi,impact-text,moment-tensor,origin,phase-data,shakemap,",
        "nst": 279,
        "dmin": null,
        "rms": 1.08,
        "gap": 17.6,
        "magType": "mwb",
        "type": "earthquake",
        "title": "M 5.6 - 21 km ESE of Phek, India"
      },
      "geometry": {
        "type": "Point",
        "coordinates": [
          94.696,
          25.592,
          58
        ]
      },
      "id": "usp000jnev"
    },
    {
      "type": "Feature",
      "properties": {
        "mag": 5,
        "place": "39 km NNW of Bhach?u, India",
        "time": 1340136845720,
        "updated": 1718652903132,
        "tz": null,
        "url": "https://earthquake.usgs.gov/earthquakes/eventpage/usp000jmzk",
        "detail": "https://earthquake.usgs.gov/fdsnws/event/1/query?eventid=usp000jmzk&format=geojson",
        "felt": 81,
        "cdi": 5.3,
        "mmi": 4.693,
        "alert": null,
        "status": "reviewed",
        "tsunami": 0,
        "sig": 428,
        "net": "us",
        "code": "p000jmzk",
        "ids": ",usb000ajzh,usp000jmzk,iscgem601134197,atlas20120619201404,",
        "sources": ",us,us,iscgem,atlas,",
        "types": ",associate,dyfi,impact-text,origin,phase-data,shakemap,",
        "nst": 192,
        "dmin": null,
        "rms": 1.01,
        "gap": 87.5,
        "magType": "mb",
        "type": "earthquake",
        "title": "M 5.0 - 39 km NNW of Bhach?u, India"
      },
      "geometry": {
        "type": "Point",
        "coordinates": [
          70.252,
          23.647,
          28.6
        ]
      },
      "id": "usp000jmzk"
    },
    {
      "type": "Feature",
      "properties": {
        "mag": 5.7,
        "place": "20 km ESE of Nahr?n, Afghanistan",
        "time": 1339392551510,
        "updated": 1651592549124,
        "tz": null,
        "url": "https://earthquake.usgs.gov/earthquakes/eventpage/usp000jmmc",
        "detail": "https://earthquake.usgs.gov/fdsnws/event/1/query?eventid=usp000jmmc&format=geojson",
        "felt": 96,
        "cdi": 5.2,
        "mmi": 5.237,
        "alert": null,
        "status": "reviewed",
        "tsunami": 0,
        "sig": 550,
        "net": "us",
        "code": "p000jmmc",
        "ids": ",usp000jmmc,usb000acmf,iscgem601112970,",
        "sources": ",us,us,iscgem,",
        "types": ",associate,dyfi,ground-failure,impact-text,moment-tensor,origin,phase-data,shakemap,",
        "nst": 332,
        "dmin": null,
        "rms": 1.09,
        "gap": 16.4,
        "magType": "mww",
        "type": "earthquake",
        "title": "M 5.7 - 20 km ESE of Nahr?n, Afghanistan"
      },
      "geometry": {
        "type": "Point",
        "coordinates": [
          69.351,
          36.023,
          16
        ]
      },
      "id": "usp000jmmc"
    },
    {
      "type": "Feature",
      "properties": {
        "mag": 5.4,
        "place": "24 km E of Nahr?n, Afghanistan",
        "time": 1339390934250,
        "updated": 1651592677626,
        "tz": null,
        "url": "https://earthquake.usgs.gov/earthquakes/eventpage/usp000jmmb",
        "detail": "https://earthquake.usgs.gov/fdsnws/event/1/query?eventid=usp000jmmb&format=geojson",
        "felt": 24,
        "cdi": 4.6,
        "mmi": null,
        "alert": null,
        "status": "reviewed",
        "tsunami": 0,
        "sig": 460,
        "net": "us",
        "code": "p000jmmb",
        "ids": ",usp000jmmb,usb000acm6,iscgem601474949,",
        "sources": ",us,us,iscgem,",
        "types": ",associate,dyfi,impact-text,origin,phase-data,",
        "nst": 311,
        "dmin": null,
        "rms": 0.96,
        "gap": 16.5,
        "magType": "mb",
        "type": "earthquake",
        "title": "M 5.4 - 24 km E of Nahr?n, Afghanistan"
      },
      "geometry": {
        "type": "Point",
        "coordinates": [
          69.401,
          36.039,
          29.1
        ]
      },
      "id": "usp000jmmb"
    },
    {
      "type": "Feature",
      "properties": {
        "mag": 5.4,
        "place": "19 km N of Hoj?i, India",
        "time": 1336740095300,
        "updated": 1766420929347,
        "tz": null,
        "url": "https://earthquake.usgs.gov/earthquakes/eventpage/usp000jka9",
        "detail": "https://earthquake.usgs.gov/fdsnws/event/1/query?eventid=usp000jka9&format=geojson",
        "felt": 130,
        "cdi": 6,
        "mmi": 5.138,
        "alert": null,
        "status": "reviewed",
        "tsunami": 0,
        "sig": 527,
        "net": "us",
        "code": "p000jka9",
        "ids": ",usb0009mzt,usp000jka9,iscgem601002723,",
        "sources": ",us,us,iscgem,",
        "types": ",associate,dyfi,impact-text,moment-tensor,origin,phase-data,shakemap,",
        "nst": 164,
        "dmin": null,
        "rms": 0.95,
        "gap": 33.3,
        "magType": "mwb",
        "type": "earthquake",
        "title": "M 5.4 - 19 km N of Hoj?i, India"
      },
      "geometry": {
        "type": "Point",
        "coordinates": [
          92.889,
          26.175,
          43.3
        ]
      },
      "id": "usp000jka9"
    },
    {
      "type": "Feature",
      "properties": {
        "mag": 5.2,
        "place": "Andaman Islands, India region",
        "time": 1335791218740,
        "updated": 1651592293539,
        "tz": null,
        "url": "https://earthquake.usgs.gov/earthquakes/eventpage/usp000jjtm",
        "detail": "https://earthquake.usgs.gov/fdsnws/event/1/query?eventid=usp000jjtm&format=geojson",
        "felt": null,
        "cdi": null,
        "mmi": null,
        "alert": null,
        "status": "reviewed",
        "tsunami": 0,
        "sig": 416,
        "net": "us",
        "code": "p000jjtm",
        "ids": ",usp000jjtm,iscgem600959631,",
        "sources": ",us,iscgem,",
        "types": ",impact-text,moment-tensor,origin,phase-data,",
        "nst": 233,
        "dmin": null,
        "rms": 0.97,
        "gap": 20.6,
        "magType": "mwb",
        "type": "earthquake",
        "title": "M 5.2 - Andaman Islands, India region"
      },
      "geometry": {
        "type": "Point",
        "coordinates": [
          93.327,
          14.405,
          35
        ]
      },
      "id": "usp000jjtm"
    },
    {
      "type": "Feature",
      "properties": {
        "mag": 5.1,
        "place": "Nicobar Islands, India region",
        "time": 1335371459560,
        "updated": 1651592257979,
        "tz": null,
        "url": "https://earthquake.usgs.gov/earthquakes/eventpage/usp000jjkm",
        "detail": "https://earthquake.usgs.gov/fdsnws/event/1/query?eventid=usp000jjkm&format=geojson",
        "felt": null,
        "cdi": null,
        "mmi": null,
        "alert": null,
        "status": "reviewed",
        "tsunami": 0,
        "sig": 400,
        "net": "us",
        "code": "p000jjkm",
        "ids": ",usp000jjkm,iscgem600935614,",
        "sources": ",us,iscgem,",
        "types": ",impact-text,origin,phase-data,",
        "nst": 117,
        "dmin": null,
        "rms": 0.95,
        "gap": 48.3,
        "magType": "mb",
        "type": "earthquake",
        "title": "M 5.1 - Nicobar Islands, India region"
      },
      "geometry": {
        "type": "Point",
        "coordinates": [
          93.882,
          8.826,
          22.9
        ]
      },
      "id": "usp000jjkm"
    },
    {
      "type": "Feature",
      "properties": {
        "mag": 5.3,
        "place": "Nicobar Islands, India region",
        "time": 1335340401270,
        "updated": 1415324857141,
        "tz": null,
        "url": "https://earthquake.usgs.gov/earthquakes/eventpage/usp000jjjn",
        "detail": "https://earthquake.usgs.gov/fdsnws/event/1/query?eventid=usp000jjjn&format=geojson",
        "felt": null,
        "cdi": null,
        "mmi": null,
        "alert": null,
        "status": "reviewed",
        "tsunami": 0,
        "sig": 432,
        "net": "us",
        "code": "p000jjjn",
        "ids": ",usp000jjjn,",
        "sources": ",us,",
        "types": ",impact-text,origin,phase-data,",
        "nst": 247,
        "dmin": null,
        "rms": 0.74,
        "gap": 46.5,
        "magType": "mb",
        "type": "earthquake",
        "title": "M 5.3 - Nicobar Islands, India region"
      },
      "geometry": {
        "type": "Point",
        "coordinates": [
          93.906,
          8.945,
          11.6
        ]
      },
      "id": "usp000jjjn"
    },
    {
      "type": "Feature",
      "properties": {
        "mag": 5.7,
        "place": "Nicobar Islands, India region",
        "time": 1335339743380,
        "updated": 1651592256811,
        "tz": null,
        "url": "https://earthquake.usgs.gov/earthquakes/eventpage/usp000jjjm",
        "detail": "https://earthquake.usgs.gov/fdsnws/event/1/query?eventid=usp000jjjm&format=geojson",
        "felt": null,
        "cdi": null,
        "mmi": null,
        "alert": null,
        "status": "reviewed",
        "tsunami": 0,
        "sig": 500,
        "net": "us",
        "code": "p000jjjm",
        "ids": ",choy20120425074223,usp000jjjm,iscgem600934787,",
        "sources": ",choy,us,iscgem,",
        "types": ",focal-mechanism,impact-text,moment-tensor,origin,phase-data,",
        "nst": 433,
        "dmin": null,
        "rms": 0.86,
        "gap": 34.1,
        "magType": "mww",
        "type": "earthquake",
        "title": "M 5.7 - Nicobar Islands, India region"
      },
      "geometry": {
        "type": "Point",
        "coordinates": [
          93.945,
          9.011,
          9
        ]
      },
      "id": "usp000jjjm"
    },
    {
      "type": "Feature",
      "properties": {
        "mag": 5.5,
        "place": "Nicobar Islands, India region",
        "time": 1335279430110,
        "updated": 1651592255645,
        "tz": null,
        "url": "https://earthquake.usgs.gov/earthquakes/eventpage/usp000jjh8",
        "detail": "https://earthquake.usgs.gov/fdsnws/event/1/query?eventid=usp000jjh8&format=geojson",
        "felt": null,
        "cdi": null,
        "mmi": null,
        "alert": null,
        "status": "reviewed",
        "tsunami": 0,
        "sig": 465,
        "net": "us",
        "code": "p000jjh8",
        "ids": ",usp000jjh8,iscgem600934277,",
        "sources": ",us,iscgem,",
        "types": ",impact-text,moment-tensor,origin,phase-data,",
        "nst": 263,
        "dmin": null,
        "rms": 0.92,
        "gap": 38.8,
        "magType": "mwb",
        "type": "earthquake",
        "title": "M 5.5 - Nicobar Islands, India region"
      },
      "geometry": {
        "type": "Point",
        "coordinates": [
          93.949,
          8.868,
          14.1
        ]
      },
      "id": "usp000jjh8"
    },
    {
      "type": "Feature",
      "properties": {
        "mag": 5,
        "place": "17 km W of Kishanganj, India",
        "time": 1332891612600,
        "updated": 1718651057506,
        "tz": null,
        "url": "https://earthquake.usgs.gov/earthquakes/eventpage/usp000jgw0",
        "detail": "https://earthquake.usgs.gov/fdsnws/event/1/query?eventid=usp000jgw0&format=geojson",
        "felt": 22,
        "cdi": 6.7,
        "mmi": 5.003,
        "alert": null,
        "status": "reviewed",
        "tsunami": 0,
        "sig": 399,
        "net": "us",
        "code": "p000jgw0",
        "ids": ",usp000jgw0,usc0008r97,iscgem600826553,",
        "sources": ",us,us,iscgem,",
        "types": ",associate,dyfi,impact-text,origin,phase-data,shakemap,",
        "nst": 167,
        "dmin": null,
        "rms": 0.86,
        "gap": 31.8,
        "magType": "mb",
        "type": "earthquake",
        "title": "M 5.0 - 17 km W of Kishanganj, India"
      },
      "geometry": {
        "type": "Point",
        "coordinates": [
          87.777,
          26.087,
          28.8
        ]
      },
      "id": "usp000jgw0"
    },
    {
      "type": "Feature",
      "properties": {
        "mag": 5,
        "place": "174 km SE of Port Blair, India",
        "time": 1331746870140,
        "updated": 1415324834883,
        "tz": null,
        "url": "https://earthquake.usgs.gov/earthquakes/eventpage/usp000jg8m",
        "detail": "https://earthquake.usgs.gov/fdsnws/event/1/query?eventid=usp000jg8m&format=geojson",
        "felt": null,
        "cdi": null,
        "mmi": null,
        "alert": null,
        "status": "reviewed",
        "tsunami": 0,
        "sig": 385,
        "net": "us",
        "code": "p000jg8m",
        "ids": ",usp000jg8m,",
        "sources": ",us,",
        "types": ",impact-text,origin,phase-data,",
        "nst": 24,
        "dmin": null,
        "rms": 0.75,
        "gap": 95.7,
        "magType": "mb",
        "type": "earthquake",
        "title": "M 5.0 - 174 km SE of Port Blair, India"
      },
      "geometry": {
        "type": "Point",
        "coordinates": [
          93.854,
          10.535,
          58.2
        ]
      },
      "id": "usp000jg8m"
    },
    {
      "type": "Feature",
      "properties": {
        "mag": 5.6,
        "place": "77 km ESE of Khand?d, Afghanistan",
        "time": 1331532400640,
        "updated": 1651592017819,
        "tz": null,
        "url": "https://earthquake.usgs.gov/earthquakes/eventpage/usp000jg4d",
        "detail": "https://earthquake.usgs.gov/fdsnws/event/1/query?eventid=usp000jg4d&format=geojson",
        "felt": null,
        "cdi": null,
        "mmi": 6.384,
        "alert": null,
        "status": "reviewed",
        "tsunami": 0,
        "sig": 482,
        "net": "us",
        "code": "p000jg4d",
        "ids": ",usp000jg4d,choy20120312060640,iscgem600775285,",
        "sources": ",us,choy,iscgem,",
        "types": ",associate,focal-mechanism,impact-text,moment-tensor,origin,phase-data,shakemap,",
        "nst": 283,
        "dmin": null,
        "rms": 1.07,
        "gap": 28.1,
        "magType": "mww",
        "type": "earthquake",
        "title": "M 5.6 - 77 km ESE of Khand?d, Afghanistan"
      },
      "geometry": {
        "type": "Point",
        "coordinates": [
          73.152,
          36.741,
          11
        ]
      },
      "id": "usp000jg4d"
    },
    {
      "type": "Feature",
      "properties": {
        "mag": 5,
        "place": "Nicobar Islands, India region",
        "time": 1331002765970,
        "updated": 1415324831907,
        "tz": null,
        "url": "https://earthquake.usgs.gov/earthquakes/eventpage/usp000jfuu",
        "detail": "https://earthquake.usgs.gov/fdsnws/event/1/query?eventid=usp000jfuu&format=geojson",
        "felt": null,
        "cdi": null,
        "mmi": null,
        "alert": null,
        "status": "reviewed",
        "tsunami": 0,
        "sig": 385,
        "net": "us",
        "code": "p000jfuu",
        "ids": ",usp000jfuu,",
        "sources": ",us,",
        "types": ",impact-text,origin,phase-data,",
        "nst": 97,
        "dmin": null,
        "rms": 0.88,
        "gap": 60.5,
        "magType": "mb",
        "type": "earthquake",
        "title": "M 5.0 - Nicobar Islands, India region"
      },
      "geometry": {
        "type": "Point",
        "coordinates": [
          93.873,
          8.559,
          19.8
        ]
      },
      "id": "usp000jfuu"
    },
    {
      "type": "Feature",
      "properties": {
        "mag": 5.4,
        "place": "Nicobar Islands, India region",
        "time": 1331002361960,
        "updated": 1651591975337,
        "tz": null,
        "url": "https://earthquake.usgs.gov/earthquakes/eventpage/usp000jfus",
        "detail": "https://earthquake.usgs.gov/fdsnws/event/1/query?eventid=usp000jfus&format=geojson",
        "felt": null,
        "cdi": null,
        "mmi": null,
        "alert": null,
        "status": "reviewed",
        "tsunami": 0,
        "sig": 449,
        "net": "us",
        "code": "p000jfus",
        "ids": ",usp000jfus,iscgem600764097,",
        "sources": ",us,iscgem,",
        "types": ",impact-text,moment-tensor,origin,phase-data,",
        "nst": 280,
        "dmin": null,
        "rms": 1.03,
        "gap": 36.4,
        "magType": "mwc",
        "type": "earthquake",
        "title": "M 5.4 - Nicobar Islands, India region"
      },
      "geometry": {
        "type": "Point",
        "coordinates": [
          93.691,
          8.571,
          16.8
        ]
      },
      "id": "usp000jfus"
    },
    {
      "type": "Feature",
      "properties": {
        "mag": 5.1,
        "place": "11 km SSE of Rohtak, India",
        "time": 1330933264530,
        "updated": 1600711169372,
        "tz": null,
        "url": "https://earthquake.usgs.gov/earthquakes/eventpage/usp000jfth",
        "detail": "https://earthquake.usgs.gov/fdsnws/event/1/query?eventid=usp000jfth&format=geojson",
        "felt": 541,
        "cdi": 5,
        "mmi": 5.781,
        "alert": null,
        "status": "reviewed",
        "tsunami": 0,
        "sig": 671,
        "net": "us",
        "code": "p000jfth",
        "ids": ",usp000jfth,usb0008bau,",
        "sources": ",us,us,",
        "types": ",associate,dyfi,impact-text,origin,phase-data,shakemap,",
        "nst": 177,
        "dmin": null,
        "rms": 1.08,
        "gap": 45.6,
        "magType": "mb",
        "type": "earthquake",
        "title": "M 5.1 - 11 km SSE of Rohtak, India"
      },
      "geometry": {
        "type": "Point",
        "coordinates": [
          76.649,
          28.809,
          10
        ]
      },
      "id": "usp000jfth"
    },
    {
      "type": "Feature",
      "properties": {
        "mag": 5,
        "place": "140 km S of Hotan, China",
        "time": 1329747483820,
        "updated": 1651591889597,
        "tz": null,
        "url": "https://earthquake.usgs.gov/earthquakes/eventpage/usp000jf59",
        "detail": "https://earthquake.usgs.gov/fdsnws/event/1/query?eventid=usp000jf59&format=geojson",
        "felt": null,
        "cdi": null,
        "mmi": null,
        "alert": null,
        "status": "reviewed",
        "tsunami": 0,
        "sig": 385,
        "net": "us",
        "code": "p000jf59",
        "ids": ",usp000jf59,iscgem600678398,",
        "sources": ",us,iscgem,",
        "types": ",impact-text,origin,phase-data,",
        "nst": 117,
        "dmin": null,
        "rms": 1.01,
        "gap": 35.4,
        "magType": "mb",
        "type": "earthquake",
        "title": "M 5.0 - 140 km S of Hotan, China"
      },
      "geometry": {
        "type": "Point",
        "coordinates": [
          79.835,
          35.84,
          10
        ]
      },
      "id": "usp000jf59"
    },
    {
      "type": "Feature",
      "properties": {
        "mag": 5,
        "place": "154 km S of Hotan, China",
        "time": 1329746363790,
        "updated": 1415324822721,
        "tz": null,
        "url": "https://earthquake.usgs.gov/earthquakes/eventpage/usp000jf57",
        "detail": "https://earthquake.usgs.gov/fdsnws/event/1/query?eventid=usp000jf57&format=geojson",
        "felt": null,
        "cdi": null,
        "mmi": null,
        "alert": null,
        "status": "reviewed",
        "tsunami": 0,
        "sig": 385,
        "net": "us",
        "code": "p000jf57",
        "ids": ",usp000jf57,",
        "sources": ",us,",
        "types": ",impact-text,origin,phase-data,",
        "nst": 119,
        "dmin": null,
        "rms": 1.02,
        "gap": 46.3,
        "magType": "mb",
        "type": "earthquake",
        "title": "M 5.0 - 154 km S of Hotan, China"
      },
      "geometry": {
        "type": "Point",
        "coordinates": [
          79.717,
          35.723,
          10
        ]
      },
      "id": "usp000jf57"
    },
    {
      "type": "Feature",
      "properties": {
        "mag": 5.2,
        "place": "278 km NE of Burang, China",
        "time": 1329493463230,
        "updated": 1651591872409,
        "tz": null,
        "url": "https://earthquake.usgs.gov/earthquakes/eventpage/usp000jf1h",
        "detail": "https://earthquake.usgs.gov/fdsnws/event/1/query?eventid=usp000jf1h&format=geojson",
        "felt": null,
        "cdi": null,
        "mmi": null,
        "alert": null,
        "status": "reviewed",
        "tsunami": 0,
        "sig": 416,
        "net": "us",
        "code": "p000jf1h",
        "ids": ",usp000jf1h,iscgem600668625,",
        "sources": ",us,iscgem,",
        "types": ",impact-text,origin,phase-data,",
        "nst": 196,
        "dmin": null,
        "rms": 0.94,
        "gap": 34.2,
        "magType": "mb",
        "type": "earthquake",
        "title": "M 5.2 - 278 km NE of Burang, China"
      },
      "geometry": {
        "type": "Point",
        "coordinates": [
          82.787,
          32.388,
          21.9
        ]
      },
      "id": "usp000jf1h"
    },
    {
      "type": "Feature",
      "properties": {
        "mag": 5,
        "place": "271 km W of Sabang, Indonesia",
        "time": 1329330713650,
        "updated": 1415324821674,
        "tz": null,
        "url": "https://earthquake.usgs.gov/earthquakes/eventpage/usp000jezj",
        "detail": "https://earthquake.usgs.gov/fdsnws/event/1/query?eventid=usp000jezj&format=geojson",
        "felt": null,
        "cdi": null,
        "mmi": null,
        "alert": null,
        "status": "reviewed",
        "tsunami": 0,
        "sig": 385,
        "net": "us",
        "code": "p000jezj",
        "ids": ",usp000jezj,",
        "sources": ",us,",
        "types": ",impact-text,origin,phase-data,",
        "nst": 142,
        "dmin": null,
        "rms": 0.96,
        "gap": 72.9,
        "magType": "mb",
        "type": "earthquake",
        "title": "M 5.0 - 271 km W of Sabang, Indonesia"
      },
      "geometry": {
        "type": "Point",
        "coordinates": [
          92.9,
          6.306,
          8.9
        ]
      },
      "id": "usp000jezj"
    },
    {
      "type": "Feature",
      "properties": {
        "mag": 5.1,
        "place": "20 km NNE of Barkot, India",
        "time": 1328815050550,
        "updated": 1651591807973,
        "tz": null,
        "url": "https://earthquake.usgs.gov/earthquakes/eventpage/usp000jerg",
        "detail": "https://earthquake.usgs.gov/fdsnws/event/1/query?eventid=usp000jerg&format=geojson",
        "felt": 77,
        "cdi": 6.2,
        "mmi": null,
        "alert": null,
        "status": "reviewed",
        "tsunami": 0,
        "sig": 448,
        "net": "us",
        "code": "p000jerg",
        "ids": ",usp000jerg,usb0007ye5,iscgem600503444,",
        "sources": ",us,us,iscgem,",
        "types": ",associate,dyfi,impact-text,origin,phase-data,",
        "nst": 177,
        "dmin": null,
        "rms": 0.85,
        "gap": 46,
        "magType": "mb",
        "type": "earthquake",
        "title": "M 5.1 - 20 km NNE of Barkot, India"
      },
      "geometry": {
        "type": "Point",
        "coordinates": [
          78.282,
          30.986,
          6.2
        ]
      },
      "id": "usp000jerg"
    },
    {
      "type": "Feature",
      "properties": {
        "mag": 5,
        "place": "75 km NNW of P?r?n, Afghanistan",
        "time": 1326494999510,
        "updated": 1415324806946,
        "tz": null,
        "url": "https://earthquake.usgs.gov/earthquakes/eventpage/usp000jdf9",
        "detail": "https://earthquake.usgs.gov/fdsnws/event/1/query?eventid=usp000jdf9&format=geojson",
        "felt": null,
        "cdi": null,
        "mmi": null,
        "alert": null,
        "status": "reviewed",
        "tsunami": 0,
        "sig": 385,
        "net": "us",
        "code": "p000jdf9",
        "ids": ",usp000jdf9,",
        "sources": ",us,",
        "types": ",impact-text,origin,phase-data,",
        "nst": 140,
        "dmin": null,
        "rms": 0.87,
        "gap": 81.9,
        "magType": "mb",
        "type": "earthquake",
        "title": "M 5.0 - 75 km NNW of P?r?n, Afghanistan"
      },
      "geometry": {
        "type": "Point",
        "coordinates": [
          70.512,
          36.009,
          100.9
        ]
      },
      "id": "usp000jdf9"
    },
    {
      "type": "Feature",
      "properties": {
        "mag": 5,
        "place": "294 km WNW of Sabang, Indonesia",
        "time": 1324956353920,
        "updated": 1415324797888,
        "tz": null,
        "url": "https://earthquake.usgs.gov/earthquakes/eventpage/usp000jcpm",
        "detail": "https://earthquake.usgs.gov/fdsnws/event/1/query?eventid=usp000jcpm&format=geojson",
        "felt": null,
        "cdi": null,
        "mmi": null,
        "alert": null,
        "status": "reviewed",
        "tsunami": 0,
        "sig": 385,
        "net": "us",
        "code": "p000jcpm",
        "ids": ",usp000jcpm,",
        "sources": ",us,",
        "types": ",impact-text,origin,phase-data,",
        "nst": 84,
        "dmin": null,
        "rms": 0.83,
        "gap": 81.2,
        "magType": "mb",
        "type": "earthquake",
        "title": "M 5.0 - 294 km WNW of Sabang, Indonesia"
      },
      "geometry": {
        "type": "Point",
        "coordinates": [
          92.987,
          7.189,
          40.3
        ]
      },
      "id": "usp000jcpm"
    },
    {
      "type": "Feature",
      "properties": {
        "mag": 5.1,
        "place": "43 km NNW of Sohbatpur, Pakistan",
        "time": 1324641722330,
        "updated": 1649449499781,
        "tz": null,
        "url": "https://earthquake.usgs.gov/earthquakes/eventpage/usp000jcj6",
        "detail": "https://earthquake.usgs.gov/fdsnws/event/1/query?eventid=usp000jcj6&format=geojson",
        "felt": null,
        "cdi": null,
        "mmi": null,
        "alert": null,
        "status": "reviewed",
        "tsunami": 0,
        "sig": 400,
        "net": "us",
        "code": "p000jcj6",
        "ids": ",usp000jcj6,iscgem600094061,",
        "sources": ",us,iscgem,",
        "types": ",impact-text,moment-tensor,origin,phase-data,",
        "nst": 98,
        "dmin": null,
        "rms": 0.88,
        "gap": 57.4,
        "magType": "mwc",
        "type": "earthquake",
        "title": "M 5.1 - 43 km NNW of Sohbatpur, Pakistan"
      },
      "geometry": {
        "type": "Point",
        "coordinates": [
          68.301,
          28.855,
          10
        ]
      },
      "id": "usp000jcj6"
    },
    {
      "type": "Feature",
      "properties": {
        "mag": 5.1,
        "place": "248 km NW of Sabang, Indonesia",
        "time": 1324050445970,
        "updated": 1649449471269,
        "tz": null,
        "url": "https://earthquake.usgs.gov/earthquakes/eventpage/usp000jc8y",
        "detail": "https://earthquake.usgs.gov/fdsnws/event/1/query?eventid=usp000jc8y&format=geojson",
        "felt": null,
        "cdi": null,
        "mmi": null,
        "alert": null,
        "status": "reviewed",
        "tsunami": 0,
        "sig": 400,
        "net": "us",
        "code": "p000jc8y",
        "ids": ",usp000jc8y,iscgem600053899,",
        "sources": ",us,iscgem,",
        "types": ",impact-text,moment-tensor,origin,phase-data,",
        "nst": 74,
        "dmin": null,
        "rms": 1.19,
        "gap": 73.5,
        "magType": "mwc",
        "type": "earthquake",
        "title": "M 5.1 - 248 km NW of Sabang, Indonesia"
      },
      "geometry": {
        "type": "Point",
        "coordinates": [
          94.023,
          7.725,
          35
        ]
      },
      "id": "usp000jc8y"
    },
    {
      "type": "Feature",
      "properties": {
        "mag": 5.1,
        "place": "260 km NW of Sabang, Indonesia",
        "time": 1322854668010,
        "updated": 1649449417809,
        "tz": null,
        "url": "https://earthquake.usgs.gov/earthquakes/eventpage/usp000jbr4",
        "detail": "https://earthquake.usgs.gov/fdsnws/event/1/query?eventid=usp000jbr4&format=geojson",
        "felt": null,
        "cdi": null,
        "mmi": null,
        "alert": null,
        "status": "reviewed",
        "tsunami": 0,
        "sig": 400,
        "net": "us",
        "code": "p000jbr4",
        "ids": ",usp000jbr4,iscgem600011878,",
        "sources": ",us,iscgem,",
        "types": ",impact-text,moment-tensor,origin,phase-data,",
        "nst": 245,
        "dmin": null,
        "rms": 1.1,
        "gap": 36.6,
        "magType": "mwc",
        "type": "earthquake",
        "title": "M 5.1 - 260 km NW of Sabang, Indonesia"
      },
      "geometry": {
        "type": "Point",
        "coordinates": [
          93.851,
          7.731,
          37.5
        ]
      },
      "id": "usp000jbr4"
    },
    {
      "type": "Feature",
      "properties": {
        "mag": 5.1,
        "place": "western Xizang",
        "time": 1322711456970,
        "updated": 1649449397546,
        "tz": null,
        "url": "https://earthquake.usgs.gov/earthquakes/eventpage/usp000jbnx",
        "detail": "https://earthquake.usgs.gov/fdsnws/event/1/query?eventid=usp000jbnx&format=geojson",
        "felt": null,
        "cdi": null,
        "mmi": null,
        "alert": null,
        "status": "reviewed",
        "tsunami": 0,
        "sig": 400,
        "net": "us",
        "code": "p000jbnx",
        "ids": ",usp000jbnx,iscgem600007777,",
        "sources": ",us,iscgem,",
        "types": ",impact-text,moment-tensor,origin,phase-data,",
        "nst": 110,
        "dmin": null,
        "rms": 0.89,
        "gap": 53.9,
        "magType": "mwc",
        "type": "earthquake",
        "title": "M 5.1 - western Xizang"
      },
      "geometry": {
        "type": "Point",
        "coordinates": [
          83.823,
          31.804,
          6.7
        ]
      },
      "id": "usp000jbnx"
    },
    {
      "type": "Feature",
      "properties": {
        "mag": 5.1,
        "place": "261 km NW of Sabang, Indonesia",
        "time": 1322682544260,
        "updated": 1415324786232,
        "tz": null,
        "url": "https://earthquake.usgs.gov/earthquakes/eventpage/usp000jbnm",
        "detail": "https://earthquake.usgs.gov/fdsnws/event/1/query?eventid=usp000jbnm&format=geojson",
        "felt": null,
        "cdi": null,
        "mmi": null,
        "alert": null,
        "status": "reviewed",
        "tsunami": 0,
        "sig": 400,
        "net": "us",
        "code": "p000jbnm",
        "ids": ",usp000jbnm,",
        "sources": ",us,",
        "types": ",impact-text,origin,phase-data,",
        "nst": 103,
        "dmin": null,
        "rms": 0.97,
        "gap": 64.4,
        "magType": "mb",
        "type": "earthquake",
        "title": "M 5.1 - 261 km NW of Sabang, Indonesia"
      },
      "geometry": {
        "type": "Point",
        "coordinates": [
          93.97,
          7.839,
          23.6
        ]
      },
      "id": "usp000jbnm"
    },
    {
      "type": "Feature",
      "properties": {
        "mag": 5.6,
        "place": "267 km NW of Sabang, Indonesia",
        "time": 1322682152600,
        "updated": 1649455979326,
        "tz": null,
        "url": "https://earthquake.usgs.gov/earthquakes/eventpage/usp000jbnk",
        "detail": "https://earthquake.usgs.gov/fdsnws/event/1/query?eventid=usp000jbnk&format=geojson",
        "felt": null,
        "cdi": null,
        "mmi": null,
        "alert": null,
        "status": "reviewed",
        "tsunami": 0,
        "sig": 482,
        "net": "us",
        "code": "p000jbnk",
        "ids": ",choy20111130194234,usp000jbnk,iscgem600007766,",
        "sources": ",choy,us,iscgem,",
        "types": ",focal-mechanism,impact-text,moment-tensor,origin,phase-data,",
        "nst": 315,
        "dmin": null,
        "rms": 1.08,
        "gap": 21.4,
        "magType": "mww",
        "type": "earthquake",
        "title": "M 5.6 - 267 km NW of Sabang, Indonesia"
      },
      "geometry": {
        "type": "Point",
        "coordinates": [
          93.843,
          7.805,
          6
        ]
      },
      "id": "usp000jbnk"
    },
    {
      "type": "Feature",
      "properties": {
        "mag": 5.2,
        "place": "29 km SE of Myitkyina, Myanmar",
        "time": 1322492812140,
        "updated": 1649455964517,
        "tz": null,
        "url": "https://earthquake.usgs.gov/earthquakes/eventpage/usp000jbjb",
        "detail": "https://earthquake.usgs.gov/fdsnws/event/1/query?eventid=usp000jbjb&format=geojson",
        "felt": null,
        "cdi": null,
        "mmi": null,
        "alert": null,
        "status": "reviewed",
        "tsunami": 0,
        "sig": 416,
        "net": "us",
        "code": "p000jbjb",
        "ids": ",usp000jbjb,iscgem600000159,",
        "sources": ",us,iscgem,",
        "types": ",impact-text,moment-tensor,origin,phase-data,",
        "nst": 112,
        "dmin": null,
        "rms": 0.9,
        "gap": 43.4,
        "magType": "mwc",
        "type": "earthquake",
        "title": "M 5.2 - 29 km SE of Myitkyina, Myanmar"
      },
      "geometry": {
        "type": "Point",
        "coordinates": [
          97.602,
          25.2,
          35.3
        ]
      },
      "id": "usp000jbjb"
    },
    {
      "type": "Feature",
      "properties": {
        "mag": 5.7,
        "place": "107 km SE of Phek, India",
        "time": 1321845341560,
        "updated": 1718648912070,
        "tz": null,
        "url": "https://earthquake.usgs.gov/earthquakes/eventpage/usp000jb6k",
        "detail": "https://earthquake.usgs.gov/fdsnws/event/1/query?eventid=usp000jb6k&format=geojson",
        "felt": 39,
        "cdi": 5.4,
        "mmi": 4.116,
        "alert": null,
        "status": "reviewed",
        "tsunami": 0,
        "sig": 521,
        "net": "us",
        "code": "p000jb6k",
        "ids": ",usp000jb6k,usc0006vbq,choy20111121031542,iscgem17546241,",
        "sources": ",us,us,choy,iscgem,",
        "types": ",associate,dyfi,focal-mechanism,impact-text,moment-tensor,origin,phase-data,shakemap,",
        "nst": 370,
        "dmin": null,
        "rms": 0.99,
        "gap": 14.5,
        "magType": "mww",
        "type": "earthquake",
        "title": "M 5.7 - 107 km SE of Phek, India"
      },
      "geometry": {
        "type": "Point",
        "coordinates": [
          95.232,
          24.96,
          107
        ]
      },
      "id": "usp000jb6k"
    },
    {
      "type": "Feature",
      "properties": {
        "mag": 5.6,
        "place": "43 km WSW of Ashk?sham, Afghanistan",
        "time": 1320667171440,
        "updated": 1649455848520,
        "tz": null,
        "url": "https://earthquake.usgs.gov/earthquakes/eventpage/usp000jah3",
        "detail": "https://earthquake.usgs.gov/fdsnws/event/1/query?eventid=usp000jah3&format=geojson",
        "felt": 157,
        "cdi": 4.6,
        "mmi": null,
        "alert": null,
        "status": "reviewed",
        "tsunami": 0,
        "sig": 555,
        "net": "us",
        "code": "p000jah3",
        "ids": ",usp000jah3,usb0006l47,iscgem17515574,",
        "sources": ",us,us,iscgem,",
        "types": ",associate,dyfi,impact-text,moment-tensor,origin,phase-data,",
        "nst": 399,
        "dmin": null,
        "rms": 0.83,
        "gap": 15.2,
        "magType": "mwb",
        "type": "earthquake",
        "title": "M 5.6 - 43 km WSW of Ashk?sham, Afghanistan"
      },
      "geometry": {
        "type": "Point",
        "coordinates": [
          71.102,
          36.502,
          212.1
        ]
      },
      "id": "usp000jah3"
    },
    {
      "type": "Feature",
      "properties": {
        "mag": 5,
        "place": "238 km SE of Hotan, China",
        "time": 1319143954780,
        "updated": 1649455708840,
        "tz": null,
        "url": "https://earthquake.usgs.gov/earthquakes/eventpage/usp000j9m9",
        "detail": "https://earthquake.usgs.gov/fdsnws/event/1/query?eventid=usp000j9m9&format=geojson",
        "felt": null,
        "cdi": null,
        "mmi": null,
        "alert": null,
        "status": "reviewed",
        "tsunami": 0,
        "sig": 385,
        "net": "us",
        "code": "p000j9m9",
        "ids": ",usp000j9m9,iscgem17389910,",
        "sources": ",us,iscgem,",
        "types": ",impact-text,moment-tensor,origin,phase-data,",
        "nst": 85,
        "dmin": null,
        "rms": 1.07,
        "gap": 56.6,
        "magType": "mwc",
        "type": "earthquake",
        "title": "M 5.0 - 238 km SE of Hotan, China"
      },
      "geometry": {
        "type": "Point",
        "coordinates": [
          81.607,
          35.436,
          2.4
        ]
      },
      "id": "usp000j9m9"
    },
    {
      "type": "Feature",
      "properties": {
        "mag": 5.1,
        "place": "15 km SE of Mendarda, India",
        "time": 1319131114170,
        "updated": 1649455707463,
        "tz": null,
        "url": "https://earthquake.usgs.gov/earthquakes/eventpage/usp000j9m2",
        "detail": "https://earthquake.usgs.gov/fdsnws/event/1/query?eventid=usp000j9m2&format=geojson",
        "felt": 109,
        "cdi": 5.4,
        "mmi": 6.677,
        "alert": null,
        "status": "reviewed",
        "tsunami": 0,
        "sig": 459,
        "net": "us",
        "code": "p000j9m2",
        "ids": ",usp000j9m2,usb0006aqv,atlas20111020171834,iscgem17386823,",
        "sources": ",us,us,atlas,iscgem,",
        "types": ",associate,dyfi,impact-text,moment-tensor,origin,phase-data,shakemap,trump-shakemap,",
        "nst": 89,
        "dmin": null,
        "rms": 0.81,
        "gap": 72,
        "magType": "mwc",
        "type": "earthquake",
        "title": "M 5.1 - 15 km SE of Mendarda, India"
      },
      "geometry": {
        "type": "Point",
        "coordinates": [
          70.533,
          21.211,
          10
        ]
      },
      "id": "usp000j9m2"
    },
    {
      "type": "Feature",
      "properties": {
        "mag": 5,
        "place": "287 km WSW of Dawei, Myanmar",
        "time": 1317473337410,
        "updated": 1766419657744,
        "tz": null,
        "url": "https://earthquake.usgs.gov/earthquakes/eventpage/usp000j8te",
        "detail": "https://earthquake.usgs.gov/fdsnws/event/1/query?eventid=usp000j8te&format=geojson",
        "felt": null,
        "cdi": null,
        "mmi": null,
        "alert": null,
        "status": "reviewed",
        "tsunami": 0,
        "sig": 385,
        "net": "us",
        "code": "p000j8te",
        "ids": ",usp000j8te,iscgem17316809,",
        "sources": ",us,iscgem,",
        "types": ",impact-text,moment-tensor,origin,phase-data,",
        "nst": 93,
        "dmin": null,
        "rms": 0.72,
        "gap": 48.9,
        "magType": "mwc",
        "type": "earthquake",
        "title": "M 5.0 - 287 km WSW of Dawei, Myanmar"
      },
      "geometry": {
        "type": "Point",
        "coordinates": [
          95.784,
          12.989,
          15.1
        ]
      },
      "id": "usp000j8te"
    },
    {
      "type": "Feature",
      "properties": {
        "mag": 5.2,
        "place": "282 km WSW of Dawei, Myanmar",
        "time": 1317442939210,
        "updated": 1427164779534,
        "tz": null,
        "url": "https://earthquake.usgs.gov/earthquakes/eventpage/usp000j8t0",
        "detail": "https://earthquake.usgs.gov/fdsnws/event/1/query?eventid=usp000j8t0&format=geojson",
        "felt": 3,
        "cdi": 3.4,
        "mmi": null,
        "alert": null,
        "status": "reviewed",
        "tsunami": 0,
        "sig": 417,
        "net": "us",
        "code": "p000j8t0",
        "ids": ",usc000636n,usp000j8t0,",
        "sources": ",us,us,",
        "types": ",associate,dyfi,impact-text,origin,phase-data,",
        "nst": 135,
        "dmin": null,
        "rms": 0.82,
        "gap": 45.3,
        "magType": "mb",
        "type": "earthquake",
        "title": "M 5.2 - 282 km WSW of Dawei, Myanmar"
      },
      "geometry": {
        "type": "Point",
        "coordinates": [
          95.838,
          12.969,
          46.8
        ]
      },
      "id": "usp000j8t0"
    },
    {
      "type": "Feature",
      "properties": {
        "mag": 5,
        "place": "172 km NE of Skardu, Pakistan",
        "time": 1317121379040,
        "updated": 1427160089372,
        "tz": null,
        "url": "https://earthquake.usgs.gov/earthquakes/eventpage/usp000j8mj",
        "detail": "https://earthquake.usgs.gov/fdsnws/event/1/query?eventid=usp000j8mj&format=geojson",
        "felt": 3,
        "cdi": 3.4,
        "mmi": null,
        "alert": null,
        "status": "reviewed",
        "tsunami": 0,
        "sig": 386,
        "net": "us",
        "code": "p000j8mj",
        "ids": ",usp000j8mj,usc000611e,",
        "sources": ",us,us,",
        "types": ",associate,dyfi,impact-text,origin,phase-data,",
        "nst": 131,
        "dmin": null,
        "rms": 0.7,
        "gap": 94.5,
        "magType": "mb",
        "type": "earthquake",
        "title": "M 5.0 - 172 km NE of Skardu, Pakistan"
      },
      "geometry": {
        "type": "Point",
        "coordinates": [
          76.701,
          36.591,
          81.7
        ]
      },
      "id": "usp000j8mj"
    },
    {
      "type": "Feature",
      "properties": {
        "mag": 5.1,
        "place": "119 km NNW of Bamboo Flat, India",
        "time": 1316949738580,
        "updated": 1415324757079,
        "tz": null,
        "url": "https://earthquake.usgs.gov/earthquakes/eventpage/usp000j8hs",
        "detail": "https://earthquake.usgs.gov/fdsnws/event/1/query?eventid=usp000j8hs&format=geojson",
        "felt": null,
        "cdi": null,
        "mmi": null,
        "alert": null,
        "status": "reviewed",
        "tsunami": 0,
        "sig": 400,
        "net": "us",
        "code": "p000j8hs",
        "ids": ",usp000j8hs,",
        "sources": ",us,",
        "types": ",impact-text,origin,phase-data,",
        "nst": 46,
        "dmin": null,
        "rms": 1.01,
        "gap": 129.8,
        "magType": "mb",
        "type": "earthquake",
        "title": "M 5.1 - 119 km NNW of Bamboo Flat, India"
      },
      "geometry": {
        "type": "Point",
        "coordinates": [
          92.424,
          12.745,
          37.3
        ]
      },
      "id": "usp000j8hs"
    },
    {
      "type": "Feature",
      "properties": {
        "mag": 6.9,
        "place": "43 km NW of Mangan, India",
        "time": 1316349651830,
        "updated": 1740998234677,
        "tz": null,
        "url": "https://earthquake.usgs.gov/earthquakes/eventpage/usp000j88b",
        "detail": "https://earthquake.usgs.gov/fdsnws/event/1/query?eventid=usp000j88b&format=geojson",
        "felt": 1280,
        "cdi": 8.7,
        "mmi": 8.039,
        "alert": null,
        "status": "reviewed",
        "tsunami": 0,
        "sig": 1602,
        "net": "us",
        "code": "p000j88b",
        "ids": ",usc0005wg6,usp000j88b,choy20110918124051,duputel201109181240a,iscgem17238846,atlas20110918124051,",
        "sources": ",us,us,choy,duputel,iscgem,atlas,",
        "types": ",associate,dyfi,focal-mechanism,general-text,impact-text,moment-tensor,origin,phase-data,shakemap,trump-shakemap,",
        "nst": 383,
        "dmin": null,
        "rms": 0.96,
        "gap": 13,
        "magType": "mww",
        "type": "earthquake",
        "title": "M 6.9 - 43 km NW of Mangan, India"
      },
      "geometry": {
        "type": "Point",
        "coordinates": [
          88.155,
          27.73,
          50
        ]
      },
      "id": "usp000j88b"
    },
    {
      "type": "Feature",
      "properties": {
        "mag": 5.3,
        "place": "244 km ESE of Hotan, China",
        "time": 1316100423480,
        "updated": 1649455495986,
        "tz": null,
        "url": "https://earthquake.usgs.gov/earthquakes/eventpage/usp000j837",
        "detail": "https://earthquake.usgs.gov/fdsnws/event/1/query?eventid=usp000j837&format=geojson",
        "felt": null,
        "cdi": null,
        "mmi": null,
        "alert": null,
        "status": "reviewed",
        "tsunami": 0,
        "sig": 432,
        "net": "us",
        "code": "p000j837",
        "ids": ",usp000j837,iscgem17227498,",
        "sources": ",us,iscgem,",
        "types": ",impact-text,moment-tensor,origin,phase-data,",
        "nst": 319,
        "dmin": null,
        "rms": 0.96,
        "gap": 26,
        "magType": "mwc",
        "type": "earthquake",
        "title": "M 5.3 - 244 km ESE of Hotan, China"
      },
      "geometry": {
        "type": "Point",
        "coordinates": [
          82.51,
          36.358,
          17.8
        ]
      },
      "id": "usp000j837"
    },
    {
      "type": "Feature",
      "properties": {
        "mag": 5.3,
        "place": "47 km SSW of Jurm, Afghanistan",
        "time": 1314390760930,
        "updated": 1766419571799,
        "tz": null,
        "url": "https://earthquake.usgs.gov/earthquakes/eventpage/usp000j72h",
        "detail": "https://earthquake.usgs.gov/fdsnws/event/1/query?eventid=usp000j72h&format=geojson",
        "felt": 60,
        "cdi": 4.6,
        "mmi": null,
        "alert": null,
        "status": "reviewed",
        "tsunami": 0,
        "sig": 460,
        "net": "us",
        "code": "p000j72h",
        "ids": ",usc0005kcf,usp000j72h,iscgem17029962,",
        "sources": ",us,us,iscgem,",
        "types": ",associate,dyfi,impact-text,moment-tensor,origin,phase-data,",
        "nst": 342,
        "dmin": null,
        "rms": 0.86,
        "gap": 21.7,
        "magType": "mwc",
        "type": "earthquake",
        "title": "M 5.3 - 47 km SSW of Jurm, Afghanistan"
      },
      "geometry": {
        "type": "Point",
        "coordinates": [
          70.727,
          36.445,
          202.4
        ]
      },
      "id": "usp000j72h"
    },
    {
      "type": "Feature",
      "properties": {
        "mag": 5.1,
        "place": "41 km S of Padam, India",
        "time": 1314062576280,
        "updated": 1649455200233,
        "tz": null,
        "url": "https://earthquake.usgs.gov/earthquakes/eventpage/usp000j6w9",
        "detail": "https://earthquake.usgs.gov/fdsnws/event/1/query?eventid=usp000j6w9&format=geojson",
        "felt": null,
        "cdi": null,
        "mmi": null,
        "alert": null,
        "status": "reviewed",
        "tsunami": 0,
        "sig": 400,
        "net": "us",
        "code": "p000j6w9",
        "ids": ",usp000j6w9,iscgem16998173,",
        "sources": ",us,iscgem,",
        "types": ",impact-text,origin,phase-data,",
        "nst": 148,
        "dmin": null,
        "rms": 0.77,
        "gap": 29.4,
        "magType": "mb",
        "type": "earthquake",
        "title": "M 5.1 - 41 km S of Padam, India"
      },
      "geometry": {
        "type": "Point",
        "coordinates": [
          76.858,
          33.095,
          14.6
        ]
      },
      "id": "usp000j6w9"
    },
    {
      "type": "Feature",
      "properties": {
        "mag": 5,
        "place": "299 km SW of Laojunmiao, China",
        "time": 1313082374470,
        "updated": 1649455090364,
        "tz": null,
        "url": "https://earthquake.usgs.gov/earthquakes/eventpage/usp000j6ag",
        "detail": "https://earthquake.usgs.gov/fdsnws/event/1/query?eventid=usp000j6ag&format=geojson",
        "felt": null,
        "cdi": null,
        "mmi": null,
        "alert": null,
        "status": "reviewed",
        "tsunami": 0,
        "sig": 385,
        "net": "us",
        "code": "p000j6ag",
        "ids": ",usp000j6ag,iscgem16945994,",
        "sources": ",us,iscgem,",
        "types": ",impact-text,origin,phase-data,",
        "nst": 144,
        "dmin": null,
        "rms": 0.81,
        "gap": 38.6,
        "magType": "mb",
        "type": "earthquake",
        "title": "M 5.0 - 299 km SW of Laojunmiao, China"
      },
      "geometry": {
        "type": "Point",
        "coordinates": [
          95.69,
          37.66,
          10
        ]
      },
      "id": "usp000j6ag"
    },
    {
      "type": "Feature",
      "properties": {
        "mag": 5.3,
        "place": "western Xizang",
        "time": 1312227653480,
        "updated": 1649455023462,
        "tz": null,
        "url": "https://earthquake.usgs.gov/earthquakes/eventpage/usp000j5uj",
        "detail": "https://earthquake.usgs.gov/fdsnws/event/1/query?eventid=usp000j5uj&format=geojson",
        "felt": null,
        "cdi": null,
        "mmi": null,
        "alert": null,
        "status": "reviewed",
        "tsunami": 0,
        "sig": 432,
        "net": "us",
        "code": "p000j5uj",
        "ids": ",usp000j5uj,iscgem16912439,",
        "sources": ",us,iscgem,",
        "types": ",impact-text,moment-tensor,origin,phase-data,",
        "nst": 173,
        "dmin": null,
        "rms": 0.98,
        "gap": 70,
        "magType": "mwc",
        "type": "earthquake",
        "title": "M 5.3 - western Xizang"
      },
      "geometry": {
        "type": "Point",
        "coordinates": [
          87.574,
          33.739,
          13.6
        ]
      },
      "id": "usp000j5uj"
    },
    {
      "type": "Feature",
      "properties": {
        "mag": 5.3,
        "place": "186 km NW of Qamdo, China",
        "time": 1309074496780,
        "updated": 1766419408914,
        "tz": null,
        "url": "https://earthquake.usgs.gov/earthquakes/eventpage/usp000j3sd",
        "detail": "https://earthquake.usgs.gov/fdsnws/event/1/query?eventid=usp000j3sd&format=geojson",
        "felt": null,
        "cdi": null,
        "mmi": 5.255,
        "alert": null,
        "status": "reviewed",
        "tsunami": 0,
        "sig": 432,
        "net": "us",
        "code": "p000j3sd",
        "ids": ",usp000j3sd,iscgem16682702,",
        "sources": ",us,iscgem,",
        "types": ",impact-text,moment-tensor,origin,phase-data,shakemap,",
        "nst": 199,
        "dmin": null,
        "rms": 0.72,
        "gap": 57.7,
        "magType": "mwc",
        "type": "earthquake",
        "title": "M 5.3 - 186 km NW of Qamdo, China"
      },
      "geometry": {
        "type": "Point",
        "coordinates": [
          95.948,
          32.447,
          29.3
        ]
      },
      "id": "usp000j3sd"
    },
    {
      "type": "Feature",
      "properties": {
        "mag": 5.5,
        "place": "226 km S of Port Blair, India",
        "time": 1307086031820,
        "updated": 1658249053155,
        "tz": null,
        "url": "https://earthquake.usgs.gov/earthquakes/eventpage/usp000j2mw",
        "detail": "https://earthquake.usgs.gov/fdsnws/event/1/query?eventid=usp000j2mw&format=geojson",
        "felt": 3,
        "cdi": 2.1,
        "mmi": null,
        "alert": null,
        "status": "reviewed",
        "tsunami": 0,
        "sig": 466,
        "net": "us",
        "code": "p000j2mw",
        "ids": ",usc0003ym9,usp000j2mw,choy20110603072711,iscgem602918549,",
        "sources": ",us,us,choy,iscgem,",
        "types": ",associate,dyfi,focal-mechanism,impact-text,moment-tensor,origin,phase-data,",
        "nst": 440,
        "dmin": null,
        "rms": 0.98,
        "gap": 16.3,
        "magType": "mww",
        "type": "earthquake",
        "title": "M 5.5 - 226 km S of Port Blair, India"
      },
      "geometry": {
        "type": "Point",
        "coordinates": [
          92.459,
          9.635,
          45
        ]
      },
      "id": "usp000j2mw"
    },
    {
      "type": "Feature",
      "properties": {
        "mag": 5,
        "place": "35 km NW of Gyalshing, India",
        "time": 1307062407280,
        "updated": 1658248868905,
        "tz": null,
        "url": "https://earthquake.usgs.gov/earthquakes/eventpage/usp000j2m5",
        "detail": "https://earthquake.usgs.gov/fdsnws/event/1/query?eventid=usp000j2m5&format=geojson",
        "felt": 13,
        "cdi": 3.8,
        "mmi": null,
        "alert": null,
        "status": "reviewed",
        "tsunami": 0,
        "sig": 390,
        "net": "us",
        "code": "p000j2m5",
        "ids": ",usc0003ye1,usp000j2m5,iscgem16555902,",
        "sources": ",us,us,iscgem,",
        "types": ",associate,dyfi,impact-text,origin,phase-data,",
        "nst": 118,
        "dmin": null,
        "rms": 0.99,
        "gap": 33.7,
        "magType": "mb",
        "type": "earthquake",
        "title": "M 5.0 - 35 km NW of Gyalshing, India"
      },
      "geometry": {
        "type": "Point",
        "coordinates": [
          88.019,
          27.529,
          45.7
        ]
      },
      "id": "usp000j2m5"
    },
    {
      "type": "Feature",
      "properties": {
        "mag": 5.9,
        "place": "51 km S of Jurm, Afghanistan",
        "time": 1305407242160,
        "updated": 1658243559988,
        "tz": null,
        "url": "https://earthquake.usgs.gov/earthquakes/eventpage/usp000j1kw",
        "detail": "https://earthquake.usgs.gov/fdsnws/event/1/query?eventid=usp000j1kw&format=geojson",
        "felt": 180,
        "cdi": 4.8,
        "mmi": null,
        "alert": null,
        "status": "reviewed",
        "tsunami": 0,
        "sig": 622,
        "net": "us",
        "code": "p000j1kw",
        "ids": ",usc0003fa9,usp000j1kw,choy20110514210722,iscgem16512075,",
        "sources": ",us,us,choy,iscgem,",
        "types": ",associate,dyfi,focal-mechanism,impact-text,moment-tensor,origin,phase-data,",
        "nst": 324,
        "dmin": null,
        "rms": 0.84,
        "gap": 19.6,
        "magType": "mww",
        "type": "earthquake",
        "title": "M 5.9 - 51 km S of Jurm, Afghanistan"
      },
      "geometry": {
        "type": "Point",
        "coordinates": [
          70.748,
          36.409,
          207.3
        ]
      },
      "id": "usp000j1kw"
    },
    {
      "type": "Feature",
      "properties": {
        "mag": 5,
        "place": "34 km SSE of Jurm, Afghanistan",
        "time": 1305322769780,
        "updated": 1766419335036,
        "tz": null,
        "url": "https://earthquake.usgs.gov/earthquakes/eventpage/usp000j1jc",
        "detail": "https://earthquake.usgs.gov/fdsnws/event/1/query?eventid=usp000j1jc&format=geojson",
        "felt": 7,
        "cdi": 3.1,
        "mmi": null,
        "alert": null,
        "status": "reviewed",
        "tsunami": 0,
        "sig": 387,
        "net": "us",
        "code": "p000j1jc",
        "ids": ",usp000j1jc,usc0003eqx,iscgem16509654,",
        "sources": ",us,us,iscgem,",
        "types": ",associate,dyfi,impact-text,moment-tensor,origin,phase-data,",
        "nst": 184,
        "dmin": null,
        "rms": 0.8,
        "gap": 19.1,
        "magType": "mwc",
        "type": "earthquake",
        "title": "M 5.0 - 34 km SSE of Jurm, Afghanistan"
      },
      "geometry": {
        "type": "Point",
        "coordinates": [
          71.012,
          36.593,
          232.1
        ]
      },
      "id": "usp000j1jc"
    },
    {
      "type": "Feature",
      "properties": {
        "mag": 5,
        "place": "74 km SE of Ishqoshim, Tajikistan",
        "time": 1303692872970,
        "updated": 1658237086085,
        "tz": null,
        "url": "https://earthquake.usgs.gov/earthquakes/eventpage/usp000j0hu",
        "detail": "https://earthquake.usgs.gov/fdsnws/event/1/query?eventid=usp000j0hu&format=geojson",
        "felt": 4,
        "cdi": 3.4,
        "mmi": null,
        "alert": null,
        "status": "reviewed",
        "tsunami": 0,
        "sig": 386,
        "net": "us",
        "code": "p000j0hu",
        "ids": ",usp000j0hu,usc0002y3a,",
        "sources": ",us,us,",
        "types": ",associate,dyfi,impact-text,origin,phase-data,",
        "nst": 192,
        "dmin": null,
        "rms": 0.8,
        "gap": 48.4,
        "magType": "mb",
        "type": "earthquake",
        "title": "M 5.0 - 74 km SE of Ishqoshim, Tajikistan"
      },
      "geometry": {
        "type": "Point",
        "coordinates": [
          72.175,
          36.232,
          89.9
        ]
      },
      "id": "usp000j0hu"
    },
    {
      "type": "Feature",
      "properties": {
        "mag": 5.3,
        "place": "24 km SE of D?rchul?, Nepal",
        "time": 1301916703050,
        "updated": 1766419999001,
        "tz": null,
        "url": "https://earthquake.usgs.gov/earthquakes/eventpage/usp000hz8k",
        "detail": "https://earthquake.usgs.gov/fdsnws/event/1/query?eventid=usp000hz8k&format=geojson",
        "felt": 210,
        "cdi": 5,
        "mmi": 4.654,
        "alert": null,
        "status": "reviewed",
        "tsunami": 0,
        "sig": 537,
        "net": "us",
        "code": "p000hz8k",
        "ids": ",usc0002ipj,usp000hz8k,iscgem601129074,",
        "sources": ",us,us,iscgem,",
        "types": ",associate,dyfi,impact-text,moment-tensor,origin,phase-data,shakemap,",
        "nst": 278,
        "dmin": null,
        "rms": 0.92,
        "gap": 31.1,
        "magType": "mwb",
        "type": "earthquake",
        "title": "M 5.3 - 24 km SE of D?rchul?, Nepal"
      },
      "geometry": {
        "type": "Point",
        "coordinates": [
          80.754,
          29.698,
          26.1
        ]
      },
      "id": "usp000hz8k"
    },
    {
      "type": "Feature",
      "properties": {
        "mag": 5.8,
        "place": "42 km SSE of Jurm, Afghanistan",
        "time": 1300700941580,
        "updated": 1658223135377,
        "tz": null,
        "url": "https://earthquake.usgs.gov/earthquakes/eventpage/usp000hy55",
        "detail": "https://earthquake.usgs.gov/fdsnws/event/1/query?eventid=usp000hy55&format=geojson",
        "felt": 188,
        "cdi": 4.6,
        "mmi": 3.607,
        "alert": null,
        "status": "reviewed",
        "tsunami": 0,
        "sig": 604,
        "net": "us",
        "code": "p000hy55",
        "ids": ",usp000hy55,usc00027zu,iscgem16341179,",
        "sources": ",us,us,iscgem,",
        "types": ",associate,dyfi,impact-text,moment-tensor,origin,phase-data,shakemap,",
        "nst": 323,
        "dmin": null,
        "rms": 0.91,
        "gap": 20.5,
        "magType": "mww",
        "type": "earthquake",
        "title": "M 5.8 - 42 km SSE of Jurm, Afghanistan"
      },
      "geometry": {
        "type": "Point",
        "coordinates": [
          70.927,
          36.491,
          190.2
        ]
      },
      "id": "usp000hy55"
    },
    {
      "type": "Feature",
      "properties": {
        "mag": 5.1,
        "place": "70 km SSW of Jurm, Afghanistan",
        "time": 1299843155140,
        "updated": 1415324636634,
        "tz": null,
        "url": "https://earthquake.usgs.gov/earthquakes/eventpage/usp000hvus",
        "detail": "https://earthquake.usgs.gov/fdsnws/event/1/query?eventid=usp000hvus&format=geojson",
        "felt": null,
        "cdi": null,
        "mmi": null,
        "alert": null,
        "status": "reviewed",
        "tsunami": 0,
        "sig": 400,
        "net": "us",
        "code": "p000hvus",
        "ids": ",usp000hvus,",
        "sources": ",us,",
        "types": ",impact-text,origin,phase-data,",
        "nst": 21,
        "dmin": null,
        "rms": 0.89,
        "gap": 142.2,
        "magType": "mb",
        "type": "earthquake",
        "title": "M 5.1 - 70 km SSW of Jurm, Afghanistan"
      },
      "geometry": {
        "type": "Point",
        "coordinates": [
          70.553,
          36.271,
          192.2
        ]
      },
      "id": "usp000hvus"
    },
    {
      "type": "Feature",
      "properties": {
        "mag": 5.5,
        "place": "90 km NE of Bhamo, Myanmar",
        "time": 1299733093750,
        "updated": 1658217355506,
        "tz": null,
        "url": "https://earthquake.usgs.gov/earthquakes/eventpage/usp000hvm3",
        "detail": "https://earthquake.usgs.gov/fdsnws/event/1/query?eventid=usp000hvm3&format=geojson",
        "felt": 4,
        "cdi": 3.1,
        "mmi": 6.889,
        "alert": null,
        "status": "reviewed",
        "tsunami": 0,
        "sig": 467,
        "net": "us",
        "code": "p000hvm3",
        "ids": ",usp000hvm3,usc0001wnu,atlas20110310045813,iscgem16298683,",
        "sources": ",us,us,atlas,iscgem,",
        "types": ",associate,dyfi,impact-text,moment-tensor,origin,phase-data,shakemap,trump-shakemap,",
        "nst": 185,
        "dmin": null,
        "rms": 0.88,
        "gap": 41.9,
        "magType": "mwc",
        "type": "earthquake",
        "title": "M 5.5 - 90 km NE of Bhamo, Myanmar"
      },
      "geometry": {
        "type": "Point",
        "coordinates": [
          97.957,
          24.727,
          10
        ]
      },
      "id": "usp000hvm3"
    },
    {
      "type": "Feature",
      "properties": {
        "mag": 5.3,
        "place": "Nicobar Islands, India region",
        "time": 1299679048050,
        "updated": 1415324633661,
        "tz": null,
        "url": "https://earthquake.usgs.gov/earthquakes/eventpage/usp000hvk1",
        "detail": "https://earthquake.usgs.gov/fdsnws/event/1/query?eventid=usp000hvk1&format=geojson",
        "felt": null,
        "cdi": null,
        "mmi": null,
        "alert": null,
        "status": "reviewed",
        "tsunami": 0,
        "sig": 432,
        "net": "us",
        "code": "p000hvk1",
        "ids": ",usp000hvk1,",
        "sources": ",us,",
        "types": ",impact-text,origin,phase-data,",
        "nst": 179,
        "dmin": null,
        "rms": 0.88,
        "gap": 36,
        "magType": "mb",
        "type": "earthquake",
        "title": "M 5.3 - Nicobar Islands, India region"
      },
      "geometry": {
        "type": "Point",
        "coordinates": [
          92.411,
          8.655,
          23.7
        ]
      },
      "id": "usp000hvk1"
    },
    {
      "type": "Feature",
      "properties": {
        "mag": 6.2,
        "place": "62 km E of W?ngjing, India",
        "time": 1296827626260,
        "updated": 1658201367801,
        "tz": null,
        "url": "https://earthquake.usgs.gov/earthquakes/eventpage/usp000hu2t",
        "detail": "https://earthquake.usgs.gov/fdsnws/event/1/query?eventid=usp000hu2t&format=geojson",
        "felt": 200,
        "cdi": 6.1,
        "mmi": 5.37,
        "alert": null,
        "status": "reviewed",
        "tsunami": 0,
        "sig": 713,
        "net": "us",
        "code": "p000hu2t",
        "ids": ",usp000hu2t,usb00018qf,choy20110204135346,atlas20110204135344,iscgem602064405,",
        "sources": ",us,us,choy,atlas,iscgem,",
        "types": ",associate,dyfi,focal-mechanism,impact-text,moment-tensor,origin,phase-data,shakemap,trump-shakemap,",
        "nst": 555,
        "dmin": null,
        "rms": 1.04,
        "gap": 11.8,
        "magType": "mww",
        "type": "earthquake",
        "title": "M 6.2 - 62 km E of W?ngjing, India"
      },
      "geometry": {
        "type": "Point",
        "coordinates": [
          94.68,
          24.618,
          85
        ]
      },
      "id": "usp000hu2t"
    },
    {
      "type": "Feature",
      "properties": {
        "mag": 5.6,
        "place": "188 km SE of Port Blair, India",
        "time": 1296567587000,
        "updated": 1649453560472,
        "tz": null,
        "url": "https://earthquake.usgs.gov/earthquakes/eventpage/usp000htye",
        "detail": "https://earthquake.usgs.gov/fdsnws/event/1/query?eventid=usp000htye&format=geojson",
        "felt": null,
        "cdi": null,
        "mmi": null,
        "alert": null,
        "status": "reviewed",
        "tsunami": 0,
        "sig": 482,
        "net": "us",
        "code": "p000htye",
        "ids": ",usp000htye,iscgem15995159,",
        "sources": ",us,iscgem,",
        "types": ",impact-text,moment-tensor,origin,phase-data,",
        "nst": 145,
        "dmin": null,
        "rms": 1.14,
        "gap": 40.6,
        "magType": "mwb",
        "type": "earthquake",
        "title": "M 5.6 - 188 km SE of Port Blair, India"
      },
      "geometry": {
        "type": "Point",
        "coordinates": [
          94.109,
          10.622,
          21.8
        ]
      },
      "id": "usp000htye"
    },
    {
      "type": "Feature",
      "properties": {
        "mag": 5,
        "place": "82 km ENE of Bhamo, Myanmar",
        "time": 1293924819490,
        "updated": 1415324599754,
        "tz": null,
        "url": "https://earthquake.usgs.gov/earthquakes/eventpage/usp000hse3",
        "detail": "https://earthquake.usgs.gov/fdsnws/event/1/query?eventid=usp000hse3&format=geojson",
        "felt": null,
        "cdi": null,
        "mmi": null,
        "alert": null,
        "status": "reviewed",
        "tsunami": 0,
        "sig": 385,
        "net": "us",
        "code": "p000hse3",
        "ids": ",usp000hse3,",
        "sources": ",us,",
        "types": ",impact-text,origin,phase-data,",
        "nst": 68,
        "dmin": null,
        "rms": 0.88,
        "gap": 59.8,
        "magType": "mb",
        "type": "earthquake",
        "title": "M 5.0 - 82 km ENE of Bhamo, Myanmar"
      },
      "geometry": {
        "type": "Point",
        "coordinates": [
          97.918,
          24.653,
          21.4
        ]
      },
      "id": "usp000hse3"
    },
    {
      "type": "Feature",
      "properties": {
        "mag": 5.1,
        "place": "217 km NE of Saga, China",
        "time": 1293647459750,
        "updated": 1651530646113,
        "tz": null,
        "url": "https://earthquake.usgs.gov/earthquakes/eventpage/usp000hs93",
        "detail": "https://earthquake.usgs.gov/fdsnws/event/1/query?eventid=usp000hs93&format=geojson",
        "felt": null,
        "cdi": null,
        "mmi": null,
        "alert": null,
        "status": "reviewed",
        "tsunami": 0,
        "sig": 400,
        "net": "us",
        "code": "p000hs93",
        "ids": ",gcmtc201012291831a,usp000hs93,gcmt20101229183059,iscgem15895688,",
        "sources": ",gcmt,us,gcmt,iscgem,",
        "types": ",focal-mechanism,impact-text,moment-tensor,origin,phase-data,",
        "nst": 134,
        "dmin": null,
        "rms": 0.97,
        "gap": 35.9,
        "magType": "mwc",
        "type": "earthquake",
        "title": "M 5.1 - 217 km NE of Saga, China"
      },
      "geometry": {
        "type": "Point",
        "coordinates": [
          86.508,
          30.942,
          21.9
        ]
      },
      "id": "usp000hs93"
    },
    {
      "type": "Feature",
      "properties": {
        "mag": 5,
        "place": "9 km ENE of Wana, Pakistan",
        "time": 1292155737960,
        "updated": 1651530553372,
        "tz": null,
        "url": "https://earthquake.usgs.gov/earthquakes/eventpage/usp000hqum",
        "detail": "https://earthquake.usgs.gov/fdsnws/event/1/query?eventid=usp000hqum&format=geojson",
        "felt": null,
        "cdi": null,
        "mmi": null,
        "alert": null,
        "status": "reviewed",
        "tsunami": 0,
        "sig": 385,
        "net": "us",
        "code": "p000hqum",
        "ids": ",usp000hqum,iscgem15753819,",
        "sources": ",us,iscgem,",
        "types": ",impact-text,origin,phase-data,",
        "nst": 115,
        "dmin": null,
        "rms": 0.87,
        "gap": 39.9,
        "magType": "mb",
        "type": "earthquake",
        "title": "M 5.0 - 9 km ENE of Wana, Pakistan"
      },
      "geometry": {
        "type": "Point",
        "coordinates": [
          69.661,
          32.344,
          53.6
        ]
      },
      "id": "usp000hqum"
    },
    {
      "type": "Feature",
      "properties": {
        "mag": 5,
        "place": "58 km N of Barkhan, Pakistan",
        "time": 1292081670290,
        "updated": 1651530545725,
        "tz": null,
        "url": "https://earthquake.usgs.gov/earthquakes/eventpage/usp000hqt8",
        "detail": "https://earthquake.usgs.gov/fdsnws/event/1/query?eventid=usp000hqt8&format=geojson",
        "felt": null,
        "cdi": null,
        "mmi": null,
        "alert": null,
        "status": "reviewed",
        "tsunami": 0,
        "sig": 385,
        "net": "us",
        "code": "p000hqt8",
        "ids": ",gcmtc201012111534a,usp000hqt8,gcmt20101211153431,iscgem15743623,",
        "sources": ",gcmt,us,gcmt,iscgem,",
        "types": ",focal-mechanism,impact-text,moment-tensor,origin,phase-data,",
        "nst": 106,
        "dmin": null,
        "rms": 1.03,
        "gap": 74.7,
        "magType": "mwc",
        "type": "earthquake",
        "title": "M 5.0 - 58 km N of Barkhan, Pakistan"
      },
      "geometry": {
        "type": "Point",
        "coordinates": [
          69.462,
          30.424,
          28
        ]
      },
      "id": "usp000hqt8"
    },
    {
      "type": "Feature",
      "properties": {
        "mag": 5.4,
        "place": "56 km SW of Kulachi, Pakistan",
        "time": 1291936652990,
        "updated": 1651530513818,
        "tz": null,
        "url": "https://earthquake.usgs.gov/earthquakes/eventpage/usp000hqr4",
        "detail": "https://earthquake.usgs.gov/fdsnws/event/1/query?eventid=usp000hqr4&format=geojson",
        "felt": null,
        "cdi": null,
        "mmi": null,
        "alert": null,
        "status": "reviewed",
        "tsunami": 0,
        "sig": 449,
        "net": "us",
        "code": "p000hqr4",
        "ids": ",gcmtc201012092317a,usp000hqr4,gcmt20101209231733,iscgem15741137,",
        "sources": ",gcmt,us,gcmt,iscgem,",
        "types": ",focal-mechanism,impact-text,moment-tensor,origin,phase-data,",
        "nst": 191,
        "dmin": null,
        "rms": 0.91,
        "gap": 27.1,
        "magType": "mwc",
        "type": "earthquake",
        "title": "M 5.4 - 56 km SW of Kulachi, Pakistan"
      },
      "geometry": {
        "type": "Point",
        "coordinates": [
          70.083,
          31.53,
          14.1
        ]
      },
      "id": "usp000hqr4"
    },
    {
      "type": "Feature",
      "properties": {
        "mag": 5.3,
        "place": "42 km WSW of Dêqên, China",
        "time": 1291106396920,
        "updated": 1651530482626,
        "tz": null,
        "url": "https://earthquake.usgs.gov/earthquakes/eventpage/usp000hqb2",
        "detail": "https://earthquake.usgs.gov/fdsnws/event/1/query?eventid=usp000hqb2&format=geojson",
        "felt": null,
        "cdi": null,
        "mmi": null,
        "alert": null,
        "status": "reviewed",
        "tsunami": 0,
        "sig": 432,
        "net": "us",
        "code": "p000hqb2",
        "ids": ",gcmtc201011300839a,usp000hqb2,gcmt20101130083957,iscgem15678238,",
        "sources": ",gcmt,us,gcmt,iscgem,",
        "types": ",focal-mechanism,impact-text,moment-tensor,origin,phase-data,",
        "nst": 187,
        "dmin": null,
        "rms": 0.99,
        "gap": 38.9,
        "magType": "mwc",
        "type": "earthquake",
        "title": "M 5.3 - 42 km WSW of Dêqên, China"
      },
      "geometry": {
        "type": "Point",
        "coordinates": [
          90.329,
          29.775,
          10
        ]
      },
      "id": "usp000hqb2"
    },
    {
      "type": "Feature",
      "properties": {
        "mag": 5,
        "place": "77 km NE of Sabang, Indonesia",
        "time": 1290379901230,
        "updated": 1766419065489,
        "tz": null,
        "url": "https://earthquake.usgs.gov/earthquakes/eventpage/usp000hpya",
        "detail": "https://earthquake.usgs.gov/fdsnws/event/1/query?eventid=usp000hpya&format=geojson",
        "felt": null,
        "cdi": null,
        "mmi": null,
        "alert": null,
        "status": "reviewed",
        "tsunami": 0,
        "sig": 385,
        "net": "us",
        "code": "p000hpya",
        "ids": ",gcmtc201011212251a,usp000hpya,gcmt20101121225141,iscgem15939875,",
        "sources": ",gcmt,us,gcmt,iscgem,",
        "types": ",focal-mechanism,impact-text,moment-tensor,origin,phase-data,",
        "nst": 116,
        "dmin": null,
        "rms": 1.18,
        "gap": 37,
        "magType": "mwc",
        "type": "earthquake",
        "title": "M 5.0 - 77 km NE of Sabang, Indonesia"
      },
      "geometry": {
        "type": "Point",
        "coordinates": [
          95.739,
          6.443,
          264
        ]
      },
      "id": "usp000hpya"
    },
    {
      "type": "Feature",
      "properties": {
        "mag": 5.2,
        "place": "13 km N of Jal?l?b?d, Afghanistan",
        "time": 1289782316020,
        "updated": 1658188757959,
        "tz": null,
        "url": "https://earthquake.usgs.gov/earthquakes/eventpage/usp000hpnp",
        "detail": "https://earthquake.usgs.gov/fdsnws/event/1/query?eventid=usp000hpnp&format=geojson",
        "felt": 47,
        "cdi": 4.8,
        "mmi": null,
        "alert": null,
        "status": "reviewed",
        "tsunami": 0,
        "sig": 439,
        "net": "us",
        "code": "p000hpnp",
        "ids": ",usc0000aqr,usp000hpnp,gcmtc201011150051a,gcmt20101115005156,iscgem15650530,",
        "sources": ",us,us,gcmt,gcmt,iscgem,",
        "types": ",associate,dyfi,focal-mechanism,impact-text,moment-tensor,origin,phase-data,",
        "nst": 172,
        "dmin": null,
        "rms": 0.91,
        "gap": 26.3,
        "magType": "mwc",
        "type": "earthquake",
        "title": "M 5.2 - 13 km N of Jal?l?b?d, Afghanistan"
      },
      "geometry": {
        "type": "Point",
        "coordinates": [
          70.458,
          34.549,
          34.1
        ]
      },
      "id": "usp000hpnp"
    },
    {
      "type": "Feature",
      "properties": {
        "mag": 5.2,
        "place": "14 km SSE of Jurm, Afghanistan",
        "time": 1289421661590,
        "updated": 1766419053268,
        "tz": null,
        "url": "https://earthquake.usgs.gov/earthquakes/eventpage/usp000hpcu",
        "detail": "https://earthquake.usgs.gov/fdsnws/event/1/query?eventid=usp000hpcu&format=geojson",
        "felt": null,
        "cdi": null,
        "mmi": null,
        "alert": null,
        "status": "reviewed",
        "tsunami": 0,
        "sig": 416,
        "net": "us",
        "code": "p000hpcu",
        "ids": ",gcmtc201011102041a,usp000hpcu,gcmt20101110204101,iscgem15933103,",
        "sources": ",gcmt,us,gcmt,iscgem,",
        "types": ",focal-mechanism,impact-text,moment-tensor,origin,phase-data,",
        "nst": 17,
        "dmin": null,
        "rms": 1,
        "gap": 114.1,
        "magType": "mwc",
        "type": "earthquake",
        "title": "M 5.2 - 14 km SSE of Jurm, Afghanistan"
      },
      "geometry": {
        "type": "Point",
        "coordinates": [
          70.895,
          36.746,
          252.5
        ]
      },
      "id": "usp000hpcu"
    },
    {
      "type": "Feature",
      "properties": {
        "mag": 5.2,
        "place": "Xinjiang-Xizang border region",
        "time": 1289009563640,
        "updated": 1651530271235,
        "tz": null,
        "url": "https://earthquake.usgs.gov/earthquakes/eventpage/usp000hp69",
        "detail": "https://earthquake.usgs.gov/fdsnws/event/1/query?eventid=usp000hp69&format=geojson",
        "felt": null,
        "cdi": null,
        "mmi": null,
        "alert": null,
        "status": "reviewed",
        "tsunami": 0,
        "sig": 416,
        "net": "us",
        "code": "p000hp69",
        "ids": ",gcmtc201011060212a,usp000hp69,gcmt20101106021243,iscgem15561272,",
        "sources": ",gcmt,us,gcmt,iscgem,",
        "types": ",focal-mechanism,impact-text,moment-tensor,origin,phase-data,",
        "nst": 90,
        "dmin": null,
        "rms": 0.99,
        "gap": 45.8,
        "magType": "mwc",
        "type": "earthquake",
        "title": "M 5.2 - Xinjiang-Xizang border region"
      },
      "geometry": {
        "type": "Point",
        "coordinates": [
          87.506,
          36.636,
          10
        ]
      },
      "id": "usp000hp69"
    },
    {
      "type": "Feature",
      "properties": {
        "mag": 5.1,
        "place": "42 km SW of Ashk?sham, Afghanistan",
        "time": 1288733409110,
        "updated": 1415324570477,
        "tz": null,
        "url": "https://earthquake.usgs.gov/earthquakes/eventpage/usp000hnxm",
        "detail": "https://earthquake.usgs.gov/fdsnws/event/1/query?eventid=usp000hnxm&format=geojson",
        "felt": null,
        "cdi": null,
        "mmi": null,
        "alert": null,
        "status": "reviewed",
        "tsunami": 0,
        "sig": 400,
        "net": "us",
        "code": "p000hnxm",
        "ids": ",usp000hnxm,",
        "sources": ",us,",
        "types": ",impact-text,origin,phase-data,",
        "nst": 87,
        "dmin": null,
        "rms": 1.26,
        "gap": 59.2,
        "magType": "mb",
        "type": "earthquake",
        "title": "M 5.1 - 42 km SW of Ashk?sham, Afghanistan"
      },
      "geometry": {
        "type": "Point",
        "coordinates": [
          71.207,
          36.411,
          99.8
        ]
      },
      "id": "usp000hnxm"
    },
    {
      "type": "Feature",
      "properties": {
        "mag": 5.3,
        "place": "42 km WSW of Ashk?sham, Afghanistan",
        "time": 1288238382160,
        "updated": 1766418797963,
        "tz": null,
        "url": "https://earthquake.usgs.gov/earthquakes/eventpage/usp000hnpj",
        "detail": "https://earthquake.usgs.gov/fdsnws/event/1/query?eventid=usp000hnpj&format=geojson",
        "felt": 20,
        "cdi": 3.4,
        "mmi": null,
        "alert": null,
        "status": "reviewed",
        "tsunami": 0,
        "sig": 439,
        "net": "us",
        "code": "p000hnpj",
        "ids": ",usa00045dw,usp000hnpj,gcmtc201010280359a,gcmt20101028035942,iscgem15268290,",
        "sources": ",us,us,gcmt,gcmt,iscgem,",
        "types": ",associate,dyfi,focal-mechanism,impact-text,moment-tensor,origin,phase-data,",
        "nst": 176,
        "dmin": null,
        "rms": 1.02,
        "gap": 35.9,
        "magType": "mwc",
        "type": "earthquake",
        "title": "M 5.3 - 42 km WSW of Ashk?sham, Afghanistan"
      },
      "geometry": {
        "type": "Point",
        "coordinates": [
          71.101,
          36.517,
          187.7
        ]
      },
      "id": "usp000hnpj"
    },
    {
      "type": "Feature",
      "properties": {
        "mag": 5,
        "place": "145 km NNW of Bamboo Flat, India",
        "time": 1287310511730,
        "updated": 1415324563058,
        "tz": null,
        "url": "https://earthquake.usgs.gov/earthquakes/eventpage/usp000hn73",
        "detail": "https://earthquake.usgs.gov/fdsnws/event/1/query?eventid=usp000hn73&format=geojson",
        "felt": null,
        "cdi": null,
        "mmi": null,
        "alert": null,
        "status": "reviewed",
        "tsunami": 0,
        "sig": 385,
        "net": "us",
        "code": "p000hn73",
        "ids": ",usp000hn73,",
        "sources": ",us,",
        "types": ",impact-text,origin,phase-data,",
        "nst": 84,
        "dmin": null,
        "rms": 1.11,
        "gap": 55.4,
        "magType": "mb",
        "type": "earthquake",
        "title": "M 5.0 - 145 km NNW of Bamboo Flat, India"
      },
      "geometry": {
        "type": "Point",
        "coordinates": [
          92.355,
          12.964,
          35
        ]
      },
      "id": "usp000hn73"
    },
    {
      "type": "Feature",
      "properties": {
        "mag": 5.3,
        "place": "135 km NW of Sabang, Indonesia",
        "time": 1287258711270,
        "updated": 1766418781869,
        "tz": null,
        "url": "https://earthquake.usgs.gov/earthquakes/eventpage/usp000hn65",
        "detail": "https://earthquake.usgs.gov/fdsnws/event/1/query?eventid=usp000hn65&format=geojson",
        "felt": null,
        "cdi": null,
        "mmi": null,
        "alert": null,
        "status": "reviewed",
        "tsunami": 0,
        "sig": 432,
        "net": "us",
        "code": "p000hn65",
        "ids": ",gcmtc201010161951a,usp000hn65,gcmt20101016195151,iscgem15254699,",
        "sources": ",gcmt,us,gcmt,iscgem,",
        "types": ",focal-mechanism,impact-text,moment-tensor,origin,phase-data,",
        "nst": 395,
        "dmin": null,
        "rms": 1.02,
        "gap": 19.1,
        "magType": "mwb",
        "type": "earthquake",
        "title": "M 5.3 - 135 km NW of Sabang, Indonesia"
      },
      "geometry": {
        "type": "Point",
        "coordinates": [
          94.341,
          6.63,
          94.3
        ]
      },
      "id": "usp000hn65"
    },
    {
      "type": "Feature",
      "properties": {
        "mag": 5.2,
        "place": "14 km SSW of Haripur, Pakistan",
        "time": 1286747065910,
        "updated": 1658181319085,
        "tz": null,
        "url": "https://earthquake.usgs.gov/earthquakes/eventpage/usp000hmyg",
        "detail": "https://earthquake.usgs.gov/fdsnws/event/1/query?eventid=usp000hmyg&format=geojson",
        "felt": 74,
        "cdi": 5.3,
        "mmi": 4.521,
        "alert": null,
        "status": "reviewed",
        "tsunami": 0,
        "sig": 455,
        "net": "us",
        "code": "p000hmyg",
        "ids": ",usp000hmyg,usa0003y13,iscgem15239072,atlas20101010214425,",
        "sources": ",us,us,iscgem,atlas,",
        "types": ",associate,dyfi,impact-text,origin,phase-data,shakemap,",
        "nst": 168,
        "dmin": null,
        "rms": 0.97,
        "gap": 29,
        "magType": "mb",
        "type": "earthquake",
        "title": "M 5.2 - 14 km SSW of Haripur, Pakistan"
      },
      "geometry": {
        "type": "Point",
        "coordinates": [
          72.887,
          33.869,
          33.2
        ]
      },
      "id": "usp000hmyg"
    },
    {
      "type": "Feature",
      "properties": {
        "mag": 5.2,
        "place": "21 km SSE of Barkhan, Pakistan",
        "time": 1286387383420,
        "updated": 1651530114406,
        "tz": null,
        "url": "https://earthquake.usgs.gov/earthquakes/eventpage/usp000hmpm",
        "detail": "https://earthquake.usgs.gov/fdsnws/event/1/query?eventid=usp000hmpm&format=geojson",
        "felt": null,
        "cdi": null,
        "mmi": null,
        "alert": null,
        "status": "reviewed",
        "tsunami": 0,
        "sig": 416,
        "net": "us",
        "code": "p000hmpm",
        "ids": ",usp000hmpm,iscgem15233640,",
        "sources": ",us,iscgem,",
        "types": ",impact-text,origin,phase-data,",
        "nst": 88,
        "dmin": null,
        "rms": 0.83,
        "gap": 59.3,
        "magType": "mb",
        "type": "earthquake",
        "title": "M 5.2 - 21 km SSE of Barkhan, Pakistan"
      },
      "geometry": {
        "type": "Point",
        "coordinates": [
          69.587,
          29.715,
          10
        ]
      },
      "id": "usp000hmpm"
    },
    {
      "type": "Feature",
      "properties": {
        "mag": 6.3,
        "place": "47 km S of Jurm, Afghanistan",
        "time": 1284751275010,
        "updated": 1658175591478,
        "tz": null,
        "url": "https://earthquake.usgs.gov/earthquakes/eventpage/usp000hkv7",
        "detail": "https://earthquake.usgs.gov/fdsnws/event/1/query?eventid=usp000hkv7&format=geojson",
        "felt": 549,
        "cdi": 5.4,
        "mmi": 4.122,
        "alert": null,
        "status": "reviewed",
        "tsunami": 0,
        "sig": 907,
        "net": "us",
        "code": "p000hkv7",
        "ids": ",us2010bhb1,usp000hkv7,choy20100917192115,gcmtc201009171921a,gcmt20100917192115,iscgem15193900,",
        "sources": ",us,us,choy,gcmt,gcmt,iscgem,",
        "types": ",associate,dyfi,focal-mechanism,impact-text,moment-tensor,origin,phase-data,shakemap,",
        "nst": 385,
        "dmin": null,
        "rms": 1.11,
        "gap": 30,
        "magType": "mwb",
        "type": "earthquake",
        "title": "M 6.3 - 47 km S of Jurm, Afghanistan"
      },
      "geometry": {
        "type": "Point",
        "coordinates": [
          70.774,
          36.443,
          220.1
        ]
      },
      "id": "usp000hkv7"
    },
    {
      "type": "Feature",
      "properties": {
        "mag": 5.8,
        "place": "251 km NNW of Sabang, Indonesia",
        "time": 1284205388600,
        "updated": 1651529949713,
        "tz": null,
        "url": "https://earthquake.usgs.gov/earthquakes/eventpage/usp000hkk2",
        "detail": "https://earthquake.usgs.gov/fdsnws/event/1/query?eventid=usp000hkk2&format=geojson",
        "felt": null,
        "cdi": null,
        "mmi": null,
        "alert": null,
        "status": "reviewed",
        "tsunami": 0,
        "sig": 518,
        "net": "us",
        "code": "p000hkk2",
        "ids": ",gcmtc201009111143a,usp000hkk2,gcmt20100911114308,iscgem15178963,",
        "sources": ",gcmt,us,gcmt,iscgem,",
        "types": ",focal-mechanism,impact-text,moment-tensor,origin,phase-data,",
        "nst": 237,
        "dmin": null,
        "rms": 1.04,
        "gap": 36,
        "magType": "mwc",
        "type": "earthquake",
        "title": "M 5.8 - 251 km NNW of Sabang, Indonesia"
      },
      "geometry": {
        "type": "Point",
        "coordinates": [
          94.057,
          7.788,
          10
        ]
      },
      "id": "usp000hkk2"
    },
    {
      "type": "Feature",
      "properties": {
        "mag": 5.1,
        "place": "27 km S of Son?rgaon, Bangladesh",
        "time": 1284139456610,
        "updated": 1658174210575,
        "tz": null,
        "url": "https://earthquake.usgs.gov/earthquakes/eventpage/usp000hkhw",
        "detail": "https://earthquake.usgs.gov/fdsnws/event/1/query?eventid=usp000hkhw&format=geojson",
        "felt": 162,
        "cdi": 5,
        "mmi": 6.189,
        "alert": null,
        "status": "reviewed",
        "tsunami": 0,
        "sig": 481,
        "net": "us",
        "code": "p000hkhw",
        "ids": ",usp000hkhw,us2010baa1,gcmtc201009101724a,gcmt20100910172416,atlas20100910172416,iscgem15177669,",
        "sources": ",us,us,gcmt,gcmt,atlas,iscgem,",
        "types": ",associate,dyfi,focal-mechanism,impact-text,moment-tensor,origin,phase-data,shakemap,",
        "nst": 73,
        "dmin": null,
        "rms": 1.07,
        "gap": 50.3,
        "magType": "mwc",
        "type": "earthquake",
        "title": "M 5.1 - 27 km S of Son?rgaon, Bangladesh"
      },
      "geometry": {
        "type": "Point",
        "coordinates": [
          90.648,
          23.407,
          10
        ]
      },
      "id": "usp000hkhw"
    },
    {
      "type": "Feature",
      "properties": {
        "mag": 5.1,
        "place": "251 km NNW of Qamdo, China",
        "time": 1283892656710,
        "updated": 1651529921292,
        "tz": null,
        "url": "https://earthquake.usgs.gov/earthquakes/eventpage/usp000hkdy",
        "detail": "https://earthquake.usgs.gov/fdsnws/event/1/query?eventid=usp000hkdy&format=geojson",
        "felt": null,
        "cdi": null,
        "mmi": null,
        "alert": null,
        "status": "reviewed",
        "tsunami": 0,
        "sig": 400,
        "net": "us",
        "code": "p000hkdy",
        "ids": ",gcmtc201009072051a,usp000hkdy,gcmt20100907205056,iscgem15169407,",
        "sources": ",gcmt,us,gcmt,iscgem,",
        "types": ",focal-mechanism,impact-text,moment-tensor,origin,phase-data,",
        "nst": 73,
        "dmin": null,
        "rms": 1.05,
        "gap": 74.8,
        "magType": "mwc",
        "type": "earthquake",
        "title": "M 5.1 - 251 km NNW of Qamdo, China"
      },
      "geometry": {
        "type": "Point",
        "coordinates": [
          96.312,
          33.279,
          2.4
        ]
      },
      "id": "usp000hkdy"
    },
    {
      "type": "Feature",
      "properties": {
        "mag": 5.1,
        "place": "121 km N of Bamboo Flat, India",
        "time": 1283386599460,
        "updated": 1658172243146,
        "tz": null,
        "url": "https://earthquake.usgs.gov/earthquakes/eventpage/usp000hk1h",
        "detail": "https://earthquake.usgs.gov/fdsnws/event/1/query?eventid=usp000hk1h&format=geojson",
        "felt": 2,
        "cdi": 4.3,
        "mmi": null,
        "alert": null,
        "status": "reviewed",
        "tsunami": 0,
        "sig": 401,
        "net": "us",
        "code": "p000hk1h",
        "ids": ",usp000hk1h,us2010asac,",
        "sources": ",us,us,",
        "types": ",associate,dyfi,impact-text,origin,phase-data,",
        "nst": 112,
        "dmin": null,
        "rms": 1.15,
        "gap": 44.7,
        "magType": "mb",
        "type": "earthquake",
        "title": "M 5.1 - 121 km N of Bamboo Flat, India"
      },
      "geometry": {
        "type": "Point",
        "coordinates": [
          92.563,
          12.788,
          24.7
        ]
      },
      "id": "usp000hk1h"
    },
    {
      "type": "Feature",
      "properties": {
        "mag": 5,
        "place": "31 km SW of Ashk?sham, Afghanistan",
        "time": 1282638859610,
        "updated": 1766418589133,
        "tz": null,
        "url": "https://earthquake.usgs.gov/earthquakes/eventpage/usp000hjpf",
        "detail": "https://earthquake.usgs.gov/fdsnws/event/1/query?eventid=usp000hjpf&format=geojson",
        "felt": null,
        "cdi": null,
        "mmi": null,
        "alert": null,
        "status": "reviewed",
        "tsunami": 0,
        "sig": 385,
        "net": "us",
        "code": "p000hjpf",
        "ids": ",gcmtc201008240834a,usp000hjpf,gcmt20100824083419,iscgem15112977,",
        "sources": ",gcmt,us,gcmt,iscgem,",
        "types": ",focal-mechanism,impact-text,moment-tensor,origin,phase-data,",
        "nst": 184,
        "dmin": null,
        "rms": 0.93,
        "gap": 40.4,
        "magType": "mwc",
        "type": "earthquake",
        "title": "M 5.0 - 31 km SW of Ashk?sham, Afghanistan"
      },
      "geometry": {
        "type": "Point",
        "coordinates": [
          71.251,
          36.508,
          226.1
        ]
      },
      "id": "usp000hjpf"
    },
    {
      "type": "Feature",
      "properties": {
        "mag": 5.1,
        "place": "260 km ESE of Port Blair, India",
        "time": 1282256358580,
        "updated": 1415324536084,
        "tz": null,
        "url": "https://earthquake.usgs.gov/earthquakes/eventpage/usp000hjft",
        "detail": "https://earthquake.usgs.gov/fdsnws/event/1/query?eventid=usp000hjft&format=geojson",
        "felt": null,
        "cdi": null,
        "mmi": null,
        "alert": null,
        "status": "reviewed",
        "tsunami": 0,
        "sig": 400,
        "net": "us",
        "code": "p000hjft",
        "ids": ",usp000hjft,",
        "sources": ",us,",
        "types": ",impact-text,origin,phase-data,",
        "nst": 75,
        "dmin": null,
        "rms": 0.87,
        "gap": 69.9,
        "magType": "mb",
        "type": "earthquake",
        "title": "M 5.1 - 260 km ESE of Port Blair, India"
      },
      "geometry": {
        "type": "Point",
        "coordinates": [
          95.071,
          11.141,
          20
        ]
      },
      "id": "usp000hjft"
    },
    {
      "type": "Feature",
      "properties": {
        "mag": 5.4,
        "place": "242 km E of Port Blair, India",
        "time": 1282009168500,
        "updated": 1766418574674,
        "tz": null,
        "url": "https://earthquake.usgs.gov/earthquakes/eventpage/usp000hjar",
        "detail": "https://earthquake.usgs.gov/fdsnws/event/1/query?eventid=usp000hjar&format=geojson",
        "felt": null,
        "cdi": null,
        "mmi": null,
        "alert": null,
        "status": "reviewed",
        "tsunami": 0,
        "sig": 449,
        "net": "us",
        "code": "p000hjar",
        "ids": ",gcmtc201008170139a,usp000hjar,gcmt20100817013928,iscgem15090763,",
        "sources": ",gcmt,us,gcmt,iscgem,",
        "types": ",focal-mechanism,impact-text,moment-tensor,origin,phase-data,",
        "nst": 98,
        "dmin": null,
        "rms": 0.87,
        "gap": 42,
        "magType": "mwc",
        "type": "earthquake",
        "title": "M 5.4 - 242 km E of Port Blair, India"
      },
      "geometry": {
        "type": "Point",
        "coordinates": [
          94.973,
          11.602,
          13.8
        ]
      },
      "id": "usp000hjar"
    },
    {
      "type": "Feature",
      "properties": {
        "mag": 5.2,
        "place": "211 km N of Bamboo Flat, India",
        "time": 1281392503230,
        "updated": 1651529265530,
        "tz": null,
        "url": "https://earthquake.usgs.gov/earthquakes/eventpage/usp000hhu0",
        "detail": "https://earthquake.usgs.gov/fdsnws/event/1/query?eventid=usp000hhu0&format=geojson",
        "felt": null,
        "cdi": null,
        "mmi": null,
        "alert": null,
        "status": "reviewed",
        "tsunami": 0,
        "sig": 416,
        "net": "us",
        "code": "p000hhu0",
        "ids": ",gcmtc201008092221a,usp000hhu0,gcmt20100809222143,iscgem15080171,",
        "sources": ",gcmt,us,gcmt,iscgem,",
        "types": ",focal-mechanism,impact-text,moment-tensor,origin,phase-data,",
        "nst": 164,
        "dmin": null,
        "rms": 0.85,
        "gap": 26.9,
        "magType": "mwc",
        "type": "earthquake",
        "title": "M 5.2 - 211 km N of Bamboo Flat, India"
      },
      "geometry": {
        "type": "Point",
        "coordinates": [
          92.817,
          13.608,
          20.9
        ]
      },
      "id": "usp000hhu0"
    },
    {
      "type": "Feature",
      "properties": {
        "mag": 5,
        "place": "202 km NNE of Shi Yomi, India",
        "time": 1281322490810,
        "updated": 1651529249380,
        "tz": null,
        "url": "https://earthquake.usgs.gov/earthquakes/eventpage/usp000hhsx",
        "detail": "https://earthquake.usgs.gov/fdsnws/event/1/query?eventid=usp000hhsx&format=geojson",
        "felt": null,
        "cdi": null,
        "mmi": null,
        "alert": null,
        "status": "reviewed",
        "tsunami": 0,
        "sig": 385,
        "net": "us",
        "code": "p000hhsx",
        "ids": ",usp000hhsx,iscgem15080148,",
        "sources": ",us,iscgem,",
        "types": ",impact-text,origin,phase-data,",
        "nst": 82,
        "dmin": null,
        "rms": 0.84,
        "gap": 70.4,
        "magType": "mb",
        "type": "earthquake",
        "title": "M 5.0 - 202 km NNE of Shi Yomi, India"
      },
      "geometry": {
        "type": "Point",
        "coordinates": [
          94.829,
          30.309,
          44.8
        ]
      },
      "id": "usp000hhsx"
    },
    {
      "type": "Feature",
      "properties": {
        "mag": 5.1,
        "place": "97 km SE of Port Blair, India",
        "time": 1280800092880,
        "updated": 1658165393239,
        "tz": null,
        "url": "https://earthquake.usgs.gov/earthquakes/eventpage/usp000hhdk",
        "detail": "https://earthquake.usgs.gov/fdsnws/event/1/query?eventid=usp000hhdk&format=geojson",
        "felt": 5,
        "cdi": 3.8,
        "mmi": 3.506,
        "alert": null,
        "status": "reviewed",
        "tsunami": 0,
        "sig": 402,
        "net": "us",
        "code": "p000hhdk",
        "ids": ",us2010zmag,usp000hhdk,atlas20100803014812,",
        "sources": ",us,us,atlas,",
        "types": ",associate,dyfi,impact-text,origin,phase-data,shakemap,trump-shakemap,",
        "nst": 174,
        "dmin": null,
        "rms": 0.98,
        "gap": 24,
        "magType": "mb",
        "type": "earthquake",
        "title": "M 5.1 - 97 km SE of Port Blair, India"
      },
      "geometry": {
        "type": "Point",
        "coordinates": [
          93.246,
          10.94,
          83.8
        ]
      },
      "id": "usp000hhdk"
    },
    {
      "type": "Feature",
      "properties": {
        "mag": 5.2,
        "place": "Nicobar Islands, India region",
        "time": 1278882505420,
        "updated": 1415324512584,
        "tz": null,
        "url": "https://earthquake.usgs.gov/earthquakes/eventpage/usp000hf5w",
        "detail": "https://earthquake.usgs.gov/fdsnws/event/1/query?eventid=usp000hf5w&format=geojson",
        "felt": null,
        "cdi": null,
        "mmi": null,
        "alert": null,
        "status": "reviewed",
        "tsunami": 0,
        "sig": 416,
        "net": "us",
        "code": "p000hf5w",
        "ids": ",usp000hf5w,",
        "sources": ",us,",
        "types": ",impact-text,origin,phase-data,",
        "nst": 85,
        "dmin": null,
        "rms": 0.9,
        "gap": 61.5,
        "magType": "mb",
        "type": "earthquake",
        "title": "M 5.2 - Nicobar Islands, India region"
      },
      "geometry": {
        "type": "Point",
        "coordinates": [
          91.898,
          7.596,
          42.8
        ]
      },
      "id": "usp000hf5w"
    },
    {
      "type": "Feature",
      "properties": {
        "mag": 5,
        "place": "Andaman Islands, India region",
        "time": 1278596818420,
        "updated": 1651528946028,
        "tz": null,
        "url": "https://earthquake.usgs.gov/earthquakes/eventpage/usp000hf1a",
        "detail": "https://earthquake.usgs.gov/fdsnws/event/1/query?eventid=usp000hf1a&format=geojson",
        "felt": null,
        "cdi": null,
        "mmi": null,
        "alert": null,
        "status": "reviewed",
        "tsunami": 0,
        "sig": 385,
        "net": "us",
        "code": "p000hf1a",
        "ids": ",gcmtc201007081346a,usp000hf1a,gcmt20100708134658,iscgem14931158,",
        "sources": ",gcmt,us,gcmt,iscgem,",
        "types": ",focal-mechanism,impact-text,moment-tensor,origin,phase-data,",
        "nst": 142,
        "dmin": null,
        "rms": 0.93,
        "gap": 53,
        "magType": "mwc",
        "type": "earthquake",
        "title": "M 5.0 - Andaman Islands, India region"
      },
      "geometry": {
        "type": "Point",
        "coordinates": [
          93.26,
          14.372,
          35
        ]
      },
      "id": "usp000hf1a"
    },
    {
      "type": "Feature",
      "properties": {
        "mag": 5,
        "place": "11 km W of Dh?rchula, India",
        "time": 1278443305870,
        "updated": 1658159340686,
        "tz": null,
        "url": "https://earthquake.usgs.gov/earthquakes/eventpage/usp000hez9",
        "detail": "https://earthquake.usgs.gov/fdsnws/event/1/query?eventid=usp000hez9&format=geojson",
        "felt": 6,
        "cdi": 2,
        "mmi": 4.1,
        "alert": null,
        "status": "reviewed",
        "tsunami": 0,
        "sig": 386,
        "net": "us",
        "code": "p000hez9",
        "ids": ",usp000hez9,us2010yjbi,gcmtc201007061908a,gcmt20100706190825,atlas20100706190825,iscgem14883226,",
        "sources": ",us,us,gcmt,gcmt,atlas,iscgem,",
        "types": ",associate,dyfi,focal-mechanism,impact-text,moment-tensor,origin,phase-data,shakemap,trump-shakemap,",
        "nst": 133,
        "dmin": null,
        "rms": 0.8,
        "gap": 47.5,
        "magType": "mwc",
        "type": "earthquake",
        "title": "M 5.0 - 11 km W of Dh?rchula, India"
      },
      "geometry": {
        "type": "Point",
        "coordinates": [
          80.397,
          29.841,
          32.8
        ]
      },
      "id": "usp000hez9"
    },
    {
      "type": "Feature",
      "properties": {
        "mag": 5.4,
        "place": "168 km SSW of Port Blair, India",
        "time": 1278094989050,
        "updated": 1651528873245,
        "tz": null,
        "url": "https://earthquake.usgs.gov/earthquakes/eventpage/usp000heu1",
        "detail": "https://earthquake.usgs.gov/fdsnws/event/1/query?eventid=usp000heu1&format=geojson",
        "felt": null,
        "cdi": null,
        "mmi": null,
        "alert": null,
        "status": "reviewed",
        "tsunami": 0,
        "sig": 449,
        "net": "us",
        "code": "p000heu1",
        "ids": ",gcmtc201007021823a,usp000heu1,gcmt20100702182309,iscgem14834815,",
        "sources": ",gcmt,us,gcmt,iscgem,",
        "types": ",focal-mechanism,impact-text,moment-tensor,origin,phase-data,",
        "nst": 204,
        "dmin": null,
        "rms": 1.05,
        "gap": 36.1,
        "magType": "mwc",
        "type": "earthquake",
        "title": "M 5.4 - 168 km SSW of Port Blair, India"
      },
      "geometry": {
        "type": "Point",
        "coordinates": [
          92.249,
          10.227,
          24.8
        ]
      },
      "id": "usp000heu1"
    },
    {
      "type": "Feature",
      "properties": {
        "mag": 5,
        "place": "272 km WSW of Dawei, Myanmar",
        "time": 1277635907720,
        "updated": 1766418473643,
        "tz": null,
        "url": "https://earthquake.usgs.gov/earthquakes/eventpage/usp000hekp",
        "detail": "https://earthquake.usgs.gov/fdsnws/event/1/query?eventid=usp000hekp&format=geojson",
        "felt": null,
        "cdi": null,
        "mmi": null,
        "alert": null,
        "status": "reviewed",
        "tsunami": 0,
        "sig": 385,
        "net": "us",
        "code": "p000hekp",
        "ids": ",gcmtc201006271051a,usp000hekp,gcmt20100627105147,iscgem14788272,",
        "sources": ",gcmt,us,gcmt,iscgem,",
        "types": ",focal-mechanism,impact-text,moment-tensor,origin,phase-data,",
        "nst": 67,
        "dmin": null,
        "rms": 1.08,
        "gap": 45.3,
        "magType": "mwc",
        "type": "earthquake",
        "title": "M 5.0 - 272 km WSW of Dawei, Myanmar"
      },
      "geometry": {
        "type": "Point",
        "coordinates": [
          95.768,
          13.417,
          39.6
        ]
      },
      "id": "usp000hekp"
    },
    {
      "type": "Feature",
      "properties": {
        "mag": 5,
        "place": "253 km S of Bogale, Myanmar",
        "time": 1277631831360,
        "updated": 1766418472543,
        "tz": null,
        "url": "https://earthquake.usgs.gov/earthquakes/eventpage/usp000hekm",
        "detail": "https://earthquake.usgs.gov/fdsnws/event/1/query?eventid=usp000hekm&format=geojson",
        "felt": null,
        "cdi": null,
        "mmi": null,
        "alert": null,
        "status": "reviewed",
        "tsunami": 0,
        "sig": 385,
        "net": "us",
        "code": "p000hekm",
        "ids": ",gcmtc201006270943a,usp000hekm,gcmt20100627094351,iscgem14788267,",
        "sources": ",gcmt,us,gcmt,iscgem,",
        "types": ",focal-mechanism,impact-text,moment-tensor,origin,phase-data,",
        "nst": 55,
        "dmin": null,
        "rms": 1.38,
        "gap": 155.6,
        "magType": "mwc",
        "type": "earthquake",
        "title": "M 5.0 - 253 km S of Bogale, Myanmar"
      },
      "geometry": {
        "type": "Point",
        "coordinates": [
          95.347,
          14.002,
          34.8
        ]
      },
      "id": "usp000hekm"
    },
    {
      "type": "Feature",
      "properties": {
        "mag": 5.2,
        "place": "Nicobar Islands, India region",
        "time": 1277450940690,
        "updated": 1766418465519,
        "tz": null,
        "url": "https://earthquake.usgs.gov/earthquakes/eventpage/usp000hegr",
        "detail": "https://earthquake.usgs.gov/fdsnws/event/1/query?eventid=usp000hegr&format=geojson",
        "felt": null,
        "cdi": null,
        "mmi": null,
        "alert": null,
        "status": "reviewed",
        "tsunami": 0,
        "sig": 416,
        "net": "us",
        "code": "p000hegr",
        "ids": ",gcmtc201006250729a,usp000hegr,gcmt20100625072900,iscgem14786365,",
        "sources": ",gcmt,us,gcmt,iscgem,",
        "types": ",focal-mechanism,impact-text,moment-tensor,origin,phase-data,",
        "nst": 140,
        "dmin": null,
        "rms": 0.88,
        "gap": 42.9,
        "magType": "mwc",
        "type": "earthquake",
        "title": "M 5.2 - Nicobar Islands, India region"
      },
      "geometry": {
        "type": "Point",
        "coordinates": [
          91.856,
          7.588,
          35
        ]
      },
      "id": "usp000hegr"
    },
    {
      "type": "Feature",
      "properties": {
        "mag": 5,
        "place": "Nicobar Islands, India region",
        "time": 1277402866760,
        "updated": 1415324503993,
        "tz": null,
        "url": "https://earthquake.usgs.gov/earthquakes/eventpage/usp000hefx",
        "detail": "https://earthquake.usgs.gov/fdsnws/event/1/query?eventid=usp000hefx&format=geojson",
        "felt": null,
        "cdi": null,
        "mmi": null,
        "alert": null,
        "status": "reviewed",
        "tsunami": 0,
        "sig": 385,
        "net": "us",
        "code": "p000hefx",
        "ids": ",usp000hefx,",
        "sources": ",us,",
        "types": ",impact-text,origin,phase-data,",
        "nst": 51,
        "dmin": null,
        "rms": 0.94,
        "gap": 83.2,
        "magType": "mb",
        "type": "earthquake",
        "title": "M 5.0 - Nicobar Islands, India region"
      },
      "geometry": {
        "type": "Point",
        "coordinates": [
          91.979,
          7.622,
          26.1
        ]
      },
      "id": "usp000hefx"
    },
    {
      "type": "Feature",
      "properties": {
        "mag": 5.5,
        "place": "Nicobar Islands, India region",
        "time": 1277352515060,
        "updated": 1651528803595,
        "tz": null,
        "url": "https://earthquake.usgs.gov/earthquakes/eventpage/usp000heey",
        "detail": "https://earthquake.usgs.gov/fdsnws/event/1/query?eventid=usp000heey&format=geojson",
        "felt": null,
        "cdi": null,
        "mmi": null,
        "alert": null,
        "status": "reviewed",
        "tsunami": 0,
        "sig": 465,
        "net": "us",
        "code": "p000heey",
        "ids": ",gcmtc201006240408a,usp000heey,gcmt20100624040835,iscgem14782932,",
        "sources": ",gcmt,us,gcmt,iscgem,",
        "types": ",focal-mechanism,impact-text,moment-tensor,origin,phase-data,",
        "nst": 184,
        "dmin": null,
        "rms": 1.24,
        "gap": 62,
        "magType": "mwb",
        "type": "earthquake",
        "title": "M 5.5 - Nicobar Islands, India region"
      },
      "geometry": {
        "type": "Point",
        "coordinates": [
          91.958,
          7.696,
          20.5
        ]
      },
      "id": "usp000heey"
    },
    {
      "type": "Feature",
      "properties": {
        "mag": 5.2,
        "place": "9 km WNW of Dh?rchula, India",
        "time": 1277248450840,
        "updated": 1651528800088,
        "tz": null,
        "url": "https://earthquake.usgs.gov/earthquakes/eventpage/usp000hed7",
        "detail": "https://earthquake.usgs.gov/fdsnws/event/1/query?eventid=usp000hed7&format=geojson",
        "felt": null,
        "cdi": null,
        "mmi": 4.911,
        "alert": null,
        "status": "reviewed",
        "tsunami": 0,
        "sig": 416,
        "net": "us",
        "code": "p000hed7",
        "ids": ",usp000hed7,iscgem14781295,atlas20100622231410,",
        "sources": ",us,iscgem,atlas,",
        "types": ",impact-text,origin,phase-data,shakemap,",
        "nst": 174,
        "dmin": null,
        "rms": 0.95,
        "gap": 48.2,
        "magType": "mb",
        "type": "earthquake",
        "title": "M 5.2 - 9 km WNW of Dh?rchula, India"
      },
      "geometry": {
        "type": "Point",
        "coordinates": [
          80.428,
          29.872,
          16.3
        ]
      },
      "id": "usp000hed7"
    },
    {
      "type": "Feature",
      "properties": {
        "mag": 5,
        "place": "Nicobar Islands, India region",
        "time": 1277196306780,
        "updated": 1415324503508,
        "tz": null,
        "url": "https://earthquake.usgs.gov/earthquakes/eventpage/usp000hece",
        "detail": "https://earthquake.usgs.gov/fdsnws/event/1/query?eventid=usp000hece&format=geojson",
        "felt": null,
        "cdi": null,
        "mmi": null,
        "alert": null,
        "status": "reviewed",
        "tsunami": 0,
        "sig": 385,
        "net": "us",
        "code": "p000hece",
        "ids": ",usp000hece,",
        "sources": ",us,",
        "types": ",impact-text,origin,phase-data,",
        "nst": 33,
        "dmin": null,
        "rms": 0.81,
        "gap": 104.9,
        "magType": "mb",
        "type": "earthquake",
        "title": "M 5.0 - Nicobar Islands, India region"
      },
      "geometry": {
        "type": "Point",
        "coordinates": [
          91.879,
          7.563,
          27.8
        ]
      },
      "id": "usp000hece"
    },
    {
      "type": "Feature",
      "properties": {
        "mag": 5.9,
        "place": "170 km NNE of Bamboo Flat, India",
        "time": 1276902571020,
        "updated": 1657986731699,
        "tz": null,
        "url": "https://earthquake.usgs.gov/earthquakes/eventpage/usp000he8q",
        "detail": "https://earthquake.usgs.gov/fdsnws/event/1/query?eventid=usp000he8q&format=geojson",
        "felt": 4,
        "cdi": 6.3,
        "mmi": 5.5,
        "alert": null,
        "status": "reviewed",
        "tsunami": 0,
        "sig": 538,
        "net": "us",
        "code": "p000he8q",
        "ids": ",usp000he8q,us2010xrcb,choy20100618230931,gcmtc201006182309a,gcmt20100618230931,atlas20100618230931,iscgem14775225,",
        "sources": ",us,us,choy,gcmt,gcmt,atlas,iscgem,",
        "types": ",associate,dyfi,focal-mechanism,impact-text,moment-tensor,origin,phase-data,shakemap,",
        "nst": 376,
        "dmin": null,
        "rms": 0.86,
        "gap": 27.9,
        "magType": "mwc",
        "type": "earthquake",
        "title": "M 5.9 - 170 km NNE of Bamboo Flat, India"
      },
      "geometry": {
        "type": "Point",
        "coordinates": [
          93.087,
          13.197,
          20
        ]
      },
      "id": "usp000he8q"
    },
    {
      "type": "Feature",
      "properties": {
        "mag": 5,
        "place": "Nicobar Islands, India region",
        "time": 1276644267650,
        "updated": 1766418459420,
        "tz": null,
        "url": "https://earthquake.usgs.gov/earthquakes/eventpage/usp000he2x",
        "detail": "https://earthquake.usgs.gov/fdsnws/event/1/query?eventid=usp000he2x&format=geojson",
        "felt": null,
        "cdi": null,
        "mmi": null,
        "alert": null,
        "status": "reviewed",
        "tsunami": 0,
        "sig": 385,
        "net": "us",
        "code": "p000he2x",
        "ids": ",gcmtc201006152324a,usp000he2x,gcmt20100615232427,iscgem14772594,",
        "sources": ",gcmt,us,gcmt,iscgem,",
        "types": ",focal-mechanism,impact-text,moment-tensor,origin,phase-data,",
        "nst": 83,
        "dmin": null,
        "rms": 1.01,
        "gap": 71.7,
        "magType": "mwc",
        "type": "earthquake",
        "title": "M 5.0 - Nicobar Islands, India region"
      },
      "geometry": {
        "type": "Point",
        "coordinates": [
          91.823,
          7.404,
          35
        ]
      },
      "id": "usp000he2x"
    },
    {
      "type": "Feature",
      "properties": {
        "mag": 5.2,
        "place": "Nicobar Islands, India region",
        "time": 1276412735620,
        "updated": 1766416691916,
        "tz": null,
        "url": "https://earthquake.usgs.gov/earthquakes/eventpage/usp000hdxd",
        "detail": "https://earthquake.usgs.gov/fdsnws/event/1/query?eventid=usp000hdxd&format=geojson",
        "felt": null,
        "cdi": null,
        "mmi": null,
        "alert": null,
        "status": "reviewed",
        "tsunami": 0,
        "sig": 416,
        "net": "us",
        "code": "p000hdxd",
        "ids": ",gcmtc201006130705a,usp000hdxd,gcmt20100613070535,iscgem14770391,",
        "sources": ",gcmt,us,gcmt,iscgem,",
        "types": ",focal-mechanism,impact-text,moment-tensor,origin,phase-data,",
        "nst": 135,
        "dmin": null,
        "rms": 0.96,
        "gap": 44.9,
        "magType": "mwc",
        "type": "earthquake",
        "title": "M 5.2 - Nicobar Islands, India region"
      },
      "geometry": {
        "type": "Point",
        "coordinates": [
          91.895,
          7.794,
          27.7
        ]
      },
      "id": "usp000hdxd"
    },
    {
      "type": "Feature",
      "properties": {
        "mag": 5.2,
        "place": "Nicobar Islands, India region",
        "time": 1276410364790,
        "updated": 1766418451809,
        "tz": null,
        "url": "https://earthquake.usgs.gov/earthquakes/eventpage/usp000hdxb",
        "detail": "https://earthquake.usgs.gov/fdsnws/event/1/query?eventid=usp000hdxb&format=geojson",
        "felt": null,
        "cdi": null,
        "mmi": null,
        "alert": null,
        "status": "reviewed",
        "tsunami": 0,
        "sig": 416,
        "net": "us",
        "code": "p000hdxb",
        "ids": ",gcmtc201006130626a,usp000hdxb,gcmt20100613062604,iscgem14770388,",
        "sources": ",gcmt,us,gcmt,iscgem,",
        "types": ",focal-mechanism,impact-text,moment-tensor,origin,phase-data,",
        "nst": 124,
        "dmin": null,
        "rms": 0.94,
        "gap": 45.9,
        "magType": "mwc",
        "type": "earthquake",
        "title": "M 5.2 - Nicobar Islands, India region"
      },
      "geometry": {
        "type": "Point",
        "coordinates": [
          91.992,
          7.779,
          35
        ]
      },
      "id": "usp000hdxb"
    },
    {
      "type": "Feature",
      "properties": {
        "mag": 5,
        "place": "Nicobar Islands, India region",
        "time": 1276401667680,
        "updated": 1415324500696,
        "tz": null,
        "url": "https://earthquake.usgs.gov/earthquakes/eventpage/usp000hdx5",
        "detail": "https://earthquake.usgs.gov/fdsnws/event/1/query?eventid=usp000hdx5&format=geojson",
        "felt": null,
        "cdi": null,
        "mmi": null,
        "alert": null,
        "status": "reviewed",
        "tsunami": 0,
        "sig": 385,
        "net": "us",
        "code": "p000hdx5",
        "ids": ",usp000hdx5,",
        "sources": ",us,",
        "types": ",impact-text,origin,phase-data,",
        "nst": 149,
        "dmin": null,
        "rms": 0.76,
        "gap": 105,
        "magType": "mb",
        "type": "earthquake",
        "title": "M 5.0 - Nicobar Islands, India region"
      },
      "geometry": {
        "type": "Point",
        "coordinates": [
          92.09,
          7.86,
          37.3
        ]
      },
      "id": "usp000hdx5"
    },
    {
      "type": "Feature",
      "properties": {
        "mag": 5.2,
        "place": "Nicobar Islands, India region",
        "time": 1276382682140,
        "updated": 1651530164869,
        "tz": null,
        "url": "https://earthquake.usgs.gov/earthquakes/eventpage/usp000hdwm",
        "detail": "https://earthquake.usgs.gov/fdsnws/event/1/query?eventid=usp000hdwm&format=geojson",
        "felt": null,
        "cdi": null,
        "mmi": null,
        "alert": null,
        "status": "reviewed",
        "tsunami": 0,
        "sig": 416,
        "net": "us",
        "code": "p000hdwm",
        "ids": ",usp000hdwm,iscgem15262131,",
        "sources": ",us,iscgem,",
        "types": ",impact-text,origin,phase-data,",
        "nst": 183,
        "dmin": null,
        "rms": 0.88,
        "gap": 42.9,
        "magType": "mb",
        "type": "earthquake",
        "title": "M 5.2 - Nicobar Islands, India region"
      },
      "geometry": {
        "type": "Point",
        "coordinates": [
          91.967,
          7.674,
          35
        ]
      },
      "id": "usp000hdwm"
    },
    {
      "type": "Feature",
      "properties": {
        "mag": 7.5,
        "place": "Nicobar Islands, India region",
        "time": 1276370810460,
        "updated": 1657985095383,
        "tz": null,
        "url": "https://earthquake.usgs.gov/earthquakes/eventpage/usp000hdwb",
        "detail": "https://earthquake.usgs.gov/fdsnws/event/1/query?eventid=usp000hdwb&format=geojson",
        "felt": 480,
        "cdi": 5.8,
        "mmi": 4.984,
        "alert": null,
        "status": "reviewed",
        "tsunami": 0,
        "sig": 1144,
        "net": "us",
        "code": "p000hdwb",
        "ids": ",us2010xkbv,usp000hdwb,choy20100612192650,gcmtc201006121926a,duputel201006121926a,gcmt20100612192650,iscgem600181652,atlas20100612192650,",
        "sources": ",us,us,choy,gcmt,duputel,gcmt,iscgem,atlas,",
        "types": ",associate,dyfi,finite-fault,focal-mechanism,general-text,impact-text,moment-tensor,origin,phase-data,poster,shakemap,trump-shakemap,",
        "nst": 514,
        "dmin": null,
        "rms": 1.1,
        "gap": 18.6,
        "magType": "mwc",
        "type": "earthquake",
        "title": "M 7.5 - Nicobar Islands, India region"
      },
      "geometry": {
        "type": "Point",
        "coordinates": [
          91.936,
          7.881,
          35
        ]
      },
      "id": "usp000hdwb"
    },
    {
      "type": "Feature",
      "properties": {
        "mag": 5.1,
        "place": "29 km ESE of Farkh?r, Afghanistan",
        "time": 1275652181580,
        "updated": 1766418440246,
        "tz": null,
        "url": "https://earthquake.usgs.gov/earthquakes/eventpage/usp000hdk1",
        "detail": "https://earthquake.usgs.gov/fdsnws/event/1/query?eventid=usp000hdk1&format=geojson",
        "felt": 4,
        "cdi": 2.8,
        "mmi": null,
        "alert": null,
        "status": "reviewed",
        "tsunami": 0,
        "sig": 401,
        "net": "us",
        "code": "p000hdk1",
        "ids": ",us2010xcar,usp000hdk1,gcmtc201006041149a,gcmt20100604114941,iscgem14739741,",
        "sources": ",us,us,gcmt,gcmt,iscgem,",
        "types": ",associate,dyfi,focal-mechanism,impact-text,moment-tensor,origin,phase-data,",
        "nst": 170,
        "dmin": null,
        "rms": 0.9,
        "gap": 22.9,
        "magType": "mwb",
        "type": "earthquake",
        "title": "M 5.1 - 29 km ESE of Farkh?r, Afghanistan"
      },
      "geometry": {
        "type": "Point",
        "coordinates": [
          70.17,
          36.501,
          220.6
        ]
      },
      "id": "usp000hdk1"
    },
    {
      "type": "Feature",
      "properties": {
        "mag": 5.1,
        "place": "261 km NNW of Qamdo, China",
        "time": 1275598025000,
        "updated": 1651528694635,
        "tz": null,
        "url": "https://earthquake.usgs.gov/earthquakes/eventpage/usp000hdj3",
        "detail": "https://earthquake.usgs.gov/fdsnws/event/1/query?eventid=usp000hdj3&format=geojson",
        "felt": null,
        "cdi": null,
        "mmi": null,
        "alert": null,
        "status": "reviewed",
        "tsunami": 0,
        "sig": 400,
        "net": "us",
        "code": "p000hdj3",
        "ids": ",gcmtc201006032047a,usp000hdj3,gcmt20100603204705,iscgem14739646,",
        "sources": ",gcmt,us,gcmt,iscgem,",
        "types": ",focal-mechanism,impact-text,moment-tensor,origin,phase-data,",
        "nst": 72,
        "dmin": null,
        "rms": 0.79,
        "gap": 81.3,
        "magType": "mwc",
        "type": "earthquake",
        "title": "M 5.1 - 261 km NNW of Qamdo, China"
      },
      "geometry": {
        "type": "Point",
        "coordinates": [
          96.087,
          33.3,
          10
        ]
      },
      "id": "usp000hdj3"
    },
    {
      "type": "Feature",
      "properties": {
        "mag": 5.5,
        "place": "263 km NNW of Qamdo, China",
        "time": 1275543344760,
        "updated": 1651528693554,
        "tz": null,
        "url": "https://earthquake.usgs.gov/earthquakes/eventpage/usp000hdh0",
        "detail": "https://earthquake.usgs.gov/fdsnws/event/1/query?eventid=usp000hdh0&format=geojson",
        "felt": null,
        "cdi": null,
        "mmi": 6.093,
        "alert": null,
        "status": "reviewed",
        "tsunami": 0,
        "sig": 465,
        "net": "us",
        "code": "p000hdh0",
        "ids": ",gcmtc201006030535a,usp000hdh0,gcmt20100603053544,atlas20100603053544,iscgem14738428,",
        "sources": ",gcmt,us,gcmt,atlas,iscgem,",
        "types": ",focal-mechanism,impact-text,moment-tensor,origin,phase-data,shakemap,",
        "nst": 147,
        "dmin": null,
        "rms": 0.98,
        "gap": 53.7,
        "magType": "mwc",
        "type": "earthquake",
        "title": "M 5.5 - 263 km NNW of Qamdo, China"
      },
      "geometry": {
        "type": "Point",
        "coordinates": [
          96.15,
          33.335,
          24.2
        ]
      },
      "id": "usp000hdh0"
    },
    {
      "type": "Feature",
      "properties": {
        "mag": 6.5,
        "place": "98 km SE of Port Blair, India",
        "time": 1275335505870,
        "updated": 1657982294176,
        "tz": null,
        "url": "https://earthquake.usgs.gov/earthquakes/eventpage/usp000hde8",
        "detail": "https://earthquake.usgs.gov/fdsnws/event/1/query?eventid=usp000hde8&format=geojson",
        "felt": 32,
        "cdi": 4.5,
        "mmi": null,
        "alert": null,
        "status": "reviewed",
        "tsunami": 0,
        "sig": 664,
        "net": "us",
        "code": "p000hde8",
        "ids": ",us2010wybl,usp000hde8,choy20100531195145,gcmtc201005311951a,gcmt20100531195155,iscgem600180745,",
        "sources": ",us,us,choy,gcmt,gcmt,iscgem,",
        "types": ",associate,dyfi,focal-mechanism,impact-text,moment-tensor,origin,phase-data,",
        "nst": 422,
        "dmin": null,
        "rms": 1.09,
        "gap": 19.2,
        "magType": "mwc",
        "type": "earthquake",
        "title": "M 6.5 - 98 km SE of Port Blair, India"
      },
      "geometry": {
        "type": "Point",
        "coordinates": [
          93.471,
          11.132,
          112
        ]
      },
      "id": "usp000hde8"
    },
    {
      "type": "Feature",
      "properties": {
        "mag": 5.8,
        "place": "248 km NNW of Qamdo, China",
        "time": 1275100188640,
        "updated": 1651531079008,
        "tz": null,
        "url": "https://earthquake.usgs.gov/earthquakes/eventpage/usp000hdaw",
        "detail": "https://earthquake.usgs.gov/fdsnws/event/1/query?eventid=usp000hdaw&format=geojson",
        "felt": null,
        "cdi": null,
        "mmi": 7.228,
        "alert": null,
        "status": "reviewed",
        "tsunami": 0,
        "sig": 518,
        "net": "us",
        "code": "p000hdaw",
        "ids": ",choy20100529022948,gcmtc201005290230a,usp000hdaw,gcmt20100529022948,atlas20100529022948,iscgem600180668,",
        "sources": ",choy,gcmt,us,gcmt,atlas,iscgem,",
        "types": ",focal-mechanism,impact-text,moment-tensor,origin,phase-data,shakemap,trump-shakemap,",
        "nst": 304,
        "dmin": null,
        "rms": 1.05,
        "gap": 25,
        "magType": "mwc",
        "type": "earthquake",
        "title": "M 5.8 - 248 km NNW of Qamdo, China"
      },
      "geometry": {
        "type": "Point",
        "coordinates": [
          96.07,
          33.165,
          7
        ]
      },
      "id": "usp000hdaw"
    },
    {
      "type": "Feature",
      "properties": {
        "mag": 5,
        "place": "10 km SE of Rohru, India",
        "time": 1275031502580,
        "updated": 1415324493663,
        "tz": null,
        "url": "https://earthquake.usgs.gov/earthquakes/eventpage/usp000hd9n",
        "detail": "https://earthquake.usgs.gov/fdsnws/event/1/query?eventid=usp000hd9n&format=geojson",
        "felt": null,
        "cdi": null,
        "mmi": null,
        "alert": null,
        "status": "reviewed",
        "tsunami": 0,
        "sig": 385,
        "net": "us",
        "code": "p000hd9n",
        "ids": ",usp000hd9n,",
        "sources": ",us,",
        "types": ",impact-text,origin,phase-data,",
        "nst": 106,
        "dmin": null,
        "rms": 0.74,
        "gap": 48.5,
        "magType": "mb",
        "type": "earthquake",
        "title": "M 5.0 - 10 km SE of Rohru, India"
      },
      "geometry": {
        "type": "Point",
        "coordinates": [
          77.839,
          31.135,
          18.8
        ]
      },
      "id": "usp000hd9n"
    },
    {
      "type": "Feature",
      "properties": {
        "mag": 5.3,
        "place": "Andaman Islands, India region",
        "time": 1274000146290,
        "updated": 1651528549622,
        "tz": null,
        "url": "https://earthquake.usgs.gov/earthquakes/eventpage/usp000hctw",
        "detail": "https://earthquake.usgs.gov/fdsnws/event/1/query?eventid=usp000hctw&format=geojson",
        "felt": null,
        "cdi": null,
        "mmi": null,
        "alert": null,
        "status": "reviewed",
        "tsunami": 0,
        "sig": 432,
        "net": "us",
        "code": "p000hctw",
        "ids": ",gcmtc201005160855a,usp000hctw,gcmt20100516085546,iscgem14704326,",
        "sources": ",gcmt,us,gcmt,iscgem,",
        "types": ",focal-mechanism,impact-text,moment-tensor,origin,phase-data,",
        "nst": 213,
        "dmin": null,
        "rms": 0.82,
        "gap": 31,
        "magType": "mwb",
        "type": "earthquake",
        "title": "M 5.3 - Andaman Islands, India region"
      },
      "geometry": {
        "type": "Point",
        "coordinates": [
          93.18,
          14.423,
          38.7
        ]
      },
      "id": "usp000hctw"
    },
    {
      "type": "Feature",
      "properties": {
        "mag": 5,
        "place": "21 km E of Karak, Pakistan",
        "time": 1273141746380,
        "updated": 1415324487318,
        "tz": null,
        "url": "https://earthquake.usgs.gov/earthquakes/eventpage/usp000hcdb",
        "detail": "https://earthquake.usgs.gov/fdsnws/event/1/query?eventid=usp000hcdb&format=geojson",
        "felt": null,
        "cdi": null,
        "mmi": null,
        "alert": null,
        "status": "reviewed",
        "tsunami": 0,
        "sig": 385,
        "net": "us",
        "code": "p000hcdb",
        "ids": ",usp000hcdb,",
        "sources": ",us,",
        "types": ",impact-text,origin,phase-data,",
        "nst": 69,
        "dmin": null,
        "rms": 0.75,
        "gap": 129.1,
        "magType": "mb",
        "type": "earthquake",
        "title": "M 5.0 - 21 km E of Karak, Pakistan"
      },
      "geometry": {
        "type": "Point",
        "coordinates": [
          71.328,
          33.108,
          50.6
        ]
      },
      "id": "usp000hcdb"
    },
    {
      "type": "Feature",
      "properties": {
        "mag": 5,
        "place": "212 km N of Bamboo Flat, India",
        "time": 1272748736580,
        "updated": 1415324484813,
        "tz": null,
        "url": "https://earthquake.usgs.gov/earthquakes/eventpage/usp000hc65",
        "detail": "https://earthquake.usgs.gov/fdsnws/event/1/query?eventid=usp000hc65&format=geojson",
        "felt": null,
        "cdi": null,
        "mmi": null,
        "alert": null,
        "status": "reviewed",
        "tsunami": 0,
        "sig": 385,
        "net": "us",
        "code": "p000hc65",
        "ids": ",usp000hc65,",
        "sources": ",us,",
        "types": ",impact-text,origin,phase-data,",
        "nst": 162,
        "dmin": null,
        "rms": 0.8,
        "gap": 53.2,
        "magType": "mb",
        "type": "earthquake",
        "title": "M 5.0 - 212 km N of Bamboo Flat, India"
      },
      "geometry": {
        "type": "Point",
        "coordinates": [
          92.777,
          13.624,
          35.8
        ]
      },
      "id": "usp000hc65"
    },
    {
      "type": "Feature",
      "properties": {
        "mag": 5.2,
        "place": "87 km SSE of Sittwe, Myanmar",
        "time": 1272477681250,
        "updated": 1651528400135,
        "tz": null,
        "url": "https://earthquake.usgs.gov/earthquakes/eventpage/usp000hc1b",
        "detail": "https://earthquake.usgs.gov/fdsnws/event/1/query?eventid=usp000hc1b&format=geojson",
        "felt": null,
        "cdi": null,
        "mmi": null,
        "alert": null,
        "status": "reviewed",
        "tsunami": 0,
        "sig": 416,
        "net": "us",
        "code": "p000hc1b",
        "ids": ",gcmtc201004281801a,usp000hc1b,gcmt20100428180121,iscgem14625053,",
        "sources": ",gcmt,us,gcmt,iscgem,",
        "types": ",focal-mechanism,impact-text,moment-tensor,origin,phase-data,",
        "nst": 244,
        "dmin": null,
        "rms": 0.82,
        "gap": 18.6,
        "magType": "mwc",
        "type": "earthquake",
        "title": "M 5.2 - 87 km SSE of Sittwe, Myanmar"
      },
      "geometry": {
        "type": "Point",
        "coordinates": [
          93.163,
          19.392,
          35.9
        ]
      },
      "id": "usp000hc1b"
    },
    {
      "type": "Feature",
      "properties": {
        "mag": 5.3,
        "place": "136 km NNE of Nagqu, China",
        "time": 1271465938600,
        "updated": 1651528339254,
        "tz": null,
        "url": "https://earthquake.usgs.gov/earthquakes/eventpage/usp000hbh5",
        "detail": "https://earthquake.usgs.gov/fdsnws/event/1/query?eventid=usp000hbh5&format=geojson",
        "felt": null,
        "cdi": null,
        "mmi": null,
        "alert": null,
        "status": "reviewed",
        "tsunami": 0,
        "sig": 432,
        "net": "us",
        "code": "p000hbh5",
        "ids": ",gcmtc201004170059a,usp000hbh5,gcmt20100417005859,iscgem14579175,",
        "sources": ",gcmt,us,gcmt,iscgem,",
        "types": ",focal-mechanism,impact-text,moment-tensor,origin,phase-data,",
        "nst": 147,
        "dmin": null,
        "rms": 0.73,
        "gap": 40,
        "magType": "mwc",
        "type": "earthquake",
        "title": "M 5.3 - 136 km NNE of Nagqu, China"
      },
      "geometry": {
        "type": "Point",
        "coordinates": [
          92.826,
          32.514,
          35
        ]
      },
      "id": "usp000hbh5"
    },
    {
      "type": "Feature",
      "properties": {
        "mag": 5,
        "place": "221 km NNW of Qamdo, China",
        "time": 1271214946180,
        "updated": 1651528328383,
        "tz": null,
        "url": "https://earthquake.usgs.gov/earthquakes/eventpage/usp000hbc6",
        "detail": "https://earthquake.usgs.gov/fdsnws/event/1/query?eventid=usp000hbc6&format=geojson",
        "felt": null,
        "cdi": null,
        "mmi": null,
        "alert": null,
        "status": "reviewed",
        "tsunami": 0,
        "sig": 385,
        "net": "us",
        "code": "p000hbc6",
        "ids": ",usp000hbc6,iscgem14573606,",
        "sources": ",us,iscgem,",
        "types": ",impact-text,origin,phase-data,",
        "nst": 94,
        "dmin": null,
        "rms": 0.67,
        "gap": 79.9,
        "magType": "mb",
        "type": "earthquake",
        "title": "M 5.0 - 221 km NNW of Qamdo, China"
      },
      "geometry": {
        "type": "Point",
        "coordinates": [
          96.617,
          33.071,
          10
        ]
      },
      "id": "usp000hbc6"
    },
    {
      "type": "Feature",
      "properties": {
        "mag": 6.1,
        "place": "239 km NNW of Qamdo, China",
        "time": 1271208315580,
        "updated": 1651528325787,
        "tz": null,
        "url": "https://earthquake.usgs.gov/earthquakes/eventpage/usp000hbc2",
        "detail": "https://earthquake.usgs.gov/fdsnws/event/1/query?eventid=usp000hbc2&format=geojson",
        "felt": null,
        "cdi": null,
        "mmi": 7.495,
        "alert": null,
        "status": "reviewed",
        "tsunami": 0,
        "sig": 572,
        "net": "us",
        "code": "p000hbc2",
        "ids": ",gcmtc201004140125a,usp000hbc2,gcmt20100414012515,atlas20100414012515,iscgem14573100,",
        "sources": ",gcmt,us,gcmt,atlas,iscgem,",
        "types": ",focal-mechanism,impact-text,moment-tensor,origin,phase-data,shakemap,trump-shakemap,",
        "nst": 251,
        "dmin": null,
        "rms": 0.87,
        "gap": 41.4,
        "magType": "mwc",
        "type": "earthquake",
        "title": "M 6.1 - 239 km NNW of Qamdo, China"
      },
      "geometry": {
        "type": "Point",
        "coordinates": [
          96.449,
          33.195,
          7.6
        ]
      },
      "id": "usp000hbc2"
    },
    {
      "type": "Feature",
      "properties": {
        "mag": 5.2,
        "place": "229 km NNW of Qamdo, China",
        "time": 1271203944100,
        "updated": 1651528323138,
        "tz": null,
        "url": "https://earthquake.usgs.gov/earthquakes/eventpage/usp000hbbw",
        "detail": "https://earthquake.usgs.gov/fdsnws/event/1/query?eventid=usp000hbbw&format=geojson",
        "felt": null,
        "cdi": null,
        "mmi": null,
        "alert": null,
        "status": "reviewed",
        "tsunami": 0,
        "sig": 416,
        "net": "us",
        "code": "p000hbbw",
        "ids": ",usp000hbbw,iscgem14573097,",
        "sources": ",us,iscgem,",
        "types": ",impact-text,origin,phase-data,",
        "nst": 150,
        "dmin": null,
        "rms": 1.02,
        "gap": 67.8,
        "magType": "mb",
        "type": "earthquake",
        "title": "M 5.2 - 229 km NNW of Qamdo, China"
      },
      "geometry": {
        "type": "Point",
        "coordinates": [
          96.546,
          33.126,
          10
        ]
      },
      "id": "usp000hbbw"
    },
    {
      "type": "Feature",
      "properties": {
        "mag": 5.4,
        "place": "201 km N of Qamdo, China",
        "time": 1271203277560,
        "updated": 1651528324429,
        "tz": null,
        "url": "https://earthquake.usgs.gov/earthquakes/eventpage/usp000hbbu",
        "detail": "https://earthquake.usgs.gov/fdsnws/event/1/query?eventid=usp000hbbu&format=geojson",
        "felt": null,
        "cdi": null,
        "mmi": null,
        "alert": null,
        "status": "reviewed",
        "tsunami": 0,
        "sig": 449,
        "net": "us",
        "code": "p000hbbu",
        "ids": ",usp000hbbu,iscgem14573098,",
        "sources": ",us,iscgem,",
        "types": ",impact-text,origin,phase-data,",
        "nst": 133,
        "dmin": null,
        "rms": 0.91,
        "gap": 41.9,
        "magType": "mb",
        "type": "earthquake",
        "title": "M 5.4 - 201 km N of Qamdo, China"
      },
      "geometry": {
        "type": "Point",
        "coordinates": [
          96.86,
          32.925,
          22.8
        ]
      },
      "id": "usp000hbbu"
    },
    {
      "type": "Feature",
      "properties": {
        "mag": 6.9,
        "place": "233 km NNW of Qamdo, China",
        "time": 1271202578330,
        "updated": 1657968059551,
        "tz": null,
        "url": "https://earthquake.usgs.gov/earthquakes/eventpage/usp000hbbt",
        "detail": "https://earthquake.usgs.gov/fdsnws/event/1/query?eventid=usp000hbbt&format=geojson",
        "felt": 71,
        "cdi": 5.7,
        "mmi": 8.671,
        "alert": null,
        "status": "reviewed",
        "tsunami": 0,
        "sig": 773,
        "net": "us",
        "code": "p000hbbt",
        "ids": ",us2010vacp,usp000hbbt,choy20100413234938,gcmtc201004132349a,duputel201004132349a,gcmt20100413234938,atlas20100413234938,iscgem14573075,",
        "sources": ",us,us,choy,gcmt,duputel,gcmt,atlas,iscgem,",
        "types": ",associate,dyfi,focal-mechanism,general-text,impact-text,moment-tensor,origin,phase-data,poster,shakemap,trump-shakemap,",
        "nst": 410,
        "dmin": null,
        "rms": 1.25,
        "gap": 14.9,
        "magType": "mwc",
        "type": "earthquake",
        "title": "M 6.9 - 233 km NNW of Qamdo, China"
      },
      "geometry": {
        "type": "Point",
        "coordinates": [
          96.548,
          33.165,
          17
        ]
      },
      "id": "usp000hbbt"
    },
    {
      "type": "Feature",
      "properties": {
        "mag": 5.2,
        "place": "Nicobar Islands, India region",
        "time": 1271189696830,
        "updated": 1766418378967,
        "tz": null,
        "url": "https://earthquake.usgs.gov/earthquakes/eventpage/usp000hbb9",
        "detail": "https://earthquake.usgs.gov/fdsnws/event/1/query?eventid=usp000hbb9&format=geojson",
        "felt": null,
        "cdi": null,
        "mmi": null,
        "alert": null,
        "status": "reviewed",
        "tsunami": 0,
        "sig": 416,
        "net": "us",
        "code": "p000hbb9",
        "ids": ",gcmtc201004132014a,usp000hbb9,gcmt20100413201457,iscgem14573092,",
        "sources": ",gcmt,us,gcmt,iscgem,",
        "types": ",focal-mechanism,impact-text,moment-tensor,origin,phase-data,",
        "nst": 148,
        "dmin": null,
        "rms": 0.78,
        "gap": 58.9,
        "magType": "mwc",
        "type": "earthquake",
        "title": "M 5.2 - Nicobar Islands, India region"
      },
      "geometry": {
        "type": "Point",
        "coordinates": [
          91.843,
          7.805,
          21.1
        ]
      },
      "id": "usp000hbb9"
    },
    {
      "type": "Feature",
      "properties": {
        "mag": 5,
        "place": "21 km N of Barkhan, Pakistan",
        "time": 1270130850890,
        "updated": 1657963611539,
        "tz": null,
        "url": "https://earthquake.usgs.gov/earthquakes/eventpage/usp000ha70",
        "detail": "https://earthquake.usgs.gov/fdsnws/event/1/query?eventid=usp000ha70&format=geojson",
        "felt": 5,
        "cdi": 2.7,
        "mmi": null,
        "alert": null,
        "status": "reviewed",
        "tsunami": 0,
        "sig": 386,
        "net": "us",
        "code": "p000ha70",
        "ids": ",usp000ha70,us2010unaq,",
        "sources": ",us,us,",
        "types": ",associate,dyfi,impact-text,origin,phase-data,",
        "nst": 100,
        "dmin": null,
        "rms": 0.8,
        "gap": 40.3,
        "magType": "mb",
        "type": "earthquake",
        "title": "M 5.0 - 21 km N of Barkhan, Pakistan"
      },
      "geometry": {
        "type": "Point",
        "coordinates": [
          69.541,
          30.088,
          35
        ]
      },
      "id": "usp000ha70"
    },
    {
      "type": "Feature",
      "properties": {
        "mag": 6.6,
        "place": "217 km N of Bamboo Flat, India",
        "time": 1269968086730,
        "updated": 1657963100862,
        "tz": null,
        "url": "https://earthquake.usgs.gov/earthquakes/eventpage/usp000ha59",
        "detail": "https://earthquake.usgs.gov/fdsnws/event/1/query?eventid=usp000ha59&format=geojson",
        "felt": 58,
        "cdi": 5.3,
        "mmi": 6.313,
        "alert": null,
        "status": "reviewed",
        "tsunami": 0,
        "sig": 701,
        "net": "us",
        "code": "p000ha59",
        "ids": ",us2010ula2,usp000ha59,choy20100330165446,gcmtc201003301654a,duputel201003301654a,gcmt20100330165446,iscgem600179530,atlas20100330165446,",
        "sources": ",us,us,choy,gcmt,duputel,gcmt,iscgem,atlas,",
        "types": ",associate,dyfi,focal-mechanism,impact-text,moment-tensor,origin,phase-data,shakemap,",
        "nst": 413,
        "dmin": null,
        "rms": 0.86,
        "gap": 16.7,
        "magType": "mwc",
        "type": "earthquake",
        "title": "M 6.6 - 217 km N of Bamboo Flat, India"
      },
      "geometry": {
        "type": "Point",
        "coordinates": [
          92.831,
          13.667,
          34
        ]
      },
      "id": "usp000ha59"
    },
    {
      "type": "Feature",
      "properties": {
        "mag": 5.4,
        "place": "136 km NNE of Nagqu, China",
        "time": 1269398691770,
        "updated": 1651528152169,
        "tz": null,
        "url": "https://earthquake.usgs.gov/earthquakes/eventpage/usp000h9x8",
        "detail": "https://earthquake.usgs.gov/fdsnws/event/1/query?eventid=usp000h9x8&format=geojson",
        "felt": null,
        "cdi": null,
        "mmi": null,
        "alert": null,
        "status": "reviewed",
        "tsunami": 0,
        "sig": 449,
        "net": "us",
        "code": "p000h9x8",
        "ids": ",gcmtc201003240244a,usp000h9x8,gcmt20100324024450,iscgem14420325,",
        "sources": ",gcmt,us,gcmt,iscgem,",
        "types": ",focal-mechanism,impact-text,moment-tensor,origin,phase-data,",
        "nst": 230,
        "dmin": null,
        "rms": 0.97,
        "gap": 24.1,
        "magType": "mwc",
        "type": "earthquake",
        "title": "M 5.4 - 136 km NNE of Nagqu, China"
      },
      "geometry": {
        "type": "Point",
        "coordinates": [
          92.826,
          32.516,
          19.7
        ]
      },
      "id": "usp000h9x8"
    },
    {
      "type": "Feature",
      "properties": {
        "mag": 5.7,
        "place": "129 km NNE of Nagqu, China",
        "time": 1269396370630,
        "updated": 1651528146088,
        "tz": null,
        "url": "https://earthquake.usgs.gov/earthquakes/eventpage/usp000h9x3",
        "detail": "https://earthquake.usgs.gov/fdsnws/event/1/query?eventid=usp000h9x3&format=geojson",
        "felt": null,
        "cdi": null,
        "mmi": 7.032,
        "alert": null,
        "status": "reviewed",
        "tsunami": 0,
        "sig": 500,
        "net": "us",
        "code": "p000h9x3",
        "ids": ",choy20100324020610,gcmtc201003240206a,usp000h9x3,gcmt20100324020610,atlas20100324020610,iscgem14420322,",
        "sources": ",choy,gcmt,us,gcmt,atlas,iscgem,",
        "types": ",focal-mechanism,impact-text,moment-tensor,origin,phase-data,shakemap,trump-shakemap,",
        "nst": 263,
        "dmin": null,
        "rms": 0.98,
        "gap": 31.1,
        "magType": "mwc",
        "type": "earthquake",
        "title": "M 5.7 - 129 km NNE of Nagqu, China"
      },
      "geometry": {
        "type": "Point",
        "coordinates": [
          92.708,
          32.509,
          7
        ]
      },
      "id": "usp000h9x3"
    },
    {
      "type": "Feature",
      "properties": {
        "mag": 5,
        "place": "97 km SE of Murghob, Tajikistan",
        "time": 1269359485400,
        "updated": 1651528133543,
        "tz": null,
        "url": "https://earthquake.usgs.gov/earthquakes/eventpage/usp000h9wq",
        "detail": "https://earthquake.usgs.gov/fdsnws/event/1/query?eventid=usp000h9wq&format=geojson",
        "felt": null,
        "cdi": null,
        "mmi": null,
        "alert": null,
        "status": "reviewed",
        "tsunami": 0,
        "sig": 385,
        "net": "us",
        "code": "p000h9wq",
        "ids": ",gcmtc201003231551a,usp000h9wq,gcmt20100323155125,iscgem14418770,",
        "sources": ",gcmt,us,gcmt,iscgem,",
        "types": ",focal-mechanism,impact-text,moment-tensor,origin,phase-data,",
        "nst": 79,
        "dmin": null,
        "rms": 1.01,
        "gap": 56.5,
        "magType": "mwc",
        "type": "earthquake",
        "title": "M 5.0 - 97 km SE of Murghob, Tajikistan"
      },
      "geometry": {
        "type": "Point",
        "coordinates": [
          74.618,
          37.463,
          49.4
        ]
      },
      "id": "usp000h9wq"
    },
    {
      "type": "Feature",
      "properties": {
        "mag": 5.1,
        "place": "95 km SE of Murghob, Tajikistan",
        "time": 1269356528030,
        "updated": 1651528130631,
        "tz": null,
        "url": "https://earthquake.usgs.gov/earthquakes/eventpage/usp000h9wn",
        "detail": "https://earthquake.usgs.gov/fdsnws/event/1/query?eventid=usp000h9wn&format=geojson",
        "felt": null,
        "cdi": null,
        "mmi": null,
        "alert": null,
        "status": "reviewed",
        "tsunami": 0,
        "sig": 400,
        "net": "us",
        "code": "p000h9wn",
        "ids": ",gcmtc201003231502a,usp000h9wn,gcmt20100323150208,iscgem14418768,",
        "sources": ",gcmt,us,gcmt,iscgem,",
        "types": ",focal-mechanism,impact-text,moment-tensor,origin,phase-data,",
        "nst": 95,
        "dmin": null,
        "rms": 0.88,
        "gap": 56.5,
        "magType": "mwc",
        "type": "earthquake",
        "title": "M 5.1 - 95 km SE of Murghob, Tajikistan"
      },
      "geometry": {
        "type": "Point",
        "coordinates": [
          74.63,
          37.487,
          50.1
        ]
      },
      "id": "usp000h9wn"
    },
    {
      "type": "Feature",
      "properties": {
        "mag": 5,
        "place": "western Xizang",
        "time": 1268898749110,
        "updated": 1651530942010,
        "tz": null,
        "url": "https://earthquake.usgs.gov/earthquakes/eventpage/usp000h9mb",
        "detail": "https://earthquake.usgs.gov/fdsnws/event/1/query?eventid=usp000h9mb&format=geojson",
        "felt": null,
        "cdi": null,
        "mmi": null,
        "alert": null,
        "status": "reviewed",
        "tsunami": 0,
        "sig": 385,
        "net": "us",
        "code": "p000h9mb",
        "ids": ",usp000h9mb,iscgem17152448,",
        "sources": ",us,iscgem,",
        "types": ",impact-text,origin,phase-data,",
        "nst": 103,
        "dmin": null,
        "rms": 0.79,
        "gap": 66.6,
        "magType": "mb",
        "type": "earthquake",
        "title": "M 5.0 - western Xizang"
      },
      "geometry": {
        "type": "Point",
        "coordinates": [
          81.759,
          34.334,
          37.2
        ]
      },
      "id": "usp000h9mb"
    },
    {
      "type": "Feature",
      "properties": {
        "mag": 5.2,
        "place": "70 km SSE of Gilgit, Pakistan",
        "time": 1268593745600,
        "updated": 1651528037053,
        "tz": null,
        "url": "https://earthquake.usgs.gov/earthquakes/eventpage/usp000h9da",
        "detail": "https://earthquake.usgs.gov/fdsnws/event/1/query?eventid=usp000h9da&format=geojson",
        "felt": null,
        "cdi": null,
        "mmi": null,
        "alert": null,
        "status": "reviewed",
        "tsunami": 0,
        "sig": 416,
        "net": "us",
        "code": "p000h9da",
        "ids": ",usp000h9da,iscgem14406632,",
        "sources": ",us,iscgem,",
        "types": ",impact-text,origin,phase-data,",
        "nst": 108,
        "dmin": null,
        "rms": 0.98,
        "gap": 42.9,
        "magType": "mb",
        "type": "earthquake",
        "title": "M 5.2 - 70 km SSE of Gilgit, Pakistan"
      },
      "geometry": {
        "type": "Point",
        "coordinates": [
          74.498,
          35.303,
          43.6
        ]
      },
      "id": "usp000h9da"
    },
    {
      "type": "Feature",
      "properties": {
        "mag": 5.5,
        "place": "68 km SSE of Mawlaik, Myanmar",
        "time": 1268435995160,
        "updated": 1657954978672,
        "tz": null,
        "url": "https://earthquake.usgs.gov/earthquakes/eventpage/usp000h99d",
        "detail": "https://earthquake.usgs.gov/fdsnws/event/1/query?eventid=usp000h99d&format=geojson",
        "felt": 30,
        "cdi": 4.8,
        "mmi": 4.028,
        "alert": null,
        "status": "reviewed",
        "tsunami": 0,
        "sig": 480,
        "net": "us",
        "code": "p000h99d",
        "ids": ",us2010ttci,usp000h99d,gcmtc201003122319a,gcmt20100312231955,iscgem14405380,",
        "sources": ",us,us,gcmt,gcmt,iscgem,",
        "types": ",associate,dyfi,focal-mechanism,impact-text,moment-tensor,origin,phase-data,shakemap,",
        "nst": 316,
        "dmin": null,
        "rms": 0.89,
        "gap": 20.2,
        "magType": "mwb",
        "type": "earthquake",
        "title": "M 5.5 - 68 km SSE of Mawlaik, Myanmar"
      },
      "geometry": {
        "type": "Point",
        "coordinates": [
          94.623,
          23.062,
          102.1
        ]
      },
      "id": "usp000h99d"
    },
    {
      "type": "Feature",
      "properties": {
        "mag": 5.1,
        "place": "Xinjiang-Xizang border region",
        "time": 1268231541770,
        "updated": 1651527887005,
        "tz": null,
        "url": "https://earthquake.usgs.gov/earthquakes/eventpage/usp000h931",
        "detail": "https://earthquake.usgs.gov/fdsnws/event/1/query?eventid=usp000h931&format=geojson",
        "felt": null,
        "cdi": null,
        "mmi": null,
        "alert": null,
        "status": "reviewed",
        "tsunami": 0,
        "sig": 400,
        "net": "us",
        "code": "p000h931",
        "ids": ",gcmtc201003101432a,usp000h931,gcmt20100310143221,iscgem14400303,",
        "sources": ",gcmt,us,gcmt,iscgem,",
        "types": ",focal-mechanism,impact-text,moment-tensor,origin,phase-data,",
        "nst": 60,
        "dmin": null,
        "rms": 0.86,
        "gap": 91.3,
        "magType": "mwc",
        "type": "earthquake",
        "title": "M 5.1 - Xinjiang-Xizang border region"
      },
      "geometry": {
        "type": "Point",
        "coordinates": [
          86.966,
          36.426,
          10
        ]
      },
      "id": "usp000h931"
    },
    {
      "type": "Feature",
      "properties": {
        "mag": 5.7,
        "place": "72 km SSE of Farkh?r, Afghanistan",
        "time": 1267312872550,
        "updated": 1657942462492,
        "tz": null,
        "url": "https://earthquake.usgs.gov/earthquakes/eventpage/usp000h81x",
        "detail": "https://earthquake.usgs.gov/fdsnws/event/1/query?eventid=usp000h81x&format=geojson",
        "felt": 142,
        "cdi": 4.6,
        "mmi": 4.064,
        "alert": null,
        "status": "reviewed",
        "tsunami": 0,
        "sig": 565,
        "net": "us",
        "code": "p000h81x",
        "ids": ",usp000h81x,us2010tfff,gcmtc201002272321a,gcmt20100227232114,iscgem14342119,",
        "sources": ",us,us,gcmt,gcmt,iscgem,",
        "types": ",associate,dyfi,focal-mechanism,impact-text,moment-tensor,origin,phase-data,shakemap,",
        "nst": 289,
        "dmin": null,
        "rms": 0.89,
        "gap": 21.4,
        "magType": "mwc",
        "type": "earthquake",
        "title": "M 5.7 - 72 km SSE of Farkh?r, Afghanistan"
      },
      "geometry": {
        "type": "Point",
        "coordinates": [
          70.074,
          35.94,
          99.7
        ]
      },
      "id": "usp000h81x"
    },
    {
      "type": "Feature",
      "properties": {
        "mag": 5.1,
        "place": "58 km N of Lobujya, Nepal",
        "time": 1267159359350,
        "updated": 1766418289767,
        "tz": null,
        "url": "https://earthquake.usgs.gov/earthquakes/eventpage/usp000h7q0",
        "detail": "https://earthquake.usgs.gov/fdsnws/event/1/query?eventid=usp000h7q0&format=geojson",
        "felt": 39,
        "cdi": 4.6,
        "mmi": null,
        "alert": null,
        "status": "reviewed",
        "tsunami": 0,
        "sig": 418,
        "net": "us",
        "code": "p000h7q0",
        "ids": ",us2010teap,usp000h7q0,gcmtc201002260442a,gcmt20100226044229,iscgem14335107,",
        "sources": ",us,us,gcmt,gcmt,iscgem,",
        "types": ",associate,dyfi,focal-mechanism,impact-text,moment-tensor,origin,phase-data,",
        "nst": 209,
        "dmin": null,
        "rms": 0.79,
        "gap": 29.6,
        "magType": "mwc",
        "type": "earthquake",
        "title": "M 5.1 - 58 km N of Lobujya, Nepal"
      },
      "geometry": {
        "type": "Point",
        "coordinates": [
          86.745,
          28.474,
          89.1
        ]
      },
      "id": "usp000h7q0"
    },
    {
      "type": "Feature",
      "properties": {
        "mag": 5,
        "place": "21 km WNW of Ashk?sham, Afghanistan",
        "time": 1264887462470,
        "updated": 1415324435407,
        "tz": null,
        "url": "https://earthquake.usgs.gov/earthquakes/eventpage/usp000h6t1",
        "detail": "https://earthquake.usgs.gov/fdsnws/event/1/query?eventid=usp000h6t1&format=geojson",
        "felt": null,
        "cdi": null,
        "mmi": null,
        "alert": null,
        "status": "reviewed",
        "tsunami": 0,
        "sig": 385,
        "net": "us",
        "code": "p000h6t1",
        "ids": ",usp000h6t1,",
        "sources": ",us,",
        "types": ",impact-text,origin,phase-data,",
        "nst": 106,
        "dmin": null,
        "rms": 0.98,
        "gap": 60.6,
        "magType": "mb",
        "type": "earthquake",
        "title": "M 5.0 - 21 km WNW of Ashk?sham, Afghanistan"
      },
      "geometry": {
        "type": "Point",
        "coordinates": [
          71.309,
          36.758,
          93
        ]
      },
      "id": "usp000h6t1"
    },
    {
      "type": "Feature",
      "properties": {
        "mag": 5.1,
        "place": "18 km SSW of Ashk?sham, Afghanistan",
        "time": 1264262862900,
        "updated": 1657934040937,
        "tz": null,
        "url": "https://earthquake.usgs.gov/earthquakes/eventpage/usp000h6hj",
        "detail": "https://earthquake.usgs.gov/fdsnws/event/1/query?eventid=usp000h6hj&format=geojson",
        "felt": 6,
        "cdi": 3.1,
        "mmi": null,
        "alert": null,
        "status": "reviewed",
        "tsunami": 0,
        "sig": 402,
        "net": "us",
        "code": "p000h6hj",
        "ids": ",usp000h6hj,us2010rvbn,",
        "sources": ",us,us,",
        "types": ",associate,dyfi,impact-text,origin,phase-data,",
        "nst": 142,
        "dmin": null,
        "rms": 0.99,
        "gap": 43.9,
        "magType": "mb",
        "type": "earthquake",
        "title": "M 5.1 - 18 km SSW of Ashk?sham, Afghanistan"
      },
      "geometry": {
        "type": "Point",
        "coordinates": [
          71.481,
          36.525,
          93.4
        ]
      },
      "id": "usp000h6hj"
    },
    {
      "type": "Feature",
      "properties": {
        "mag": 5.2,
        "place": "201 km NW of Saga, China",
        "time": 1262312543820,
        "updated": 1651527114774,
        "tz": null,
        "url": "https://earthquake.usgs.gov/earthquakes/eventpage/usp000h5jr",
        "detail": "https://earthquake.usgs.gov/fdsnws/event/1/query?eventid=usp000h5jr&format=geojson",
        "felt": null,
        "cdi": null,
        "mmi": null,
        "alert": null,
        "status": "reviewed",
        "tsunami": 0,
        "sig": 416,
        "net": "us",
        "code": "p000h5jr",
        "ids": ",gcmtc201001010222a,usp000h5jr,gcmt20100101022223,iscgem14212626,",
        "sources": ",gcmt,us,gcmt,iscgem,",
        "types": ",focal-mechanism,impact-text,moment-tensor,origin,phase-data,",
        "nst": 84,
        "dmin": null,
        "rms": 1.09,
        "gap": 78.6,
        "magType": "mwc",
        "type": "earthquake",
        "title": "M 5.2 - 201 km NW of Saga, China"
      },
      "geometry": {
        "type": "Point",
        "coordinates": [
          83.791,
          30.646,
          10
        ]
      },
      "id": "usp000h5jr"
    }
  ],
  "bbox": [
    68.301,
    6.0011,
    2.4,
    97.957,
    37.8597,
    400.57
  ]
}